Name,Price,Images,Hign-concerned Chemical,Material,Origin,frying pan,cookware accessories,wok stir-fry pan,wok pan for gas stove,kitchen wok,Honeycomb Wok,No-stick Pan,Household Wok,Cooking Pot No Coating Wok,Restaurant Frying Pan,Certification,feature1,feature2,feature3,feature4,feature5,feature6,feature7,feature8,feature9,feature10,Applicable Stove,Feature,Pot Cover Type,Wok type,Metal Type,Type,Applicable stove,Features,Depth,Lid type,Weight,Style,Model Number,MainKey1,MainKey2,MainKey3,MainKey4,MainKey5,MainKey6,Brand Name,feature11,feature12,Product category,characteristic,Specifications,Pot cover type,Product Category,material,feature,Pot bottom material,Packaging,style,Coating spraying process,brand,Place of shipment,The type of material,function,Suitable stove,handmade iron pot,Uncoated Wok,Premium iron pan,Chinese iron pot,place of origin,diameter,Applicable object,applicable scenario
Stainless Steel Wok Rack Pans Skillet Nonstick Cooking Pot Coating Honeycomb Everyday Traditional,"PKR1,850","https://ae-pic-a1.aliexpress-media.com/kf/Sd66bc75286db4e3f9384b7063d12a7e3t.jpg_220x220q75.jpg_.avif,https://ae-pic-a1.aliexpress-media.com/kf/S74c37f7b9f2040d5af9d24679392ffd4P.jpg_220x220q75.jpg_.avif,https://ae-pic-a1.aliexpress-media.com/kf/S5fe270cc5d0f4e218a8099d0695066e93.jpg_220x220q75.jpg_.avif,https://ae-pic-a1.aliexpress-media.com/kf/S9dfa8f3d74354b90ba79affc96baeec8m.jpg_220x220q75.jpg_.avif,https://ae-pic-a1.aliexpress-media.com/kf/Sf849e903f49a4c188a19e43baebcd521k.jpg_220x220q75.jpg_.avif",None,STAINLESS STEEL,Mainland China,Honeycomb wok,wok for stoves,everyday pan,kitchen supply,kitchen cookware,Traditional Wok,Stainless Steel Wok,Non Stick Wok,Honeycomb Frying Pan,Non-stick Cookware,,,,,,,,,,,,,,,,,,,,,,,,,,,,,,,,,,,,,,,,,,,,,,,,,,,,,,,,,
Durable Stainless Steel Stir-fry Wok Thickened Anti-corrosive Frying Pan Chinese-style Water Ladle Restaurant,"PKR2,877","https://ae-pic-a1.aliexpress-media.com/kf/Sf740ad70155645448280ccd081c9013dF.jpg_220x220q75.jpg_.avif,https://ae-pic-a1.aliexpress-media.com/kf/S1dad733d97ea4076b5262e849fc1afdcR.jpg_220x220q75.jpg_.avif,https://ae-pic-a1.aliexpress-media.com/kf/S8c07438374a04c47b33f07cb3e704af8L.jpg_220x220q75.jpg_.avif,https://ae-pic-a1.aliexpress-media.com/kf/Sbbba4b6794eb4e22a0cd339f39416f68f.jpg_220x220q75.jpg_.avif,https://ae-pic-a1.aliexpress-media.com/kf/Seae77d831a504cfa8802478c1b906d9ey.jpg_220x220q75.jpg_.avif",None,,Mainland China,,,,,,,,,,,,,,,,,,,,,,,,,,,,,,,,,,,,,,,,,,,,,,,,,,,,,,,,,,,,,,,,,,,
Kitchen Cookware Stainless Steel Stir-fry Wok Thickened Anti-corrosive Frying Pan Chinese-style Water Ladle Restaurant,"PKR2,608","https://ae-pic-a1.aliexpress-media.com/kf/S2ff293c108694790b1cd95f7c308059fb.jpg_220x220q75.jpg_.avif,https://ae-pic-a1.aliexpress-media.com/kf/S147bdfdc20a44bd6bc198e9a26fcaf0eE.jpg_220x220q75.jpg_.avif,https://ae-pic-a1.aliexpress-media.com/kf/Sac22429d528b43e8948f271fc2096c41G.jpg_220x220q75.jpg_.avif,https://ae-pic-a1.aliexpress-media.com/kf/S424f0bb706c145ab9e26cd0895c71a4fk.jpg_220x220q75.jpg_.avif,https://ae-pic-a1.aliexpress-media.com/kf/S9e7ef8a5a6344e69afab2bf83bc264525.jpg_220x220q75.jpg_.avif",None,,Mainland China,,,,,,,,,,,,,,,,,,,,,,,,,,,,,,,,,,,,,,,,,,,,,,,,,,,,,,,,,,,,,,,,,,,
Multifunctional Stainless Steel Stir-fry Wok Thickened Anti-corrosive Frying Pan Chinese-style Water Ladle Canteen,"PKR2,731","https://ae-pic-a1.aliexpress-media.com/kf/S61bc2a075a824a418e09853e04702494l.jpg_220x220q75.jpg_.avif,https://ae-pic-a1.aliexpress-media.com/kf/S16cef0c8f84642d7a7b9c20618529ddem.jpg_220x220q75.jpg_.avif,https://ae-pic-a1.aliexpress-media.com/kf/Sb3d0831dc7514badb14ccdc03238aa67y.jpg_220x220q75.jpg_.avif,https://ae-pic-a1.aliexpress-media.com/kf/S851120cf7c6c4435a16bf3084aaff5c2e.jpg_220x220q75.jpg_.avif,https://ae-pic-a1.aliexpress-media.com/kf/Sb9f0cd63186348c49f95dbcc7a5ff747X.jpg_220x220q75.jpg_.avif",None,,Mainland China,,,,,,,,,,,,,,,,,,,,,,,,,,,,,,,,,,,,,,,,,,,,,,,,,,,,,,,,,,,,,,,,,,,
Stew Pot 24cm Chinese Frying Wok Uncoated Nonstick Cooking Pan Iron Universal Cooking Pot Chinese Meal,"PKR8,282","https://ae-pic-a1.aliexpress-media.com/kf/S4f806dd47884459599bf4d0081d894b5M.jpg_220x220q75.jpg_.avif,https://ae-pic-a1.aliexpress-media.com/kf/Sed004aa08ab84e8aa15c148b12e2e712V.jpg_220x220q75.jpg_.avif,https://ae-pic-a1.aliexpress-media.com/kf/Scbcb25f3355a467489f6c5b0cb3b65908.jpg_220x220q75.jpg_.avif,https://ae-pic-a1.aliexpress-media.com/kf/S1aba4d5fc17949488a23f9d7e6a17499P.jpg_220x220q75.jpg_.avif,https://ae-pic-a1.aliexpress-media.com/kf/S967150b9e0974efa8e266bc8aa2deb4d5.jpg_220x220q75.jpg_.avif",None,,Mainland China,,,,,,,,,,,,,,,,,,,,,,,,,,,,,,,,,,,,,,,,,,,,,,,,,,,,,,,,,,,,,,,,,,,
Traditional Stainless Steel Stir-fry Wok Thickened Chinese-style Frying Pan Anti-corrosive Water Ladle Canteen,"PKR2,861","https://ae-pic-a1.aliexpress-media.com/kf/Scd7a8a09ad9e4469954c5438e7c1c981R.jpg_220x220q75.jpg_.avif,https://ae-pic-a1.aliexpress-media.com/kf/S7f33dfb3dd594df9a10d29a823f64e97u.jpg_220x220q75.jpg_.avif,https://ae-pic-a1.aliexpress-media.com/kf/S50fc5108e2a541d4bc90ea3de205eb591.jpg_220x220q75.jpg_.avif,https://ae-pic-a1.aliexpress-media.com/kf/S1c432cf5b92c41098686351d2cf8d41aM.jpg_220x220q75.jpg_.avif,https://ae-pic-a1.aliexpress-media.com/kf/S5e418fca46894df48b4a0be07deb0fe3t.jpg_220x220q75.jpg_.avif",None,,Mainland China,,,,,,,,,,,,,,,,,,,,,,,,,,,,,,,,,,,,,,,,,,,,,,,,,,,,,,,,,,,,,,,,,,,
Cooking Pan Stainless Steel Wok Electric Stove Accessories Fryer Silver Home Frying Pot,"PKR4,842","https://ae-pic-a1.aliexpress-media.com/kf/S007364d70c0141beb6617ff2b5c10ab2E.jpg_220x220q75.jpg_.avif,https://ae-pic-a1.aliexpress-media.com/kf/S0865406edeec4b63a9df5557f697c229Q.jpg_220x220q75.jpg_.avif,https://ae-pic-a1.aliexpress-media.com/kf/Sbbd18883e7894de49c316afc38a53b4bd.jpg_220x220q75.jpg_.avif,https://ae-pic-a1.aliexpress-media.com/kf/Sd8c3689f747b430aa44186d2a6625ecaB.jpg_220x220q75.jpg_.avif,https://ae-pic-a1.aliexpress-media.com/kf/Sa662d1d0600942e9909ab231fe5f4183Q.jpg_220x220q75.jpg_.avif",None,,Mainland China,,,,,,,,,,,CIQ,Frying Pan,Wok Pan,Home Wok Pan,Home Wok Pan,Woks Pan For Induction Stove,Woks Pan For Electric Stove,Wok Pan For Gas Stove,Heavy Duty Wok Pan,Durable Wok With Handle,Durable Chinese Wok Pan,,,,,,,,,,,,,,,,,,,,,,,,,,,,,,,,,,,,,,,,,,,,,,
Durable Stainless Steel Stir-fry Wok Chinese-style Anti-corrosive Frying Pan Thickened Water Ladle Restaurant,"PKR2,792","https://ae-pic-a1.aliexpress-media.com/kf/S97084e9488c14e238234f9cbd5e13a43H.jpg_220x220q75.jpg_.avif,https://ae-pic-a1.aliexpress-media.com/kf/S90fe9d4b7e5642bf8cdf4664e817dcf89.jpg_220x220q75.jpg_.avif,https://ae-pic-a1.aliexpress-media.com/kf/S4f3516b2198646019d1a8d4a78d73c91a.jpg_220x220q75.jpg_.avif,https://ae-pic-a1.aliexpress-media.com/kf/S60b3a97d4bfc49f487586d30d20e76d0K.jpg_220x220q75.jpg_.avif,https://ae-pic-a1.aliexpress-media.com/kf/S51f05b254a754c70bb5d7e79a61f666fV.jpg_220x220q75.jpg_.avif",None,,Mainland China,,,,,,,,,,,,,,,,,,,,,,,,,,,,,,,,,,,,,,,,,,,,,,,,,,,,,,,,,,,,,,,,,,,
Durable Stainless Steel Stir-fry Wok Thickened Anti-corrosive Frying Pan Chinese-style Water Ladle Canteen,"PKR2,813","https://ae-pic-a1.aliexpress-media.com/kf/S4c567257dac44d9fa4c3f4bb19b23673a.jpg_220x220q75.jpg_.avif,https://ae-pic-a1.aliexpress-media.com/kf/S2aa34cdcd575460598f1a8fec700ec45F.jpg_220x220q75.jpg_.avif,https://ae-pic-a1.aliexpress-media.com/kf/S4fb00b81124f4d4d8e6784a01289fe89R.jpg_220x220q75.jpg_.avif,https://ae-pic-a1.aliexpress-media.com/kf/S44475b2cef6d449f9d5b39c256e179bcV.jpg_220x220q75.jpg_.avif,https://ae-pic-a1.aliexpress-media.com/kf/Sceb373430b084d60929744e20b5dd9f6Z.jpg_220x220q75.jpg_.avif",None,,Mainland China,,,,,,,,,,,,,,,,,,,,,,,,,,,,,,,,,,,,,,,,,,,,,,,,,,,,,,,,,,,,,,,,,,,
Durable Stainless Steel Stir-fry Wok Thickened Anti-corrosive Frying Pan Chinese-style Water Ladle Canteen,"PKR2,704","https://ae-pic-a1.aliexpress-media.com/kf/Sca5cbe8cb84543b69bc2e61752702c61J.jpg_220x220q75.jpg_.avif,https://ae-pic-a1.aliexpress-media.com/kf/S8e5a990df80647978f4719f7930f0556e.jpg_220x220q75.jpg_.avif,https://ae-pic-a1.aliexpress-media.com/kf/Se94b69a120f54026ac0fea9e6067794eV.jpg_220x220q75.jpg_.avif,https://ae-pic-a1.aliexpress-media.com/kf/S865e59b4d5c44dd79f74d6383e6822ffe.jpg_220x220q75.jpg_.avif,https://ae-pic-a1.aliexpress-media.com/kf/S62201b26818449fd96504430ae0e1e6fh.jpg_220x220q75.jpg_.avif",None,,Mainland China,,,,,,,,,,,,,,,,,,,,,,,,,,,,,,,,,,,,,,,,,,,,,,,,,,,,,,,,,,,,,,,,,,,
Chinese nitriding non-slip bottom pot frying pan wood anti-scalding handle iron without pot coating,"PKR3,395","https://ae-pic-a1.aliexpress-media.com/kf/Seb281ad469084193972dbed242f4c1dfa.jpg_220x220q75.jpg_.avif,https://ae-pic-a1.aliexpress-media.com/kf/S64f36b6428e24c39abaa76dadd7b2ea3p.jpg_220x220q75.jpg_.avif,https://ae-pic-a1.aliexpress-media.com/kf/Sc9178fadb9fe420cb02e30d683f6421a3.jpg_220x220q75.jpg_.avif,https://ae-pic-a1.aliexpress-media.com/kf/S858bd9696d6549809d587a361f7607fbP.jpg_220x220q75.jpg_.avif,https://ae-pic-a1.aliexpress-media.com/kf/S54601d01d87946cdbc1a3897734a0254i.jpg_220x220q75.jpg_.avif",None,Refined iron,Mainland China,,,,,,,,,,,CIQ,,,,,,,,,,,Gas Cooker,"Eco-Friendly,Stocked",Without Pot Cover,Non-coating,Cast Iron,Woks,Gas stove suitable,Uncoated pot,11cm,Without pot cover,1.4kg,Lightweight,,,,,,,,,,,,,,,,,,,,,,,,,,,,,,,,,,
Nonstick Wok 11.02inch Cookware Kitchen Accessories Easy to Clean Frying Pan,"PKR5,203","https://ae-pic-a1.aliexpress-media.com/kf/S95e043dc7b9b43cfb9d71625260fced2h.jpg_220x220q75.jpg_.avif,https://ae-pic-a1.aliexpress-media.com/kf/S9ca6e4234ee54edb920fe96f170728a7o.jpg_220x220q75.jpg_.avif,https://ae-pic-a1.aliexpress-media.com/kf/S4de64411cc484443bbfa78ee8e1ce47bR.jpg_220x220q75.jpg_.avif,https://ae-pic-a1.aliexpress-media.com/kf/S6dc991b2b1a342fdb4ad1565c37aa00dX.jpg_220x220q75.jpg_.avif,https://ae-pic-a1.aliexpress-media.com/kf/Se72d0c9e27a5469ba43f0361c8ee504cd.jpg_220x220q75.jpg_.avif",None,Aluminum alloy,Mainland China,,,,,,,,,,,,,,,,,,,,,,,,,Non-stick,STAINLESS STEEL,Woks,,,,,,,Frying Pan,Frying Pan,Nonstick Wok Ceramic Coating Stir fry Pans,Frying Pan for Cooking Induction Cookware,Wok Fry Pan Aluminum Scratch Resistant Pan,Cooking Pan Omelet Pan Kitchen Cookware,Kitchen Frying Pan Cooking Pan Wok Easy Clean,,,,,,,,,,,,,,,,,,,,,,,,,,,
Kitchen Cookware Stainless Steel Stir-fry Wok Chinese-style Anti-corrosive Frying Pan Thickened Water Ladle Restaurant,"PKR2,666","https://ae-pic-a1.aliexpress-media.com/kf/S331bd167d31e45f589fa0bb29776c4a3p.jpg_220x220q75.jpg_.avif,https://ae-pic-a1.aliexpress-media.com/kf/S0ffffd90bb164b8fa6ca98bf37e469ecz.jpg_220x220q75.jpg_.avif,https://ae-pic-a1.aliexpress-media.com/kf/Sc2570327b7d54e299fbb19a6a9addf9a4.jpg_220x220q75.jpg_.avif,https://ae-pic-a1.aliexpress-media.com/kf/S57483469d64644739d101e53e922a914h.jpg_220x220q75.jpg_.avif,https://ae-pic-a1.aliexpress-media.com/kf/Sbcdb6a5a2a874a9c81ee66ea359d3d82L.jpg_220x220q75.jpg_.avif",None,,Mainland China,,,,,,,,,,,,,,,,,,,,,,,,,,,,,,,,,,,,,,,,,,,,,,,,,,,,,,,,,,,,,,,,,,,
Durable Stainless Steel Stir-fry Wok Chinese-style Thickened Frying Pan Anti-corrosive Water Ladle Restaurant,"PKR2,894","https://ae-pic-a1.aliexpress-media.com/kf/S285e3031171143d7bf3b4fc483552657v.jpg_220x220q75.jpg_.avif,https://ae-pic-a1.aliexpress-media.com/kf/Sf26f94f13f3645e898097213d24f1e11y.jpg_220x220q75.jpg_.avif,https://ae-pic-a1.aliexpress-media.com/kf/Sb77fa7e93e1e4da7ac8fe4df29ad9855Z.jpg_220x220q75.jpg_.avif,https://ae-pic-a1.aliexpress-media.com/kf/S2cd04f58bc104df5afe18bf862d146603.jpg_220x220q75.jpg_.avif,https://ae-pic-a1.aliexpress-media.com/kf/Sbfa4dff92f384fd5bd211f81ffbdfe50E.jpg_220x220q75.jpg_.avif",None,,Mainland China,,,,,,,,,,,,,,,,,,,,,,,,,,,,,,,,,,,,,,,,,,,,,,,,,,,,,,,,,,,,,,,,,,,
Free Shipping Wok Pan Induction 32cm No Chemical Carbon Steel Stir Fry Pan with Detachable Wood Handle,"PKR3,395","https://ae-pic-a1.aliexpress-media.com/kf/H1942d42bc9bb42c2bb11dd764bf95468G.jpg_220x220q75.jpg_.avif,https://ae-pic-a1.aliexpress-media.com/kf/H7ee4d077758f4ec1a6ea6e65c51ca5b3Y.jpg_220x220q75.jpg_.avif,https://ae-pic-a1.aliexpress-media.com/kf/H7fd52b47ff6f49ccaefdbecbb08bb65dz.jpg_220x220q75.jpg_.avif,https://ae-pic-a1.aliexpress-media.com/kf/H2b9fc448759c4ae79ac595f16868eb5aB.jpg_220x220q75.jpg_.avif,https://ae-pic-a1.aliexpress-media.com/kf/Hefaceac0d5ac470a8e8f2c2bd66ecbff4.jpg_220x220q75.jpg_.avif",None,Carbon Steel,Mainland China,,,,,,,,,,,,,,,,,,,,,,General Use for Gas and Induction Cooker,Eco-Friendly,Glass Upright Cover,Non-stick,Carbon Steel,Woks,,,,,,,non stick saucepans,,,,,,,,,,,,,,,,,,,,,,,,,,,,,,,,,
Cookware 24cm Chinese Frying Wok Uncoated Nonstick Cooking Pan Large Belly Flat Bottom Cooking Pot Chinese Meal,"PKR8,161","https://ae-pic-a1.aliexpress-media.com/kf/Se7b269fc68fd4dbaadd25d388f4b2a3dd.jpg_220x220q75.jpg_.avif,https://ae-pic-a1.aliexpress-media.com/kf/S94d1ebbe41934bafa78a8f14b6ca3a7ea.jpg_220x220q75.jpg_.avif,https://ae-pic-a1.aliexpress-media.com/kf/S4f6b71e41765477ca3d6c6eac73f31dag.jpg_220x220q75.jpg_.avif,https://ae-pic-a1.aliexpress-media.com/kf/Sa33393c936574fd7bd09c582e6ba6a40B.jpg_220x220q75.jpg_.avif,https://ae-pic-a1.aliexpress-media.com/kf/Sf04920d58326480a93b50033ddaeb293Y.jpg_220x220q75.jpg_.avif",None,,Mainland China,,,,,,,,,,,,,,,,,,,,,,,,,,,,,,,,,,,,,,,,,,,,,,,,,,,,,,,,,,,,,,,,,,,
Octagonal Frying Pan Nonstick Pan Kitchen Gadgets Multipurpose Woks Cooking Pan for Picnic Outdoors Dumplings Meat Fried Eggs,"PKR1,758","https://ae-pic-a1.aliexpress-media.com/kf/S16cd5d673609475b83329718a3cbb2648.jpg_220x220q75.jpg_.avif,https://ae-pic-a1.aliexpress-media.com/kf/Sf55309ec25df41e08a09c507e62133f5M.jpg_220x220q75.jpg_.avif,https://ae-pic-a1.aliexpress-media.com/kf/S0287f09d28e84689b694b06f47ba1610y.jpg_220x220q75.jpg_.avif,https://ae-pic-a1.aliexpress-media.com/kf/Sea223f59886e45f8838eb059087e89e5V.jpg_220x220q75.jpg_.avif,https://ae-pic-a1.aliexpress-media.com/kf/Se87ef97090bd46f08ed312e0aa9ddd195.jpg_220x220q75.jpg_.avif",None,IRON,Mainland China,,,,,,,,,,,,,,,,,,,,,,General Use for Gas and Induction Cooker,Eco-Friendly,Glass Cover,Non-stick,Aluminum alloy,Woks,,,,,,,Frying Pot,Frying Pan,Octagonal Frying Pan Household Cooking Pot,Mini Frying Egg Pan with Wooden Long Handle,Multipurpose Nonstick Pan Kitchen Frying Pan,Cooking Pot with Lid Restaurant Home Cookware,Kitchen Frying Pan Flat Bottom Wok Easy Clean,,,,,,,,,,,,,,,,,,,,,,,,,,,
Multifunctional Stainless Steel Stir-fry Wok Chinese-style Thickened Frying Pan Anti-corrosive Water Ladle Canteen,"PKR2,535","https://ae-pic-a1.aliexpress-media.com/kf/S508ec90d73aa41ecaf7bc5fec25b4ef0E.jpg_220x220q75.jpg_.avif,https://ae-pic-a1.aliexpress-media.com/kf/Sfd6db76cca6f4ac785f62a6f571d4f4as.jpg_220x220q75.jpg_.avif,https://ae-pic-a1.aliexpress-media.com/kf/S08f6fed152e14042bffc48533f705ef5u.jpg_220x220q75.jpg_.avif,https://ae-pic-a1.aliexpress-media.com/kf/S78018e9830f1444b96b945375c327668l.jpg_220x220q75.jpg_.avif,https://ae-pic-a1.aliexpress-media.com/kf/S31f55ea595b34385b5d53bb2c6fa43e4c.jpg_220x220q75.jpg_.avif",None,,Mainland China,,,,,,,,,,,,,,,,,,,,,,,,,,,,,,,,,,,,,,,,,,,,,,,,,,,,,,,,,,,,,,,,,,,
Non Stick Skillets Stainless Steel Wok Induction Cooktop No-stick Pan Electric Honeycomb Frying Griddle,"PKR6,981","https://ae-pic-a1.aliexpress-media.com/kf/Sa70ec192694542508c09f7d9f4b231ce2.jpg_220x220q75.jpg_.avif,https://ae-pic-a1.aliexpress-media.com/kf/S574ca8d49f67442d92d4d65493d85592M.jpg_220x220q75.jpg_.avif,https://ae-pic-a1.aliexpress-media.com/kf/S51239f695cc549d182bcd39078fca974f.jpg_220x220q75.jpg_.avif,https://ae-pic-a1.aliexpress-media.com/kf/S59823915fcf948b3b27796e2428739958.jpg_220x220q75.jpg_.avif,https://ae-pic-a1.aliexpress-media.com/kf/Sa1a5b9f87f7d4ba8a2655b61c140d20eR.jpg_220x220q75.jpg_.avif",None,STAINLESS STEEL,Mainland China,,,,,,,,,,,"CE / EU,CIQ,EEC,LFGB",frying pan,Honeycomb wok,cookware accessories,wok for stoves,wok stir-fry pan,everyday pan,wok pan for gas stove,kitchen supply,kitchen wok,kitchen cookware,General Use for Gas and Induction Cooker,"Eco-Friendly,Stocked",Without Pot Cover,Non-coating,STAINLESS STEEL,Woks,,,,,,,q1544,,,,,,,,,,,,,,,,,,,,,,,,,,,,,,,,,
Nonstick Wok Multipurpose Flat Bottom Easy to Clean Lightweight Frying Pan,"PKR9,753","https://ae-pic-a1.aliexpress-media.com/kf/S1793057795ef4f95807c4a4c6409b7902.jpg_220x220q75.jpg_.avif,https://ae-pic-a1.aliexpress-media.com/kf/S04d82f3d15ee43e5a2635ca6f5abbedaH.jpg_220x220q75.jpg_.avif,https://ae-pic-a1.aliexpress-media.com/kf/S09bd8f795677469f81ccd00186e2de31G.jpg_220x220q75.jpg_.avif,https://ae-pic-a1.aliexpress-media.com/kf/S5baab355c06845a5a51ddd1f75c1697e5.jpg_220x220q75.jpg_.avif,https://ae-pic-a1.aliexpress-media.com/kf/Sc4e2db15266c4075bf86c2481ae925e6r.jpg_220x220q75.jpg_.avif",None,Aluminum alloy,Mainland China,,,,,,,,,,,,,,,,,,,,,,,,,Non-stick,STAINLESS STEEL,Woks,,,,,,,Frying Pan,Frying Pan,Nonstick Wok Ceramic Coating Stir fry Pans,Frying Pan for Cooking Induction Cookware,Wok Fry Pan Aluminum Scratch Resistant Pan,Cooking Pan Omelet Pan Kitchen Cookware,Kitchen Frying Pan Cooking Pan Wok Easy Clean,Kesoto,,,,,,,,,,,,,,,,,,,,,,,,,,
Octagonal Frying Pan Cooking Pan Sturdy Easy to Clean with Cover Cookware Woks Nonstick Pan for Picnic Household Restaurant,"PKR1,867","https://ae-pic-a1.aliexpress-media.com/kf/Se6a90f09f276445ea4d97b20e3a7d0bde.jpg_220x220q75.jpg_.avif,https://ae-pic-a1.aliexpress-media.com/kf/Sd4cdc9b304ff4e738fc1f6fcdecbdd036.jpg_220x220q75.jpg_.avif,https://ae-pic-a1.aliexpress-media.com/kf/S5fe7bffe65134993bdb4f81f68f50a78n.jpg_220x220q75.jpg_.avif,https://ae-pic-a1.aliexpress-media.com/kf/S894f352a7b3446aaa6812725726eb3cbN.jpg_220x220q75.jpg_.avif,https://ae-pic-a1.aliexpress-media.com/kf/S6f56150474e14fe58ac337bac6eaed56h.jpg_220x220q75.jpg_.avif",None,IRON,Mainland China,,,,,,,,,,,,,,,,,,,,,,General Use for Gas and Induction Cooker,Eco-Friendly,Glass Cover,Non-stick,Aluminum alloy,Woks,,,,,,,Frying Pot,Frying Pan,Octagonal Frying Pan Household Cooking Pot,Mini Frying Egg Pan with Wooden Long Handle,Multipurpose Nonstick Pan Kitchen Frying Pan,Cooking Pot with Lid Restaurant Home Cookware,Kitchen Frying Pan Flat Bottom Wok Easy Clean,,,,,,,,,,,,,,,,,,,,,,,,,,,
Non Stick Skillets Stainless Steel Wok Induction Cooktop No-stick Pan Electric Honeycomb Frying Griddle,"PKR6,981","https://ae-pic-a1.aliexpress-media.com/kf/S756cc79189ca4775a788e4dae57fe394h.jpg_220x220q75.jpg_.avif,https://ae-pic-a1.aliexpress-media.com/kf/Scdbaf479f5f04546bf8f1382cdc62ff8Q.jpg_220x220q75.jpg_.avif,https://ae-pic-a1.aliexpress-media.com/kf/S1dfb81abb96f41aeaec3f56b6d1d55fcO.jpg_220x220q75.jpg_.avif,https://ae-pic-a1.aliexpress-media.com/kf/S7222860968ee481499e8a95eff073777f.jpg_220x220q75.jpg_.avif,https://ae-pic-a1.aliexpress-media.com/kf/S0fac71caa284431f8b1ad40629be071at.jpg_220x220q75.jpg_.avif",None,STAINLESS STEEL,Mainland China,,,,,,,,,,,"CE / EU,CIQ,EEC,LFGB",frying pan,Honeycomb wok,cookware accessories,wok for stoves,wok stir-fry pan,everyday pan,wok pan for gas stove,kitchen supply,kitchen wok,kitchen cookware,General Use for Gas and Induction Cooker,"Eco-Friendly,Stocked",Without Pot Cover,Non-coating,STAINLESS STEEL,Woks,,,,,,,q1544,,,,,,,,,,,,,,,,,,,,,,,,,,,,,,,,,
Hand Forged Chinese Wok Pan Kitchen Multifunction Cooking Supply Wrought Gas Stove,"PKR8,591","https://ae-pic-a1.aliexpress-media.com/kf/S29926faec0f74723833a178272f9fb33H.jpg_220x220q75.jpg_.avif,https://ae-pic-a1.aliexpress-media.com/kf/S67dab271f2b9482f845f37913d18c2c84.jpg_220x220q75.jpg_.avif,https://ae-pic-a1.aliexpress-media.com/kf/Scb057b607c614fcb93e36e3eb942812aJ.jpg_220x220q75.jpg_.avif,https://ae-pic-a1.aliexpress-media.com/kf/S4a93ae0ccd724e7ca7f6f344d4e6e443R.jpg_220x220q75.jpg_.avif,https://ae-pic-a1.aliexpress-media.com/kf/S07da5b8034714f47aceb423e68fd2d3c4.jpg_220x220q75.jpg_.avif",None,,Mainland China,,,,,,,,,,,CIQ,cooking wok,kitchen wok,wok for stove,wok with wooden handle,chinese wok pan,wok for kitchen,wok for home,iron wok,multi-functional wok,traditional wok,,,,,,,,,,,,,,,,,,,,,kitchen accessory,non stick wok,,,,,,,,,,,,,,,,,,,,,,,,
Wok Pan Iron Long Handle Cookware for Omelets Sandwiches Fried Breadfish,"PKR3,406","https://ae-pic-a1.aliexpress-media.com/kf/S30e12f43a4ae4ffb8d30cf8548a86de5P.jpg_220x220q75.jpg_.avif,https://ae-pic-a1.aliexpress-media.com/kf/Sb17db796e5494422ac9788206e20abd0Y.jpg_220x220q75.jpg_.avif,https://ae-pic-a1.aliexpress-media.com/kf/Sdd04aaa4ef2d4546aa7f3173a97cf10ex.jpg_220x220q75.jpg_.avif,https://ae-pic-a1.aliexpress-media.com/kf/S73193548cb9d4b14bfeba8fcf70585efe.jpg_220x220q75.jpg_.avif,https://ae-pic-a1.aliexpress-media.com/kf/S7aee15226c784f4b9cdc1d9ba8b242c6P.jpg_220x220q75.jpg_.avif",None,Cast Iron,Mainland China,,,,,,,,,,,,,,,,,,,,,,Gas Cooker,,,,Cast Iron,Woks,,,,,,,Frying Pan,Wok Pan,Chinese Frying pan with lid Slice Cookware,Frying Pan Nonstick with Long Handle housheold,Wok Pan Iron Skillet Cooking High Performance,Woks Stir Fry Pans with Wooden Handle Lid,Cookware Nonstick Frying Pan Skillet Fry Pan,,,,,,,,,,,,,,,,,,,,,,,,,,,
Non Stick Skillets Stainless Steel Wok Induction Cooktop No-stick Pan Electric Honeycomb Frying Griddle,"PKR6,981","https://ae-pic-a1.aliexpress-media.com/kf/Sdb41eede152549b994d81ffef282f3a3E.jpg_220x220q75.jpg_.avif,https://ae-pic-a1.aliexpress-media.com/kf/Sa771a5f5e5874d1a88edf4680dc446b1m.jpg_220x220q75.jpg_.avif,https://ae-pic-a1.aliexpress-media.com/kf/S86676d478d724ec5bafb581c3eea5808C.jpg_220x220q75.jpg_.avif,https://ae-pic-a1.aliexpress-media.com/kf/S42a085b683764d61801f043854fccff8g.jpg_220x220q75.jpg_.avif,https://ae-pic-a1.aliexpress-media.com/kf/Sd80e23dbbdca4c70859c1477d77c2626u.jpg_220x220q75.jpg_.avif",None,STAINLESS STEEL,Mainland China,,,,,,,,,,,"CE / EU,CIQ,EEC,LFGB",frying pan,Honeycomb wok,cookware accessories,wok for stoves,wok stir-fry pan,everyday pan,wok pan for gas stove,kitchen supply,kitchen wok,kitchen cookware,General Use for Gas and Induction Cooker,"Eco-Friendly,Stocked",Without Pot Cover,Non-coating,STAINLESS STEEL,Woks,,,,,,,q1544,,,,,,,,,,,,,,,,,,,,,,,,,,,,,,,,,
Electric Pot Stainless Steel Wok Work Nonstick Frying Pan Baking Dish with Lid Saucepan,"PKR6,499","https://ae-pic-a1.aliexpress-media.com/kf/Sb170fae5c60947d6bf45724599540febM.jpg_220x220q75.jpg_.avif,https://ae-pic-a1.aliexpress-media.com/kf/Sc9b1f7306da740ad936d7508fe3be8c0g.jpg_220x220q75.jpg_.avif,https://ae-pic-a1.aliexpress-media.com/kf/S6101a49dcd07443c8f139b27047111f33.jpg_220x220q75.jpg_.avif,https://ae-pic-a1.aliexpress-media.com/kf/S51cf04aac41f492394aa369c07afc487J.jpg_220x220q75.jpg_.avif,https://ae-pic-a1.aliexpress-media.com/kf/Sde2769cb79c7426fb78995ef5ddc7ecdb.jpg_220x220q75.jpg_.avif",None,,Mainland China,,,,,,,,,,,CIQ,frying pan,heavy duty wok,cookware accessories,wok for stoves,wok stir-fry pan,everyday pan,durable woks pan for gas stove,kitchen supply,kitchen wok,kitchen cookware,,,,,,,,,,,,,,,,,,,,,,,,,,,,,,,,,,,,,,,,,,,,,,
"12.5"" Carbon Steel Wok,Woks and Stir Fry Pans with lid Kitchen Cookwar For Electric,Induction and Gas Stoves Flat Bottom Wok","PKR6,942","https://ae-pic-a1.aliexpress-media.com/kf/S5cc2d5fa528c4ccdbc8f9031dabb8bfbr.jpg_220x220q75.jpg_.avif,https://ae-pic-a1.aliexpress-media.com/kf/S0aa678a6d76c443b8bac029a0048fab07.jpg_220x220q75.jpg_.avif,https://ae-pic-a1.aliexpress-media.com/kf/S80f363f54d4949ef8068d763dddbfc6aX.jpg_220x220q75.jpg_.avif,https://ae-pic-a1.aliexpress-media.com/kf/S3d61781ca0dc4fe48910345f5fcbe647v.jpg_220x220q75.jpg_.avif,https://ae-pic-a1.aliexpress-media.com/kf/S713a90d4026d41fe8439b30ad6436d0cq.jpg_220x220q75.jpg_.avif",None,Cast Iron,Mainland China,,,,,,,,,,,"CE / EU,CIQ",,,,,,,,,,,General Use for Gas and Induction Cooker,"Eco-Friendly,Stocked",Without Pot Cover,Non-coating,Cast Iron,Woks,,,,,,,001,,,,,,,,,,Wok,Non-stick pot,32cm,Wood pot cove,,,,,,,,,,,,,,,,,,,,
Pots Stainless Steel Wok Work on Household Cooking Utensils Nonstick Frying Pan,"PKR6,359","https://ae-pic-a1.aliexpress-media.com/kf/S8618e1b4d69c4e419f3ad96bdc3e7e57x.jpg_220x220q75.jpg_.avif,https://ae-pic-a1.aliexpress-media.com/kf/S68c9d45fc77b4520900b2d6333fa429e1.jpg_220x220q75.jpg_.avif,https://ae-pic-a1.aliexpress-media.com/kf/S16e64e6a5b3942008e5c81a9e21aaa6fk.jpg_220x220q75.jpg_.avif,https://ae-pic-a1.aliexpress-media.com/kf/S88dc67bb63764115a695add51e92ad766.jpg_220x220q75.jpg_.avif,https://ae-pic-a1.aliexpress-media.com/kf/S32663c0bfe2c4148970284b8feccdd2aD.jpg_220x220q75.jpg_.avif",None,,Mainland China,,,,,,,,,,,CIQ,frying pan,Honeycomb wok,cookware accessories,wok for stoves,wok stir-fry pan,everyday pan,wok pan for gas stove,kitchen supply,kitchen wok,kitchen cookware,,,,,,,,,,,,,,,,,,,,,,,,,,,,,,,,,,,,,,,,,,,,,,
32cm Traditional Iron Wok Carbon Steel Wok Pan Non-stick Kitchen Cookwar Woks and Stir Fry Pans with lid for All Stoves,"PKR9,068","https://ae-pic-a1.aliexpress-media.com/kf/S1be40546bb254a2486bdca1ffa0394625.jpg_220x220q75.jpg_.avif,https://ae-pic-a1.aliexpress-media.com/kf/Sb88c307afa184cd39b79ab160c763cd2E.jpg_220x220q75.jpg_.avif,https://ae-pic-a1.aliexpress-media.com/kf/Se1e8c248a8ef4d22a1224eb9e0662af33.jpg_220x220q75.jpg_.avif,https://ae-pic-a1.aliexpress-media.com/kf/Saca45a4bf49d4d519b82ff2f13a3a7f4q.jpg_220x220q75.jpg_.avif,https://ae-pic-a1.aliexpress-media.com/kf/S0d154db0416e4db6a0e9ed8783db068fF.jpg_220x220q75.jpg_.avif",None,Cast Iron,Mainland China,,,,,,,,,,,"CE / EU,CIQ,EEC,LFGB",,,,,,,,,,,General Use for Gas and Induction Cooker,"Eco-Friendly,Stocked",Without Pot Cover,Non-coating,Cast Iron,Woks,,,,,,,q1984,,,,,,,,,,,,,,,,,,,,,,,,,,,,,,,,,
Wooden Handle Pure Iron Pan Stainless Steel No Coating Non-stick Wok Hand Forging Iron Pan Chinese Style Iron Pot Gas Cooker,"PKR4,370","https://ae-pic-a1.aliexpress-media.com/kf/Sc650bb7311ca435dacb866b4560b4129J.jpg_220x220q75.jpg_.avif,https://ae-pic-a1.aliexpress-media.com/kf/S7466bf113ba74c6e91870279fcb8a29e6.jpg_220x220q75.jpg_.avif,https://ae-pic-a1.aliexpress-media.com/kf/Sfda8717c064e480e8ab6bf0ede137594H.jpg_220x220q75.jpg_.avif,https://ae-pic-a1.aliexpress-media.com/kf/S4668095b09b34f3badac542d9c771477Q.jpg_220x220q75.jpg_.avif,https://ae-pic-a1.aliexpress-media.com/kf/S7e991ae2e3064cc5bc9898a1986ee51aC.jpg_220x220q75.jpg_.avif",None,STAINLESS STEEL,Mainland China,,,,,,,,,,,"CE / EU,CIQ,EEC,LFGB,SGS",,,,,,,,,,,Gas Cooker,"Eco-Friendly,Stocked",Without Pot Cover,Non-stick,STAINLESS STEEL,Woks,,,,,,,N325,,,,,,,supple,,,,,,,,,,,,,,,,,,,,,,,,,,
Stainless Pan Steel Wok Kitchen Supply Cooking Pot No Coating Frying Accessories Honeycomb Household Cookware,"PKR2,033","https://ae-pic-a1.aliexpress-media.com/kf/Sd9bca289531345e3a1df4b6827543c4fs.jpg_220x220q75.jpg_.avif,https://ae-pic-a1.aliexpress-media.com/kf/Sf117a3a14fb845a0bc664308be99773ep.jpg_220x220q75.jpg_.avif,https://ae-pic-a1.aliexpress-media.com/kf/Sd569527d7bc549f5882f18071bbb52fd0.jpg_220x220q75.jpg_.avif,https://ae-pic-a1.aliexpress-media.com/kf/Sbe7755c792954a5c83cae8da35c29a88W.jpg_220x220q75.jpg_.avif,https://ae-pic-a1.aliexpress-media.com/kf/Sfdfd8ba161f4437fa4881d484096a7afc.jpg_220x220q75.jpg_.avif",None,,Mainland China,,,,,,,,,,,CIQ,stainless steel wok,Honeycomb wok with handles,chinese wok pan,wok for induction stove,wok for electric stove,wok for gas stove,induction stove wok,electric stove wok,gas stove wok,kitchen accessory,,,,,,,,,,,,,,,,,,,,,,,,,,,,,,,,,,,,,,,,,,,,,,
Chinese Wok Cast Iron Pot Cooking Pot No Coating FryIing Pan Soup Pot Stew Pot Casserole Cookware Outdoor Camp Restaurant Hotel,"PKR7,863","https://ae-pic-a1.aliexpress-media.com/kf/Hac7418a4687942ca84be5cbc095d64ceD.jpg_220x220q75.jpg_.avif,https://ae-pic-a1.aliexpress-media.com/kf/Hac7418a4687942ca84be5cbc095d64ceD.jpg_220x220q75.jpg_.avif,https://ae-pic-a1.aliexpress-media.com/kf/H6bc5d66de41e487fa287961045b8ea18s.jpg_220x220q75.jpg_.avif,https://ae-pic-a1.aliexpress-media.com/kf/H4344a6c961b2423b9f2d6aae66bbb3b76.jpg_220x220q75.jpg_.avif,https://ae-pic-a1.aliexpress-media.com/kf/H6c175bdd93ce4e15b26c7ab5b59fd4aak.jpg_220x220q75.jpg_.avif",,IRON,Mainland China,,,,,,,,,,,"CE / EU,CIQ,EEC,LFGB,SGS",,,,,,,,,,,Gas Cooker,"Eco-Friendly,Stocked",Stainless Steel Cover,Non-coating,IRON,Woks,,,,,,,TG68987,,,,,,,NoEnName_Null,,,,,,,,,,,,,,,,,,,,,,,,,,
"12.5"" Carbon Steel Wok,Woks and Stir Fry Pans with lid Kitchen Cookwar For Electric,Induction and Gas Stoves Flat Bottom Wok","PKR6,942","https://ae-pic-a1.aliexpress-media.com/kf/S0986ac7c441f4c489a76f931aeb2975aY.jpg_220x220q75.jpg_.avif,https://ae-pic-a1.aliexpress-media.com/kf/S049ce64116be4d7e8775fd49b723b80aM.jpg_220x220q75.jpg_.avif,https://ae-pic-a1.aliexpress-media.com/kf/S1bfe487bd2ec4e5f91ff02de4c8c6211V.jpg_220x220q75.jpg_.avif,https://ae-pic-a1.aliexpress-media.com/kf/Sc964bc7080e149aaaca49bd83eecab2c5.jpg_220x220q75.jpg_.avif,https://ae-pic-a1.aliexpress-media.com/kf/Sfa21e23fdbe8486a956906b77e5908c7Q.jpg_220x220q75.jpg_.avif",None,Cast Iron,Mainland China,,,,,,,,,,,"CE / EU,CIQ",,,,,,,,,,,General Use for Gas and Induction Cooker,"Eco-Friendly,Stocked",Without Pot Cover,Non-coating,Cast Iron,Woks,,,,,,,001,,,,,,,,,,Wok,Non-stick pot,32cm,Wood pot cove,,,,,,,,,,,,,,,,,,,,
Cooking Pot Stainless Steel Wok Pan For Gas Stove Traditional Grilling Hand Hammer Woks Induction Silver Kitchen Accessory,"PKR4,534","https://ae-pic-a1.aliexpress-media.com/kf/S6443cba635804e94a1a386f4ed032745T.jpg_220x220q75.jpg_.avif,https://ae-pic-a1.aliexpress-media.com/kf/Sff79d593001641d486bad0b731b751e5N.jpg_220x220q75.jpg_.avif,https://ae-pic-a1.aliexpress-media.com/kf/S7e334af73fb7405b95620aeecdcd9bb9L.jpg_220x220q75.jpg_.avif,https://ae-pic-a1.aliexpress-media.com/kf/S11c172dc035e409ba3fe8af074cf004dN.jpg_220x220q75.jpg_.avif,https://ae-pic-a1.aliexpress-media.com/kf/Sb464c580d33e41df86779684038af197r.jpg_220x220q75.jpg_.avif",None,,Mainland China,,,,,,,,,,,CIQ,Frying Pan,Wok Pan,Home Wok Pan,Home Wok Pan,Woks Pan For Induction Stove,Woks Pan For Electric Stove,Wok Pan For Gas Stove,Heavy Duty Wok Pan,Durable Wok With Handle,Durable Chinese Wok Pan,,,,,,,,,,,,,,,,,,,,,,,,,,,,,,,,,,,,,,,,,,,,,,
Frying pan Stew pot Gas cooker Induction cooking universal cooker Uncoated Non-stick surface Cast iron pot Thickened Yuanbao Pot,"PKR8,736","https://ae-pic-a1.aliexpress-media.com/kf/Sf5cd6ca1f0e44197acea9956dd253b583.jpg_220x220q75.jpg_.avif,https://ae-pic-a1.aliexpress-media.com/kf/Sd44f22d17e3e441fa76f71fb39751bfek.jpg_220x220q75.jpg_.avif,https://ae-pic-a1.aliexpress-media.com/kf/Sbc95504ffca14165a97266f56f0c9a9az.jpg_220x220q75.jpg_.avif,https://ae-pic-a1.aliexpress-media.com/kf/Sb1c6820d72f643e2808f7c33a3415153e.jpg_220x220q75.jpg_.avif,https://ae-pic-a1.aliexpress-media.com/kf/Sf141ceac056743c0bc3ce3df32960d721.jpg_220x220q75.jpg_.avif",,Cast Iron,Mainland China,,,,,,,,,,,"CE / EU,CIQ,EEC,LFGB,SGS",,,,,,,,,,,General Use for Gas and Induction Cooker,"Eco-Friendly,Stocked",Glass Cover,Non-stick,Cast Iron,Woks,,,,,,,U555,,,,,,,,,,,,,,,,,,,,,,,,,,,,,,,,,
Induction cooktop round pan pressed aluminum alloy pan copper color nonstick aluminum pan,"PKR6,731","https://ae-pic-a1.aliexpress-media.com/kf/S76e0c5ac0d6941fe92a505983b48603e2.jpg_220x220q75.jpg_.avif,https://ae-pic-a1.aliexpress-media.com/kf/Sfcd195c7904e4c60b58dacdbdcf1a17eg.jpg_220x220q75.jpg_.avif,https://ae-pic-a1.aliexpress-media.com/kf/S95fe20eeffd44c07861ee8c3e34f6991A.jpg_220x220q75.jpg_.avif,https://ae-pic-a1.aliexpress-media.com/kf/Sf2c9dfbeb0e842a4a017f34c380c8394D.jpg_220x220q75.jpg_.avif,https://ae-pic-a1.aliexpress-media.com/kf/S41dc9cf51f984530b036ac50c8f1b61fI.jpg_220x220q75.jpg_.avif",None,STAINLESS STEEL,Mainland China,,,,,,,,,,,,,,,,,,,,,,,Eco-Friendly,,,,Woks,,,,,,,,,,,,,,,,,,,,,,,,,,,,,,,,,,,,,,,,
Pure Copper Frying Pan Handmade Thick Plate Purple Double Handle Cookware 24-45cm,"PKR10,200","https://ae-pic-a1.aliexpress-media.com/kf/S23467846f4ec40ca871a1fee6313467d1.jpg_220x220q75.jpg_.avif,https://ae-pic-a1.aliexpress-media.com/kf/S23467846f4ec40ca871a1fee6313467d1.jpg_220x220q75.jpg_.avif,https://ae-pic-a1.aliexpress-media.com/kf/S46a17b38f6ee4b1393208f7a955d4fb97.jpg_220x220q75.jpg_.avif,https://ae-pic-a1.aliexpress-media.com/kf/S08ebf60eee604d8db1720f5cdaf543f6C.jpg_220x220q75.jpg_.avif,https://ae-pic-a1.aliexpress-media.com/kf/S039fffde70084ee28f2d959bb15528a9B.jpg_220x220q75.jpg_.avif",None,IRON,Mainland China,,,,,,,,,,,CE / EU,,,,,,,,,,,Induction Cooker,Stocked,Glass Cover,No,IRON,Woks,,,,,,,None,,,,,,,,,,,,,,,,,,,,,,,,,,,,,,,,,
"KSISE Brand Authentic Chinese-Style Frying Pan with Wooden Handle and Glass Lid - Hard and Wear-Resistant, No Coating","PKR11,647","https://ae-pic-a1.aliexpress-media.com/kf/S09a03f5c342e41aa90256275119b5cden.png_220x220.png_.avif,https://ae-pic-a1.aliexpress-media.com/kf/S4e9e3d7dde9747c090652bfb477d984dY.png_220x220.png_.avif,https://ae-pic-a1.aliexpress-media.com/kf/S70b9818835ba42fab1044ac42426b9bbl.png_220x220.png_.avif,https://ae-pic-a1.aliexpress-media.com/kf/S010051c24e6440899cb583a82f75abf8U.png_220x220.png_.avif,https://ae-pic-a1.aliexpress-media.com/kf/S3c9a288f94f14c63a7859af971fe7c39G.png_220x220.png_.avif",,IRON,Mainland China,,,,,,,,,,,,,,,,,,,,,,General Use for Gas and Induction Cooker,,Glass Cover,No,IRON,Woks,,,,,,,KSX238420,,,,,,,KSISE,,,,,,,,,,,,,,,,,,,,,,,,,,
Non Stick Frying Pans 26/28/30cm Pure Titanium Hammer Pattern Chef Pan Induction Compatible Cooking Pan Kitchen Cookware,"PKR12,940","https://ae-pic-a1.aliexpress-media.com/kf/Sb061da16875c4a388a0dfc48cb06ec5f7.jpeg_220x220q75.jpeg_.avif,https://ae-pic-a1.aliexpress-media.com/kf/Sb061da16875c4a388a0dfc48cb06ec5f7.jpeg_220x220q75.jpeg_.avif,https://ae-pic-a1.aliexpress-media.com/kf/Sb54c32b7cac64d40ab4505e0c684196fg.jpeg_220x220q75.jpeg_.avif,https://ae-pic-a1.aliexpress-media.com/kf/Se9304c4c9d6e4d1a99807622e5c2cbe9n.jpeg_220x220q75.jpeg_.avif,https://ae-pic-a1.aliexpress-media.com/kf/S25d9d62c7e3444179e351479389b9229f.jpeg_220x220q75.jpeg_.avif",None,Aluminum alloy,Mainland China,,,,,,,,,,,"CE / EU,FCM,CIQ",,,,,,,,,,,General Use for Gas and Induction Cooker,"Eco-Friendly,Stocked",,Non-coating,Carbon Steel,Woks,,,,,,,,,,,,,,,,,,,,,,,,,,,,,,,,,,,,,,,,
Titanium pan Pure titanium wok Household uncoated pan Non-stick pan Gas stove Induction cooker Universal wok,"PKR36,973","https://ae-pic-a1.aliexpress-media.com/kf/S24a8427d02b74378a5671a00d6483c04b.jpg_220x220q75.jpg_.avif,https://ae-pic-a1.aliexpress-media.com/kf/Sbeec79045c8c4e40b9d39d518bd85215A.jpg_220x220q75.jpg_.avif,https://ae-pic-a1.aliexpress-media.com/kf/Sf4e3a40a5d2f4827b4bcf91be63e5e56P.jpg_220x220q75.jpg_.avif,https://ae-pic-a1.aliexpress-media.com/kf/S754dbb38716541e4b7d895d990b54e94v.jpg_220x220q75.jpg_.avif,https://ae-pic-a1.aliexpress-media.com/kf/S28ba8868ee74450495beafd1a014b61bc.jpg_220x220q75.jpg_.avif",None,,Mainland China,,,,,,,,,,,,,,,,,,,,,,,,,,,,general purpose,,,No lid,,,,,,,,,,,,,,,,,wok,Titanium,Uncoated pot,Composite multilayer bottom,carton,Chinese style,,,,,,,,,,,,,,
Non Stick Skillets Stainless Steel Wok Induction Cooktop No-stick Pan Electric Honeycomb Frying Griddle,"PKR6,936","https://ae-pic-a1.aliexpress-media.com/kf/S8b80588ec94a4c3b9a7e9c79ebf2e87a9.jpg_220x220q75.jpg_.avif,https://ae-pic-a1.aliexpress-media.com/kf/S4eef47213e2644fdb30d290f01e97cb7d.jpg_220x220q75.jpg_.avif,https://ae-pic-a1.aliexpress-media.com/kf/Sb32e23116770472a9532a07806c7f1eeG.jpg_220x220q75.jpg_.avif,https://ae-pic-a1.aliexpress-media.com/kf/S3327bdf0ca3144bd8b13a1c6458dacd8q.jpg_220x220q75.jpg_.avif,https://ae-pic-a1.aliexpress-media.com/kf/S8e822a2f640b4a8a9b9ec02d8da05c3aK.jpg_220x220q75.jpg_.avif",None,STAINLESS STEEL,Mainland China,,,,,,,,,,,"CE / EU,CIQ,EEC,LFGB",frying pan,Honeycomb wok,cookware accessories,wok for stoves,wok stir-fry pan,everyday pan,wok pan for gas stove,kitchen supply,kitchen wok,kitchen cookware,General Use for Gas and Induction Cooker,"Eco-Friendly,Stocked",Without Pot Cover,Non-coating,STAINLESS STEEL,Woks,,,,,,,q1544,,,,,,,,,,,,,,,,,,,,,,,,,,,,,,,,,
"German Fryer 316 Stainless Steel Pan, Uncoated Round Bottom Fryer, Concave Gas Stove, Flat Bottom Induction Cooker, Cookware","PKR41,072","https://ae-pic-a1.aliexpress-media.com/kf/Sa8a39079a44141cd9fe5ec3ed0abc0c1w.jpg_220x220q75.jpg_.avif,https://ae-pic-a1.aliexpress-media.com/kf/S28d44dad4dd440ed8e0cac7ae6e8a5f5j.jpg_220x220q75.jpg_.avif,https://ae-pic-a1.aliexpress-media.com/kf/Sb03b7f98f6374bd1ae64845c92d0ad02d.jpg_220x220q75.jpg_.avif,https://ae-pic-a1.aliexpress-media.com/kf/Sbe57a49aab67405982fb7dac21edf562Q.jpg_220x220q75.jpg_.avif,https://ae-pic-a1.aliexpress-media.com/kf/S37e0f00e78944e31a06e8d9b035e0093T.jpg_220x220q75.jpg_.avif",,316 material,Mainland China,,,,,,,,,,,"CE / EU,CIQ,EEC,LFGB,SGS",,,,,,,,,,,,"Eco-Friendly,Stocked",Stainless Steel Cover,Non-coating,STAINLESS STEEL,Woks,Universal,Uncoated pot,11cm,Stainless steel cover,2.8kg,,,,,,,,,,,,Wok,,,,,,,Composite multilayer bottom,Paper box,,Electrostatic spraying,,,,,,,,,,,,,
Zhangqiu Hand Play Pure Iron Pot Household Cooking Pot Old Uncoated Gas Stove Hammer Grain Flat Bottom Pure Fine Iron Cooked,"PKR5,622","https://ae-pic-a1.aliexpress-media.com/kf/S12c80fbcbdfe474291f9dc5a4409a411T.jpg_220x220q75.jpg_.avif,https://ae-pic-a1.aliexpress-media.com/kf/S7e469d1f90f54248bb9efca01ace2dbfz.jpg_220x220q75.jpg_.avif,https://ae-pic-a1.aliexpress-media.com/kf/Sc04d0b1b42ff4b17aaf01ef00bb9c5acs.jpg_220x220q75.jpg_.avif,https://ae-pic-a1.aliexpress-media.com/kf/S81188bce7ba94d0e91c37a57711809e2P.jpg_220x220q75.jpg_.avif,https://ae-pic-a1.aliexpress-media.com/kf/S7002b59326974a9cbb184d3624936c08n.jpg_220x220q75.jpg_.avif",None,IRON,Mainland China,,,,,,,,,,,"CE / EU,CIQ,EEC,LFGB",,,,,,,,,,,General Use for Gas and Induction Cooker,Eco-Friendly,Without Pot Cover,Non-coating,IRON,Woks,,,,,,,q2075,,,,,,,,,,,,,,,,,,,,,,,,,,,,,,,,,
Blue diamond titanium frying pan non-stick household induction cooker frying pan non-stick pan gas cooker special,"PKR7,362","https://ae-pic-a1.aliexpress-media.com/kf/S5d77ad75debf494584118bc38c393821D.jpg_220x220q75.jpg_.avif,https://ae-pic-a1.aliexpress-media.com/kf/S96afaa7804ef486d991c04c65486e4d11.jpg_220x220q75.jpg_.avif,https://ae-pic-a1.aliexpress-media.com/kf/S56370670d95c44c49e98e0498a445ecb9.jpg_220x220q75.jpg_.avif,https://ae-pic-a1.aliexpress-media.com/kf/Se450ef8b2fac493f8a680952e478a33fq.jpg_220x220q75.jpg_.avif,https://ae-pic-a1.aliexpress-media.com/kf/S1453a210f7d84811afe1d509c6037134U.jpg_220x220q75.jpg_.avif",None,Aluminum alloy,Mainland China,,,,,,,,,,,"CE / EU,CIQ,EEC,LFGB,SGS",,,,,,,,,,,Gas Cooker,Eco-Friendly,Without Pot Cover,Non-coating,Aluminum alloy,Woks,,,,,,,q2071,,,,,,,,,,,,,,,,,,,,,,,,,,,,,,,,,
"Iron Wok Pan,Chinese Traditional Hammered Iron Woks,2mm Thickness Blue Seasoned Pot,Uncoated Kitchen Cookware,Frying Pan","PKR12,251","https://ae-pic-a1.aliexpress-media.com/kf/S2b0f17f4557542b5a1d97f98375ba03e1.jpg_220x220q75.jpg_.avif,https://ae-pic-a1.aliexpress-media.com/kf/Sc559bdd5b5c04f7baa0623eb655288d3E.jpg_220x220q75.jpg_.avif,https://ae-pic-a1.aliexpress-media.com/kf/S4421b51ac68146f9845afd41818f9c2fR.jpg_220x220q75.jpg_.avif,https://ae-pic-a1.aliexpress-media.com/kf/S6bddb9e24ade46e2b5f975cdf2a98c92t.jpg_220x220q75.jpg_.avif,https://ae-pic-a1.aliexpress-media.com/kf/S4363f7b5c6904d3bb9bdd175aec84ab31.jpg_220x220q75.jpg_.avif",None,IRON,Mainland China,,,,,,,,,,,"CE / EU,CIQ,EEC,LFGB,SGS",,,,,,,,,,,General Use for Gas and Induction Cooker,"Eco-Friendly,Stocked",Without Pot Cover,Non-coating,IRON,Woks,,,,,,,qq557,,,,,,,,,,,,,,,,,,,,,Zhangqiu Iron Pot (Kitchen Appliances),Shandong Province,wrought iron,"Non stick pot, uncoated, no oil fumes","Gas stoves, induction cookers, universal",,,,,,,,
Chinese Cast Iron Wok Traditional Non Stick Stove Cooking Gas Wok Multifunction Pan Frying Handmade Cookware,"PKR26,682","https://ae-pic-a1.aliexpress-media.com/kf/S6eb41adfa06d49319fd579cc15e94a50h.jpg_220x220q75.jpg_.avif,https://ae-pic-a1.aliexpress-media.com/kf/S56e354f038e44231932bce46b3e883379.jpg_220x220q75.jpg_.avif,https://ae-pic-a1.aliexpress-media.com/kf/Sf223bb849da1482884024234f0ee2ef76.jpg_220x220q75.jpg_.avif,https://ae-pic-a1.aliexpress-media.com/kf/Sff86542e051e4cd4970acec08a1970b9u.jpg_220x220q75.jpg_.avif,https://ae-pic-a1.aliexpress-media.com/kf/S8b55c7b9e83d46a9b928d02b493da4b8q.jpg_220x220q75.jpg_.avif",None,,Mainland China,,,,,,,,,,,,,,,,,,,,,,General Use for Gas and Induction Cooker,,,,,Woks,,,,,,,,,,,,,,,,,,,,,,,,,,,,,,,,,,,,,,,,
Pure Copper Frying Pan Handmade Thick Plate Purple Double Handle Cookware Durable Cooking Pot 24-45cm,"PKR18,390","https://ae-pic-a1.aliexpress-media.com/kf/Sb5f7b3dddd084a74815d5fc346e012afY.jpg_220x220q75.jpg_.avif,https://ae-pic-a1.aliexpress-media.com/kf/Sa78cd679b8f3408488b3659c0501421ex.jpg_220x220q75.jpg_.avif,https://ae-pic-a1.aliexpress-media.com/kf/Sbab05e8a26c5474d87a08d9f9d8d1297r.jpg_220x220q75.jpg_.avif,https://ae-pic-a1.aliexpress-media.com/kf/S45f1709e6fd34eb6853ef84ee45bd91bw.jpg_220x220q75.jpg_.avif,https://ae-pic-a1.aliexpress-media.com/kf/Se713bcd93be94d6db8b6ccb4a4092affk.jpg_220x220q75.jpg_.avif",None,IRON,Mainland China,,,,,,,,,,,CE / EU,,,,,,,,,,,Induction Cooker,Stocked,Stainless Steel Cover,No,IRON,Woks,,,,,,,None,,,,,,,,,,,,,,,,,,,,,,,,,,,,,,,,,
316 Stainless Steel Uncoated Non-Stick Pans Titanium Small Woks Household Frying Pans Induction Cookers,"PKR8,491","https://ae-pic-a1.aliexpress-media.com/kf/Sedcab5728ba345f7a363ffd8c1123466F.png_220x220.png_.avif,https://ae-pic-a1.aliexpress-media.com/kf/Sedcab5728ba345f7a363ffd8c1123466F.png_220x220.png_.avif,https://ae-pic-a1.aliexpress-media.com/kf/S59eb4ad01b204b4d8cfbdf23751ac430m.png_220x220.png_.avif,https://ae-pic-a1.aliexpress-media.com/kf/S6666ddbc86bc44049b62dd3925716afdA.png_220x220.png_.avif,https://ae-pic-a1.aliexpress-media.com/kf/S349b878c111841a7880b1868d3e62531Z.png_220x220.png_.avif",,,Mainland China,,,,,,,,,,,,,,,,,,,,,,General Use for Gas and Induction Cooker,"Eco-Friendly,Stocked",,,,Woks,,,,,,,,,,,,,,NoEnName_Null,,,,,,,,,,,,,,,,,,,,,,,,,,
"Chinese Style Wok, 304 Stainless Steel, Round Bottom, Smokeless, Non-Stick, Suitable for Gas Stove","PKR10,265","https://ae-pic-a1.aliexpress-media.com/kf/S4d92ceda674640849564d704979cca99X.jpg_220x220q75.jpg_.avif,https://ae-pic-a1.aliexpress-media.com/kf/S0a790038afd14ec98f34fd7acceb2af5u.jpg_220x220q75.jpg_.avif,https://ae-pic-a1.aliexpress-media.com/kf/S2120001082e8417797c901527adcd392A.jpg_220x220q75.jpg_.avif,https://ae-pic-a1.aliexpress-media.com/kf/Sa0d0c2b1fb644dc48c4cc915a1160e88Z.jpg_220x220q75.jpg_.avif,https://ae-pic-a1.aliexpress-media.com/kf/S3d96402005dd40ba9ca37d755011a658N.jpg_220x220q75.jpg_.avif",None,STAINLESS STEEL,Mainland China,,,,,,,,,,,"CE / EU,CIQ,EEC,LFGB",,,,,,,,,,,Gas Cooker,"Eco-Friendly,Stocked",Without Pot Cover,Non-coating,STAINLESS STEEL,Woks,,,,,,,Q102,,,,,,,,,,,,,,,,,,,,,,,,,,,,,,,,,
Non Stick Skillets Stainless Steel Wok Induction Cooktop No-stick Pan Electric Honeycomb Frying Griddle,"PKR6,936","https://ae-pic-a1.aliexpress-media.com/kf/Sab42b80cc26a4f5385a7a27de7be6e4dq.jpg_220x220q75.jpg_.avif,https://ae-pic-a1.aliexpress-media.com/kf/S5c572ad1bdca4594961f6e6fc4d3cbeby.jpg_220x220q75.jpg_.avif,https://ae-pic-a1.aliexpress-media.com/kf/S3fff62e77cc947658f63ee37f5860251c.jpg_220x220q75.jpg_.avif,https://ae-pic-a1.aliexpress-media.com/kf/S4efa4dad533b48388466f494a5a9f7bdu.jpg_220x220q75.jpg_.avif,https://ae-pic-a1.aliexpress-media.com/kf/Sa0f799bb832c4e9a91edae38157f6493B.jpg_220x220q75.jpg_.avif",None,STAINLESS STEEL,Mainland China,,,,,,,,,,,"CE / EU,CIQ,EEC,LFGB",frying pan,Honeycomb wok,cookware accessories,wok for stoves,wok stir-fry pan,everyday pan,wok pan for gas stove,kitchen supply,kitchen wok,kitchen cookware,General Use for Gas and Induction Cooker,"Eco-Friendly,Stocked",Without Pot Cover,Non-coating,STAINLESS STEEL,Woks,,,,,,,q1544,,,,,,,,,,,,,,,,,,,,,,,,,,,,,,,,,
High-Grade Handmade Iron Pan Without Coating Health Wok Non-Stick Pan Gas Stove Induction Cooker General Zhangqiu Iron Wok 36CM,"PKR10,876","https://ae-pic-a1.aliexpress-media.com/kf/S6f95e8b3aa2242a88aa69f8dbba8ae01B.jpg_220x220q75.jpg_.avif,https://ae-pic-a1.aliexpress-media.com/kf/Sca7956788db04445ab12bdb064d66b7bd.jpg_220x220q75.jpg_.avif,https://ae-pic-a1.aliexpress-media.com/kf/S92c7dc479402474a8fb5fdc98593db5fM.jpg_220x220q75.jpg_.avif,https://ae-pic-a1.aliexpress-media.com/kf/S0c2a12ba8a34495f978b0026e2097274e.jpg_220x220q75.jpg_.avif,https://ae-pic-a1.aliexpress-media.com/kf/S0ddee8ea7141419e85621fe0ded31d82F.jpg_220x220q75.jpg_.avif",None,Cast Iron,Mainland China,,,,,,,,,,,"CE / EU,CIQ,EEC,LFGB,SGS",,,,,,,,,,,General Use for Gas and Induction Cooker,Eco-Friendly,Without Pot Cover,Non-coating,Hand forged,Woks,,,,,,,qq827,,,,,,,,,,,,,,,,,,,,,,,,,,yes,yes,yes,yes,,,,
12.5inch Iron Cooking Pot Non Stick Wok Frying Pan Maifan Stone Coating Flat Bottom Cookware Household Chinese Wok Stir-Fry Pan,"PKR6,423","https://ae-pic-a1.aliexpress-media.com/kf/S9da1a8fd48a345b08a1084f15176a545t.jpg_220x220q75.jpg_.avif,https://ae-pic-a1.aliexpress-media.com/kf/S20d770f692424e42bb57de7ba4f836081.jpg_220x220q75.jpg_.avif,https://ae-pic-a1.aliexpress-media.com/kf/Sdbf426bb2d0b47a5b91cc303c8a1397cr.jpg_220x220q75.jpg_.avif,https://ae-pic-a1.aliexpress-media.com/kf/S5918121a43c9472c8f52a92555198fbfy.jpg_220x220q75.jpg_.avif,https://ae-pic-a1.aliexpress-media.com/kf/S90b33e20ee7046e2ab1b77067e1aa24bT.jpg_220x220q75.jpg_.avif",None,Cast Iron,Mainland China,,,,,,,,,,,"CE / EU,CIQ,EEC",,,,,,,,,,,General Use for Gas and Induction Cooker,Eco-Friendly,,Non-stick,Cast Iron,Woks,,,,,,,H651,,,,,,,,,,,,,,,,,,,,,,,,,,,,,,,,,
KENGQ 316 Stainless Steel Wok Non-coating cookware sets Wok Pan with steamer,"PKR11,530","https://ae-pic-a1.aliexpress-media.com/kf/S9ccb31e7408d4a6598318a6501a292eeY.jpg_220x220q75.jpg_.avif,https://ae-pic-a1.aliexpress-media.com/kf/S9ccb31e7408d4a6598318a6501a292eeY.jpg_220x220q75.jpg_.avif,https://ae-pic-a1.aliexpress-media.com/kf/S356d2d7af80246de8daade4e48b3a55dW.jpg_220x220q75.jpg_.avif,https://ae-pic-a1.aliexpress-media.com/kf/S52271cda3cfc4b41b65c18e7cd680de8Z.jpg_220x220q75.jpg_.avif,https://ae-pic-a1.aliexpress-media.com/kf/S7da4c435b2f94cdf9a7b09ad4e0e35e4W.jpg_220x220q75.jpg_.avif",,STAINLESS STEEL,Mainland China,,,,,,,,,,,,,,,,,,,,,,General Use for Gas and Induction Cooker,"Eco-Friendly,Stocked",Stainless Steel Cover,Non-coating,STAINLESS STEEL,Woks,,,,,,,,,,,,,,NoEnName_Null,,,,,,,,,,,,,,,,,,,,,,,,,,
30cm 32cm 34cm High and Durable Chinese Home Titanium Ware Cooking Wok Non-stick Wok for Induction Cooker,"PKR17,762","https://ae-pic-a1.aliexpress-media.com/kf/S59b0c9f040ad40fda9d6db8a4e4bc7bff.jpg_220x220q75.jpg_.avif,https://ae-pic-a1.aliexpress-media.com/kf/S59b0c9f040ad40fda9d6db8a4e4bc7bff.jpg_220x220q75.jpg_.avif,https://ae-pic-a1.aliexpress-media.com/kf/Sc22f995198a1401ca2eef709c4b3cdf5G.jpg_220x220q75.jpg_.avif,https://ae-pic-a1.aliexpress-media.com/kf/Sf0c595e7dbf44a7b891b0fdcbc11a40bH.jpg_220x220q75.jpg_.avif,https://ae-pic-a1.aliexpress-media.com/kf/S8e45ba3af4214dbabf3e9456aec0b4c9b.jpg_220x220q75.jpg_.avif",None,STAINLESS STEEL,Mainland China,,,,,,,,,,,,,,,,,,,,,,General Use for Gas and Induction Cooker,"Eco-Friendly,Stocked",Stainless Steel Cover,Non-coating,STAINLESS STEEL,Woks,,,,,,,,,,,,,,NoEnName_Null,,,,,,,,,,,,,,,,,,,,,,,,,,
Non Stick Skillets Stainless Steel Wok Induction Cooktop No-stick Pan Electric Honeycomb Frying Griddle,"PKR6,936","https://ae-pic-a1.aliexpress-media.com/kf/S5a5d15081edd448381d7b3eb339c131ex.jpg_220x220q75.jpg_.avif,https://ae-pic-a1.aliexpress-media.com/kf/S3a2d2b6e31884116b39de1959f6545529.jpg_220x220q75.jpg_.avif,https://ae-pic-a1.aliexpress-media.com/kf/Sb5de0bef42b64382b831d5a10f0efc62s.jpg_220x220q75.jpg_.avif,https://ae-pic-a1.aliexpress-media.com/kf/S60586c9955c64259bed7002021944ca8q.jpg_220x220q75.jpg_.avif,https://ae-pic-a1.aliexpress-media.com/kf/Sc177dac14cc14e669dc0325cf8cce0fdl.jpg_220x220q75.jpg_.avif",None,STAINLESS STEEL,Mainland China,,,,,,,,,,,"CE / EU,CIQ,EEC,LFGB",frying pan,Honeycomb wok,cookware accessories,wok for stoves,wok stir-fry pan,everyday pan,wok pan for gas stove,kitchen supply,kitchen wok,kitchen cookware,General Use for Gas and Induction Cooker,"Eco-Friendly,Stocked",Without Pot Cover,Non-coating,STAINLESS STEEL,Woks,,,,,,,q1544,,,,,,,,,,,,,,,,,,,,,,,,,,,,,,,,,
Konco Pure Titanium Wok Portable Pan Large Titanium Frying Wok Gas Stove Household Healthy Uncoated Wok Kitchen Cokware Gift,"PKR53,823","https://ae-pic-a1.aliexpress-media.com/kf/S45dac872629c4979bd4618d778d19be98.jpg_220x220q75.jpg_.avif,https://ae-pic-a1.aliexpress-media.com/kf/S45dac872629c4979bd4618d778d19be98.jpg_220x220q75.jpg_.avif,https://ae-pic-a1.aliexpress-media.com/kf/S91918f56909d4de880964568860f239fv.jpg_220x220q75.jpg_.avif,https://ae-pic-a1.aliexpress-media.com/kf/Sb633e79ec4744aa0971d1e78faba50b4E.jpg_220x220q75.jpg_.avif,https://ae-pic-a1.aliexpress-media.com/kf/Hb68f88856917458bab469ab2a119424cF.jpg_220x220q75.jpg_.avif",,titanium,Mainland China,,,,,,,,,,,"CE / EU,CIQ,SGS",,,,,,,,,,,Gas Cooker,"Eco-Friendly,Stocked",Without Pot Cover,Non-stick,Other,"Titanium Fry pan,Portable Pan,Uncoated Titanium wok,Outdoor Camping Cookware,Camping Frying Pan,Titanium Cookware",,,,,,,titanium wok,,,,,,,Konco,,,,,,,,,,,,,,,,,,,,,,,,,,
Non Stick Skillets Stainless Steel Wok Induction Cooktop No-stick Pan Electric Honeycomb Frying Griddle,"PKR6,936","https://ae-pic-a1.aliexpress-media.com/kf/Sfe89320ff30e4f8a82f470882eabbe4dD.jpg_220x220q75.jpg_.avif,https://ae-pic-a1.aliexpress-media.com/kf/See465ba834cf407cb6092ed2700b59a7c.jpg_220x220q75.jpg_.avif,https://ae-pic-a1.aliexpress-media.com/kf/S27c63aeebe7840828624adecc2c34bd27.jpg_220x220q75.jpg_.avif,https://ae-pic-a1.aliexpress-media.com/kf/Sa8622ac12f6c47c3b44f02bcb185a2bem.jpg_220x220q75.jpg_.avif,https://ae-pic-a1.aliexpress-media.com/kf/S5c843c658cd74e30a7f5d1e3157301a97.jpg_220x220q75.jpg_.avif",None,STAINLESS STEEL,Mainland China,,,,,,,,,,,"CE / EU,CIQ,EEC,LFGB",frying pan,Honeycomb wok,cookware accessories,wok for stoves,wok stir-fry pan,everyday pan,wok pan for gas stove,kitchen supply,kitchen wok,kitchen cookware,General Use for Gas and Induction Cooker,"Eco-Friendly,Stocked",Without Pot Cover,Non-coating,STAINLESS STEEL,Woks,,,,,,,q1544,,,,,,,,,,,,,,,,,,,,,,,,,,,,,,,,,
Non Stick Skillets Stainless Steel Wok Induction Cooktop No-stick Pan Electric Honeycomb Frying Griddle,"PKR6,936","https://ae-pic-a1.aliexpress-media.com/kf/S3d05edcfc2f748ea91049978ae1873dfv.jpg_220x220q75.jpg_.avif,https://ae-pic-a1.aliexpress-media.com/kf/S9b4151b30ea94e21a646c40fe7eb9bd9E.jpg_220x220q75.jpg_.avif,https://ae-pic-a1.aliexpress-media.com/kf/S05a6b82bcdf042f3876ab4608cbd4303G.jpg_220x220q75.jpg_.avif,https://ae-pic-a1.aliexpress-media.com/kf/S293352328b6a4d6babeb319927935b78f.jpg_220x220q75.jpg_.avif,https://ae-pic-a1.aliexpress-media.com/kf/S1337e00886c5493bad5eb574d5ebf522q.jpg_220x220q75.jpg_.avif",None,STAINLESS STEEL,Mainland China,,,,,,,,,,,"CE / EU,CIQ,EEC,LFGB",frying pan,Honeycomb wok,cookware accessories,wok for stoves,wok stir-fry pan,everyday pan,wok pan for gas stove,kitchen supply,kitchen wok,kitchen cookware,General Use for Gas and Induction Cooker,"Eco-Friendly,Stocked",Without Pot Cover,Non-coating,STAINLESS STEEL,Woks,,,,,,,q1544,,,,,,,,,,,,,,,,,,,,,,,,,,,,,,,,,
Uncoated non-stick wok Household oil-gathering non-stick pan Special titanium pan for gas induction cooker Vegetable,"PKR49,550","https://ae-pic-a1.aliexpress-media.com/kf/S786789b592364e138719528761412b88Q.jpg_220x220q75.jpg_.avif,https://ae-pic-a1.aliexpress-media.com/kf/S786789b592364e138719528761412b88Q.jpg_220x220q75.jpg_.avif,https://ae-pic-a1.aliexpress-media.com/kf/S1ed81e3868e5450bb3488697a1e70dc53.jpg_220x220q75.jpg_.avif,https://ae-pic-a1.aliexpress-media.com/kf/S43284f21803945639890d548db9d19e03.jpg_220x220q75.jpg_.avif,https://ae-pic-a1.aliexpress-media.com/kf/S46f13f957adf4a12a605dc150593b250q.jpg_220x220q75.jpg_.avif",None,Aluminum alloy,Mainland China,,,,,,,,,,,,Fluorine-free coating,,,,,,,,,,General Use for Gas and Induction Cooker,,,Non-stick,Aluminum alloy,Woks,Gas stove Induction cooker Electric ceramic stove,,,Aluminum alloy lid,,,,,,,,,,XMSJ,,,,,,,,aluminum alloy,"PFAS-free coating, non-rusting non-stick, uncoated",,,,,,,,,,,,,,Chinese mainland,30cm,General purpose of gas electromagnetic stove,household
Non Stick Skillets Stainless Steel Wok Induction Cooktop No-stick Pan Electric Honeycomb Frying Griddle,"PKR6,966","https://ae-pic-a1.aliexpress-media.com/kf/S1d5017e7fc6d41fb85a51c9348584c0cr.jpg_220x220q75.jpg_.avif,https://ae-pic-a1.aliexpress-media.com/kf/Sdc216eda4d934b55965fac57018e6dc4j.jpg_220x220q75.jpg_.avif,https://ae-pic-a1.aliexpress-media.com/kf/Sae953419812c4fdfa5d7c216da1c80e0U.jpg_220x220q75.jpg_.avif,https://ae-pic-a1.aliexpress-media.com/kf/Sc134038411404efb8bbf37e789f446cds.jpg_220x220q75.jpg_.avif,https://ae-pic-a1.aliexpress-media.com/kf/S1e49d66aeb074bceaac9bc027b293e0fJ.jpg_220x220q75.jpg_.avif",None,STAINLESS STEEL,Mainland China,,,,,,,,,,,"CE / EU,CIQ,EEC,LFGB",frying pan,Honeycomb wok,cookware accessories,wok for stoves,wok stir-fry pan,everyday pan,wok pan for gas stove,kitchen supply,kitchen wok,kitchen cookware,General Use for Gas and Induction Cooker,"Eco-Friendly,Stocked",Without Pot Cover,Non-coating,STAINLESS STEEL,Woks,,,,,,,q1544,,,,,,,,,,,,,,,,,,,,,,,,,,,,,,,,,
