Name,Discounted Price,Original Price,Images,"Looking for a refreshing way to calm your nerves in the middle of a busy day? Try Recess Peach Ginger Calming Hemp Extract & Adaptogen Infused Sparkling Water. With 10mg of hemp extract and adaptogens like L-theanine, ginseng, and lemon balm powder, this sparkling water is the perfect alternative to sugary drinks that can leave you feeling jittery. Made with peach juice concentrate, pear juice concentrate, and a tea infusion of apple, roasted chicory root, hibiscus, licorice root, peach, rose hips, and ginger, this beverage is bursting with natural flavors. Order Recess Peach Ginger Calming Hemp Extract & Adaptogen Infused Sparkling Water today on Instacart for same-day delivery or pickup.",Ingredients,Warnings,"Looking for a refreshing, calming drink to accompany your busy day? Try Recess pomegranate hibiscus sparkling water with hemp extract and adaptogens. This beverage is the perfect blend of sweet and tart with a touch of floral notes from hibiscus tea. Infused with 10mg of hemp extract, ginseng, L-theanine, and lemon balm powder, it's sure to calm your mind without causing drowsiness. And at only 20 calories per serving, it's a guilt-free way to hydrate. Plus, it's gluten-free and fat-free! Order Recess pomegranate hibiscus calming hemp extract & adaptogen infused sparkling water on Instacart for same-day delivery or pickup today.",Highlights,Gluten Free,"Quench your thirst and soothe your mind with Daytrip Coconut Pineapple Flavored Cbd-infused Sparkling Water. With just 5 calories and no fat, protein, or carbohydrates, this refreshing beverage is perfect for those who want to enjoy a fizzy drink without the guilt. The CBD from hemp in this drink is combined with terpenes and natural flavors, providing a calming effect that helps you relax. This sparkling water is also gluten-free, sugar-free, vegan, and vegetarian friendly. Just a small warning—it contains coconut! Get your hands on Daytrip Coconut Pineapple Flavored Cbd-infused Sparkling Water through Instacart's same-day delivery or pickup today.",Details,Directions,"Quench your thirst and calm your mind with Vybes Mind + Body Function Hemp juice. This pressed juice is made with blueberry, lemon, and white grape juices, along with green tea, magnesium citrate, and zinc citrate to promote relaxation. The addition of Colorado-grown hemp CBD can help reduce stress while providing a sense of balance. With no fat or gluten and low in calories and sugar, this organic, vegan-friendly drink is a delicious way to soothe your body and mind. Get it delivered to your door with Instacart's same-day delivery or pick it up from a store near you.","Craving something refreshing? Recess Blackberry Chai Calming Hemp Extract & Adaptogen Infused Sparkling Water might be just what you need. This beverage is made with filtered water, chai tea infusion, pear juice concentrate, blackberry juice concentrate, natural flavors, hemp extract, blackberry powder, ginseng powder, apple powder and monk fruit extract—making it a unique and flavorful sparkling water alternative. With only 15 calories and 3 grams of carbohydrates per serving, this beverage can help you quench your thirst without packing on the pounds. So why wait? Get your hands on Recess Blackberry Chai Calming Hemp Extract & Adaptogen Infused Sparkling Water today through Instacart's same-day delivery or pickups!","Quench your thirst while enjoying the benefits of Cannabidiol with Daytrip Tangerine CBD-Infused Sparkling Water. Made with all-natural ingredients like water, Citric Acid, Terpenes, and Natural Flavoring - it's Vegan and Vegetarian friendly, gluten-free and sugar-free - ensuring you never have to compromise on taste or quality. With only 5 calories per serving and 10mg of CBD extracted from hemp plants for a refreshing twist, this drink is perfect for an active lifestyle. Order now through Instacart for same-day delivery or pickup at your convenience. Stay refreshed with this perfect blend of relaxation and hydration!","Enjoy the refreshing taste of Daytrip Cherry Flavored CBD-Infused Sparkling Water, perfect for any occasion. With only 5 calories and 0g of fat, this sparkling water is guilt-free and great for staying hydrated. Made with natural flavor and cannabidiol from hemp, this beverage is gluten-free, vegan, and vegetarian-friendly. The added terpenes provide a unique aroma that complements the delicious cherry flavor. It's important to note that this product contains coconut. Whether you're looking to unwind after a long day or add some fun to your day-to-day routine, you'll love this sparkling water. Get yours now with Instacart same-day delivery or pickup!","You're in for a treat with Wyld CBD Raspberry Real-fruit Infused Sparkling Water. This refreshing drink is the perfect way to quench your thirst and satisfy your taste buds. With all-natural ingredients like real red raspberry juice, lemon juice, and broad-spectrum hemp extract, this carbonated water is a guilt-free indulgence that's both fat-free and gluten-free. And at only 10 calories per serving, it's a healthier alternative to traditional sodas. Plus, it comes with a warning for those with tree nut allergies as it's manufactured in a facility that also uses coconut. Experience the goodness of Wyld CBD Raspberry Real-fruit Infused Sparkling Water with Instacart same-day delivery or pickup today.",Milk Free,"Refresh your day with The Hemp Division Refresh CBD Tea. This invigorating tea is a blend of high-quality ingredients including organic green tea, peppermint, and 20mg of CBD per tea bag. CBD has calming properties and is known to help reduce stress and anxiety. The Hemp Division Refresh CBD Tea is Non-GMO Project Verified and gluten-free. Instacart offers same-day delivery or pickup, so you can enjoy the benefits of this delicious tea without leaving your home. Order now and enjoy the refreshing taste of The Hemp Division Refresh CBD Tea while receiving the potential health benefits that come with it.","Refresh yourself with Vybes Blackberry Hibiscus, the perfect herbal tea to quench your thirst! Made with all-natural ingredients, this bottled tea is a flavorful blend of blackberries and hibiscus. So what makes it so special? Well, it's not only delicious but also contains 25mg of CBD per bottle. CBD has been shown to help reduce stress and anxiety, making this drink a great choice for those who want to relax and unwind. And the best part? You can enjoy all these benefits with Instacart's same-day delivery or pickup option. Sip on Vybes Blackberry Hibiscus and let your worries melt away!","Craving a refreshing drink that will satisfy your thirst and leave you feeling relaxed? Look no further than Rogue Ginger Yuzu CBD Seltzer. Made with carbonated water, apple cider vinegar, natural flavors, and 30mg of nano-emulsified CBD, this sparkling water is packed with flavor and added health benefits. With just 20 calories and 5g of carbs per serving, it's the perfect pick-me-up for any time of day. Plus, it's gluten-free and fat-free to fit into any diet. Enjoy the zesty taste of yuzu combined with invigorating ginger in every sip. Get your hands on Rogue Ginger Yuzu CBD Seltzer with Instacart same-day delivery or pickup.","You crave the taste of a classic cola, but want something extra. Boneyard Elixir King Cola Sparkling CBD Beverage delivers with its blend of refreshing carbonated water, pure cane sugar, citric acid, and natural flavors. Plus, with added hemp extract, each sip offers a unique twist that's sure to please. At only 130 calories per serving and gluten-free, this beverage is perfect for any occasion. Try it today and see for yourself why Boneyard Elixir King Cola Sparkling CBD Beverage is the perfect addition to your drink collection. Available on Instacart for convenient same-day delivery or pickup!"
Recess Peach Ginger Hemp & Adaptogen Infused Sparkling Water,,$5.59, https://www.instacart.com/image-server/272x272/www.instacart.com/assets/domains/product-image/file/large_e1c970b9-0099-4dc3-b1a0-54deba818642.png 4x,,"Filtered Water, Peach Ginger Tea Infusion (filtered Water, Apple*, Roasted Chicory Root*, Hibiscus*, Licorice Root*, Peach*, Rose Hips*, Ginger*), Peach Juice Concentrate, Pear Juice Concentrate, Natural Flavors, Broad Spectrum Hemp Extract, Peach Powder, Ginseng Powder, Citric Acid, Ginger Powder, L-theanine Powder, Lemon Balm Powder, Monk Fruit Extract *organic Ingredients","keep out of reach of children. children, pregnant or nursing women should consult a physician before use.",,,,,,,,,,,,,,,,
"Recess Pomegranate Hibiscus, Hemp & Adaptogen Infused Sparkling Water",,$5.59, https://www.instacart.com/image-server/272x272/www.instacart.com/assets/domains/product-image/file/large_bf1571fa-a562-41db-a01d-00a8bd8397b3.png 4x,,"Filtered Water, Hibiscus Tea Infusion (hibiscus Flower*, Lemongrass*, Lemon Balm*), Pomegranate Juice Concentrate, Pear Juice Concentrate, Citric Acid, Natural Flavors, Broad Spectrum Hemp Extract, Ginseng Powder, L-theanine Powder, Lemon Balm Powder, Monk Fruit Extract *organic Ingredients",,,,,,,,,,,,,,,,,
Daytrip Cbd-Infused Sparkling Water,,$4.49," https://www.instacart.com/image-server/272x272/www.instacart.com/assets/domains/product-image/file/large_8cfa040c-f2d9-4a1a-a8b4-2148b385d33e.png 4x, https://www.instacart.com/image-server/272x272/www.instacart.com/assets/domains/product-image/file/large_73051b43-0ab6-45a3-80ba-c07b96360391.png 4x, https://www.instacart.com/image-server/272x272/www.instacart.com/assets/domains/product-image/file/large_69918db8-2bb2-4769-af20-b16213568b3a.png 4x, https://www.instacart.com/image-server/272x272/www.instacart.com/assets/domains/product-image/file/large_48f01ad5-41db-4760-9493-09334edca094.png 4x",,"Water, Cannabidiol From Hemp, Citric Acid, Terpenes, Natural Flavor.",Contains coconut,,Gluten Free,,,,,,,,,,,,,,
Recess Blood Orange Hemp & Adaptogen Infused Sparkling Water,,$5.59, https://www.instacart.com/image-server/272x272/www.instacart.com/assets/domains/product-image/file/large_b7a20162-e5a6-4176-9a0b-0742ab5d0d53.png 4x,,"Filtered Water, Orange Tea Infusion (filtered Water, Orange Zest, Orange Oil), Orange Juice Concentrate, Pear Juice Concentrate, Blood Orange Juice Concentrate, Natural Flavors, Lemon Juice Concentrate, Broad Spectrum Hemp Extract, Ginseng Powder, L-theanine Powder, Lemon Balm Powder",,,,,,,,,,,,,,,,,
Recess Black Cherry Hemp & Adaptogen Infused Sparkling Water,,$5.59, https://www.instacart.com/image-server/272x272/www.instacart.com/assets/domains/product-image/file/large_29e24c4f-6b2a-44ea-90e6-e6c73784c5d3.png 4x,,"Filtered Water, Cherry Tea Infusion (filtered Water, Dried Cherries), Cherry Juice Concentrate, Natural Flavors, Tart Cherry Powder, Broad Spectrum Hemp Extract, Citric Acid, Ginseng Powder, L-theanine Powder, Lemon Balm Powder, Monk Fruit Extract","keep out of reach of children. children, pregnant or nursing women should consult a physician before use.",,,,,,,,,,,,,,,,
"Dram Herbal Sparkling Water, Citrus & Blossoms, 4 Pack",,$2.49," https://www.instacart.com/image-server/272x272/www.instacart.com/assets/domains/product-image/file/large_60824c77-0451-4bf7-bd66-338e81a408e4.png 4x, https://www.instacart.com/image-server/272x272/www.instacart.com/assets/domains/product-image/file/large_7e818e2a-8d46-4d12-a29f-6a95a15084ed.png 4x, https://www.instacart.com/image-server/272x272/www.instacart.com/assets/domains/product-image/file/large_bf6b9702-39a4-4d28-bf95-d9fd554e018e.png 4x",,"Purified Carbonated Water, Non GMO Glycerine, Rind of Grapefruit (Organic Ingredients), Lemon (Organic Ingredients), Lime (Organic Ingredients), and Orange (Organic Ingredients), Orange Blossom (Organic Ingredients), Hibiscus and Spices (Organic Ingredients).",,,Gluten Free,,,"No Sugar. Vegan. Gluten free. Herbal benefits: Energizing, mood stabilizer and digestive support. What is it? Sparkling water flavored with teal plants crafted in the Rocky Mountains of Colorado. A truly healthy alternative to other flavored sparkling waters, which can contain synthetic chemical flavoring even when labeled as natural flavor, Enjoy as a mixer for cocktails, mocktails, or chilled over ice instead of sugary sodas. Buy a case! BPA free can.",{},,,,,,,,,,
"Dram Herbal Sparkling Water, Cardamom & Black Tea, 4 Pack",,$2.49," https://www.instacart.com/image-server/272x272/www.instacart.com/assets/domains/product-image/file/large_9e9a316e-049d-42bf-ba1b-b838163bd7e7.png 4x, https://www.instacart.com/image-server/272x272/www.instacart.com/assets/domains/product-image/file/large_75cdd762-2c69-4142-97f2-acb1fbad5c55.png 4x, https://www.instacart.com/image-server/272x272/www.instacart.com/assets/domains/product-image/file/large_9f8889e6-2cfd-4696-aa03-701d87a2d80b.png 4x",,"Purified Carbonated Water, Glycerine, Black Hawthorn (Organic Ingredients), Fair Trade Black Tea (Organic Ingredients), Black Cardamom (Organic Ingredients), Black Currant (Organic Ingredients), Herbs & Spices (Organic Ingredients).",,,Gluten Free,,,"No Sugar. Vegan. Gluten free. Herbal benefits: Energizing, mood stabilizer and digestive support. What is it? Sparkling water flavored with teal plants crafted in the Rocky Mountains of Colorado A truly healthy alternative to other flavored sparkling waters, which can contain synthetic chemical flavoring even when labeled as ""natural flavor"", Enjoy as a mixer for Cocktails, mocktails, or chilled over ice instead of sugary sodas. Buy a case! BPA free can.",{},,,,,,,,,,
"Dram Herbal Sparkling Water, Lavender & Lemon Balm, 4 Pack",,$2.49, https://www.instacart.com/image-server/272x272/www.instacart.com/assets/domains/product-image/file/large_bd2c5d76-2a62-4f03-b587-d70028763311.png 4x,,"Purified Carbonated Water, Non-GMO Glycerine, Lavender Flowers (Organic Ingredients), Lemon Balm Leaves (Organic Ingredients), Lemon Peel(Organic Ingredients), Lemongrass (Organic Ingredients), Gentian Root (Organic Ingredients).",,,Gluten Free,,,"What is it? Sparkling water flavored with real plants crafted in the Rocky Mountains of Colorado. A truly healthy alternative to other flavored sparkling waters, which can contain synthetic chemical flavoring even when labeled as ""natural flavor"". Enjoy as a mixer for cocktails, mocktails, or chilled over ice instead of sugary sodas. Gluten free. Vegan. No Sugar. Herbal benefits: Calming, mental clarity, digestive support. Buy a case! Cansource. BPA free can.",{},,,,,,,,,,
VYBES CBD Drinks Mind + Body Function 15mg Hemp Cbd,,$7.79, https://www.instacart.com/image-server/272x272/www.instacart.com/assets/domains/product-image/file/large_37c4d285-d0e7-48df-b199-0a1d9e911b9f.jpg 4x,,"Strawberry Juice*, Lemon Juice*, Lavender*, Erythritol*, Stevia Leaf*, Colorado Grown Hemp Cbd*, Malic Acid, Magnesium Citrate, Zinc Citrate & 100% La Vibes!",,,,,,,,,,,,,,,,,
VYBES CBD Drinks Mind + Body Function Hemp,,$7.79, https://www.instacart.com/image-server/272x272/www.instacart.com/assets/domains/product-image/file/large_b159e5f0-a188-4b00-a0a1-aed1079ab563.jpg 4x,,"Blueberry Juice*, Lemon Juice*, White Grape Juice*, Green Tea*, Erythritol*, Stevia Leaf*, Colorado Grown Hemp Cbd*, Malic Acid, Magnesium Citrate, Citric Acid, Zinc Citrate & 100% La Vibes!",,,,,,,,,,,,,,,,,
Recess Blackberry Chai Hemp & Adaptogen Infused Sparkling Water,,$5.59, https://www.instacart.com/image-server/272x272/www.instacart.com/assets/domains/product-image/file/large_0e376fba-db1c-4039-af15-6df741d2feea.png 4x,,"Filtered Water, Chai Tea Infusion (ginger*, Clove*, Cardamom*, Black Pepper*, Rose Petals*, Black Tea*), Pear Juice Concentrate, Blackberry Juice Concentrate, Natural Flavors, Broad Spectrum Hemp Extract, Blackberry Powder, Ginseng Powder, Apple Powder, Citric Acid, L-theanine Powder, Lemon Balm Powder, Monk Fruit Extract *organic Ingredients","keep out of reach of children. children, pregnant or nursing women should consult a physician before use.",,,,,,,,,,,,,,,,
Daytrip Cbd-Infused Sparkling Water,,$6.29," https://www.instacart.com/image-server/272x272/www.instacart.com/assets/domains/product-image/file/large_4d0f9adb-0c0c-475d-af35-767138fbe303.png 4x, https://www.instacart.com/image-server/272x272/www.instacart.com/assets/domains/product-image/file/large_18270484-199d-4120-9ae5-ad4f47bf34c5.png 4x, https://www.instacart.com/image-server/272x272/www.instacart.com/assets/domains/product-image/file/large_f1f59b8d-4f24-4ff5-92cc-304d35993723.png 4x, https://www.instacart.com/image-server/272x272/www.instacart.com/assets/domains/product-image/file/large_dbd6613e-b847-49a9-bd26-210a28059d7f.png 4x",,"Water, Cannabidiol From Hemp, Citric Acid, Terpenes, Natural Flavor.",,,Gluten Free,,,,,,,,,,,,,,
Daytrip Cbd-Infused Sparkling Water,,$4.49," https://www.instacart.com/image-server/272x272/www.instacart.com/assets/domains/product-image/file/large_874ef172-cc46-49ad-a158-b28a7d26ef0b.png 4x, https://www.instacart.com/image-server/272x272/www.instacart.com/assets/domains/product-image/file/large_700274ca-78cb-4615-8367-12bf4dd43c93.png 4x, https://www.instacart.com/image-server/272x272/www.instacart.com/assets/domains/product-image/file/large_cf62b4eb-d1a0-4d5e-8809-3e28f6f663fd.png 4x, https://www.instacart.com/image-server/272x272/www.instacart.com/assets/domains/product-image/file/large_8f17e0a0-ac35-4e86-923b-7e3280d2b6cb.png 4x",,"Water, Cannabidiol From Hemp, Citric Acid, Terpenes, Natural Flavor.",Contains coconut.,,Gluten Free,,,,,,,,,,,,,,
Daytrip Cbd-Infused Sparkling Water,,$5.39,,,"Water, Cannabidiol From Hemp, Citric Acid, Terpenes, Natural Flavor.",Contains coconut.,,Gluten Free,,,,,,,,,,,,,,
Daytrip Cbd-Infused Sparkling Water,,$6.29," https://www.instacart.com/image-server/272x272/www.instacart.com/assets/domains/product-image/file/large_7b8db3d0-fb6b-48fa-ac3a-68b0d87293a0.png 4x, https://www.instacart.com/image-server/272x272/www.instacart.com/assets/domains/product-image/file/large_8a6decf2-4826-4392-878a-5c4a464412b8.png 4x, https://www.instacart.com/image-server/272x272/www.instacart.com/assets/domains/product-image/file/large_7b7cf5b2-691c-4ab8-bf6c-fa19b6184543.png 4x, https://www.instacart.com/image-server/272x272/www.instacart.com/assets/domains/product-image/file/large_f8635cf9-a7bc-489d-90b6-31ae6e839b55.png 4x",,"Water, Cannabidiol From Hemp, Citric Acid, Terpenes, Natural Flavor.",Contains coconut.,,Gluten Free,,,,,,,,,,,,,,
VYBES CBD Drinks Mind + Body Function 15mg Hemp Cbd,,$7.79, https://www.instacart.com/image-server/272x272/www.instacart.com/assets/domains/product-image/file/large_785a2d69-8026-41b0-9d21-3c0e89d4579a.jpg 4x,,"Peach Juice*, Ginger*, Green Tea*, Erythritol*, Stevia Leaf*, Colorado Grown Hemp Cbd*, Magnesium Citrate, Phosphoric Acid, Citric Acid, Malic Acid, Zinc Citrate & 100% La Vibes!",,,,,,,,,,,,,,,,,
Tru Kava Sparkling Kava Drink,,," https://www.instacart.com/image-server/272x272/www.instacart.com/assets/domains/product-image/file/large_ee114f2f-4e1b-4f0a-a30c-c83fdc5f068e.png 4x, https://www.instacart.com/image-server/272x272/www.instacart.com/assets/domains/product-image/file/large_c0d78f33-94bc-4965-b8fc-e6018238f28d.png 4x, https://www.instacart.com/image-server/272x272/www.instacart.com/assets/domains/product-image/file/large_917a571d-ad11-4208-b282-44fc155a0fea.png 4x, https://www.instacart.com/image-server/272x272/www.instacart.com/assets/domains/product-image/file/large_c29629d8-232b-4ef4-955e-260a58bd61a9.png 4x",,"KAVA ROOT JUICE, WATER, PINEAPPLE JUICE CONCENTRATE, STEVIA REB A 98%, MONK FRUIT EXTRACT, CITRIC ACID, SALT AND NATURAL FLAVORS.",,,,,,,,,,,,,,,,,
Wyld Blackberry Broad Spectrum Hemp Extract 25mg Cbd Real-fruit Infused Sparkling Water,,$5.49, https://www.instacart.com/image-server/272x272/www.instacart.com/assets/domains/product-image/file/large_c2f265b5-fead-4f1d-aec7-e05971285f85.jpg 4x,,"Carbonated Water, Blackberry Juice, Cranberry Juice, Natural Flavor, Broad Spectrum Hemp Extract.",Manufactured in a facility that also uses tree nuts (coconut),,,,,,,,,,,,,,,,
Daytrip Cbd-Infused Sparkling Water,,$6.29," https://www.instacart.com/image-server/272x272/www.instacart.com/assets/domains/product-image/file/large_0fbe8d04-1e4c-4b5d-804f-8d0de7a7d020.png 4x, https://www.instacart.com/image-server/272x272/www.instacart.com/assets/domains/product-image/file/large_db8417b0-f734-44da-8332-46cb0a4fe677.png 4x, https://www.instacart.com/image-server/272x272/www.instacart.com/assets/domains/product-image/file/large_f4f3c236-642d-4860-81fc-a965392eaba5.png 4x, https://www.instacart.com/image-server/272x272/www.instacart.com/assets/domains/product-image/file/large_f29df3b5-693d-4203-ae8c-d4cf1c6da9bd.png 4x",,"Water, Cannabidiol From Hemp, Citric Acid, Terpenes, Natural Flavor.",Contains coconut.,,Gluten Free,,,,,,,,,,,,,,
Wyld Raspberry Sparkling CBD Water,,$5.29, https://www.instacart.com/image-server/272x272/www.instacart.com/assets/domains/product-image/file/large_e018e9c7-079e-4b30-910c-314f05fed5b1.jpg 4x,,"Carbonated Water, Red Raspberry Juice, Lemon Juice, Natural Flavor, Broad Spectrum Hemp Extract.",Manufactured in a facility that also uses tree nuts (coconut).,,,,,,,,,,,,,,,,
Daytrip Tangerine CBD Sparkling Water,,, https://www.instacart.com/image-server/272x272/www.instacart.com/assets/domains/product-image/file/large_6529192e-3057-4d58-8a23-ea9e247351c7.jpg 4x,,,,,,,,,,,,,,,,,,,
Sati Soda Energy Berry CBD Soda,,$3.59, https://www.instacart.com/image-server/272x272/www.instacart.com/assets/domains/product-image/file/large_95f7b3ed-0ad2-457c-9231-2df32224a6a5.jpg 4x,,"sparkling water, organic cane sugar, nongmo citric acid, organic guayusa leaf extract, guarana seed extract, yerba mate leaf extract, nano-emulsified hemp extract","consult physician if pregnant, nursing or taking medication. keep away from children.",,"Gluten Free,Milk Free",,,,,,,,,,,,,,
Sati Soda Soda Chill Gngr Cbd 23Mg,,$4.49," https://www.instacart.com/image-server/272x272/www.instacart.com/assets/domains/product-image/file/large_3373d4a6-56b8-4da9-83ed-4f7109101feb.png 4x, https://www.instacart.com/image-server/272x272/www.instacart.com/assets/domains/product-image/file/large_d194b9b9-e618-43b4-89e3-deb69b9339ff.png 4x, https://www.instacart.com/image-server/272x272/www.instacart.com/assets/domains/product-image/file/large_2dd6f8d7-c36d-4744-888d-60da616eb315.png 4x, https://www.instacart.com/image-server/272x272/www.instacart.com/assets/domains/product-image/file/large_3037c21b-4a7e-4ce4-bdff-02280719963b.png 4x",,"SPARKLING WATER, ORGANIC CANE SUGAR, NON-GMO CITRIC ACID, ORGANIC GINGER FLAVOR, ORGANIC CHAMOMILE FLOWER EXTRACT, ORGANIC HEMP EXTRACT, ORGANIC GINGER ROOT EXTRACT","consult physician if pregnant, nursing or taking medication. keep away from children.",,Gluten Free,,,,,,,,,,,,,,
Sati Soda Soda Lmn Lime Cbd 23Mg,,$4.49," https://www.instacart.com/image-server/272x272/www.instacart.com/assets/domains/product-image/file/large_6d924ae8-67c2-4d83-a11c-f7e1a12ebfb8.png 4x, https://www.instacart.com/image-server/272x272/www.instacart.com/assets/domains/product-image/file/large_78225dd1-b03c-4386-b857-a4f05ca934c7.png 4x, https://www.instacart.com/image-server/272x272/www.instacart.com/assets/domains/product-image/file/large_ca6d999c-5164-470f-ac93-55152a2198b5.png 4x, https://www.instacart.com/image-server/272x272/www.instacart.com/assets/domains/product-image/file/large_3bb9d7d9-3541-4ab7-9af3-d02207ced216.png 4x",,"SPARKLING WATER, ORGANIC CANE SUGAR, ORGANIC LEMON-LIME FLAVOR, NON-GMO CITRIC ACID, ORGANIC ASHWAGANDHA EXTRACT, ORGANIC HEMP EXTRACT, ORGANIC RHODIOLA","consult physician if pregnant, nursing or taking medication. keep away from children.",,Gluten Free,,,,,,,,,,,,,,
"Recess Coconut Lime, Hemp & Adaptogen Infused Sparkling Water",,$5.59, https://www.instacart.com/image-server/272x272/www.instacart.com/assets/domains/product-image/file/large_2911f1f3-7cb6-427a-92c1-0f4cdc2ea33e.png 4x,,"Filtered Water, Coconut Lime Tea Infusion (filtered Water, Coconut Chips*, Lime Zest), Coconut Water, Pear Juice Concentrate, Natural Flavors, Lemon Juice Concentrate, Broad Spectrum Hemp Extract, Ginseng Powder, L-theanine Powder, Lemon Balm Powder *organic Ingredients",,,,,,,,,,,,,,,,,
The Hemp Division Refresh CBD Tea,,, https://www.instacart.com/image-server/272x272/www.instacart.com/assets/domains/product-image/file/large_f52aaf04-25fd-46bc-a4ee-d22168646781.jpg 4x,,,,,,,,,,,,,,,,,,,
"W+ Sparkling Water, CBD, 25 mg, Tangerine",,," https://www.instacart.com/image-server/272x272/www.instacart.com/assets/domains/product-image/file/large_b8a00a6a-a77e-4d7d-a299-3ea49252b08e.png 4x, https://www.instacart.com/image-server/272x272/www.instacart.com/assets/domains/product-image/file/large_b4314af6-836e-4a07-a4de-689d4379a6ca.png 4x, https://www.instacart.com/image-server/272x272/www.instacart.com/assets/domains/product-image/file/large_1ca1fe3f-2b73-4655-ab64-b7dcf1fc6db0.png 4x, https://www.instacart.com/image-server/272x272/www.instacart.com/assets/domains/product-image/file/large_34644054-1576-4744-a115-7ee24fe7bb16.png 4x",,"Carbonated Water, Natural Flavors, Quillaja Extract, Mct Coconut Oil, Ascorbic Acid, Cbd (naturally Derived Broad Spectrum Hemp Extract From Plants Grown, Harvested, And Processed In The Usa).",,,,,,"Dietary Supplement. Naturally flavored. Zero calories. Focused & chilled. Zero THC. Weller +. (These statements have not been evaluated by the Food and Drug Administration. This product is not intended to diagnose, treat, cure, or prevent any disease.)",{},,,,,,,,,,
Hemp Division Calm CBD Tea,,, https://www.instacart.com/image-server/272x272/www.instacart.com/assets/domains/product-image/file/large_d16d1c13-3ce7-4644-8d91-4a983f9857be.jpg 4x,,,,,,,,,,,,,,,,,,,
"W+ Sparkling Water, CBD, 25 mg, Watermelon",,," https://www.instacart.com/image-server/272x272/www.instacart.com/assets/domains/product-image/file/large_cb084ae6-f7e8-473e-8f3f-01f7704563a1.png 4x, https://www.instacart.com/image-server/272x272/www.instacart.com/assets/domains/product-image/file/large_1d5ea624-bc12-44f6-a028-c2208753f9b7.png 4x, https://www.instacart.com/image-server/272x272/www.instacart.com/assets/domains/product-image/file/large_0cfaec5c-3a3b-43ee-8893-b0a0409fb03b.png 4x",,"Carbonated Water, Natural Flavors, Quillaja Extract, Mct Coconut Oil, Ascorbic Acid, Cbd (naturally Derived Broad Spectrum Hemp Extract From Plants Grown, Harvested, And Processed In The Usa).",,,,,,"Dietary Supplement. Naturally flavored. Zero calories. Focused & chilled. Zero THC. Weller +. (These statements have not been evaluated by the Food and Drug Administration. This product is not intended to diagnose, treat, cure, or prevent any disease.)",{},,,,,,,,,,
"W+ Sparkling Water, CBD, 25 mg, Black Cherry",,," https://www.instacart.com/image-server/272x272/www.instacart.com/assets/domains/product-image/file/large_81191f5b-545c-4a87-bac6-311e874052d6.png 4x, https://www.instacart.com/image-server/272x272/www.instacart.com/assets/domains/product-image/file/large_cd3c8f09-f8b8-4f54-bbc0-5dc49851c8a5.png 4x",,"Carbonated Water, Natural Flavors, Quillaja Extract, Mct Coconut Oil, Ascorbic Acid, Cbd (naturally Derived Broad Spectrum Hemp Extract From Plants Grown, Harvested, And Processed In The Usa).",,,,,,"Dietary Supplement. Naturally flavored. Zero calories. Focused & chilled. Zero THC. Weller +. (These statements have not been evaluated by the Food and Drug Administration. This product is not intended to diagnose, treat, cure, or prevent any disease.)",{},,,,,,,,,,
"The Hemp Division SIESTA CBD 18 mg DIETARY SUPPLEMENT DRINK, BLOOD ORANGE",,, https://www.instacart.com/image-server/272x272/www.instacart.com/assets/domains/product-image/file/large_c6348973-2d77-49e0-a74a-e6e8f0ee46c1.jpg 4x,,"Brewed Infusion (triple Filtered Water, Apple Chips, Orange Peel, Chamomile, Hibiscus, Rosehips, Beet Root, Cbd Hemp Extract) Himalayan Sea Salt.",,,,,,,,,,,,,,,,,
Wyld Grapefuit Sparkling CBD Water,,$5.29, https://www.instacart.com/image-server/272x272/www.instacart.com/assets/domains/product-image/file/large_5ec4eb85-0f09-4d65-ad32-d82531bf030a.jpg 4x,,,,,,,,,,,,,,,,,,,
Dram Adaptogenic Sparkling Water + Cbd,,," https://www.instacart.com/image-server/272x272/www.instacart.com/assets/domains/product-image/file/large_ddfc61da-d76e-48f7-88a4-e1278590fca1.png 4x, https://www.instacart.com/image-server/272x272/www.instacart.com/assets/domains/product-image/file/large_961f4d50-c3a2-43bc-ad02-1479d7727e2e.png 4x, https://www.instacart.com/image-server/272x272/www.instacart.com/assets/domains/product-image/file/large_cce4e777-932d-46c8-bd37-09a186e625cb.png 4x, https://www.instacart.com/image-server/272x272/www.instacart.com/assets/domains/product-image/file/large_29c0afb8-e268-458d-83a0-3c9006857ec3.png 4x",,PURIFIED CARBONATED WATER,,,,,,,,,,,,,,,,,
DRAM Lemongrass CBD Sparkling Water,,$6.29, https://www.instacart.com/image-server/272x272/www.instacart.com/assets/domains/product-image/file/large_9f9ac197-3491-4d75-80f4-b9175205c9cc.jpg 4x,,PURIFIED CARBONATED WATER,,,Gluten Free,,,,,,,,,,,,,,
Vybes Organic Honey Crisp Apple Basil Mind + Body Function CBD Juice,,, https://www.instacart.com/image-server/272x272/www.instacart.com/assets/domains/product-image/file/large_53030b67-6123-41db-b546-71e684a9f581.jpg 4x,,"Unfiltered Honeycrisp Apple Juice, Lemon Juice, , Agave, , Basil, , Green Tea, , Malic Acid, Erythritol, , Hemp Extract, , Stevia Leaf, . , Organically Produced.",,,,,,,,,,,,,,,,,
Vybes Blackberry Hibiscus,,, https://www.instacart.com/image-server/272x272/www.instacart.com/assets/domains/product-image/file/large_317f790f-75bc-4dc1-b887-4a08d1530f47.jpg 4x,,,,,,,,,,,,,,,,,,,
Otto's Pineapple Passion Cbd Cider Sparkling Beverage,,, https://www.instacart.com/image-server/272x272/www.instacart.com/assets/domains/product-image/file/large_80cea41a-274f-4c90-80ab-fee3e96fdf46.jpg 4x,,"Filtered Water, Organic Apple Juice Concentrate, Pineapple Juice Concentrate, Passionfruit Juice Concentrate, Citric Acid, Natural Hop Flavor, Hemp Extract (cbd), Potassium Sorbate (preservative).",,,,,,,,,,,,,,,,,
Cann Grapefruit Rosemary Cannabis-infused Social Tonic,,, https://www.instacart.com/image-server/272x272/www.instacart.com/assets/domains/product-image/file/large_e0ec941c-e886-4e26-9b8f-242cf54ea2ac.jpg 4x,,"Carbonated Water, Grapefruit Juice, Organic Agave Nectar, Hemp Extract, Natural Rosemary Flavor, Natural Orange Flavor",,,,,,,,,,,,,,,,,
"Cloud Water Blackberry Lemon & Ginger, Hemp-infused Sparkling Beverage",,, https://www.instacart.com/image-server/272x272/www.instacart.com/assets/domains/product-image/file/large_8c9c5d95-114a-44c3-b63b-78424de89d08.jpg 4x,,"Ingredients: Carbonated Water, Raw Wildflower Honey, Lemon Juice Concentrate, Gum Acacia, Natural Flavors, Hemp Extract",,,,,,,,,,,,,,,,,
"Cloud Water Blood Orange & Coconut, Hemp-infused Sparkling Beverage",,, https://www.instacart.com/image-server/272x272/www.instacart.com/assets/domains/product-image/file/large_3533eed1-19b9-4c81-bb49-7a4f18175883.jpg 4x,,"Ingredients: Carbonated Water, Raw Wildflower Honey, Lemon Juice Concentrate, Gum Acacia, Natural Flavors, Hemp Extract",,,,,,,,,,,,,,,,,
Rogue Blueberry Passionfruit CBD Seltzer,,, https://www.instacart.com/image-server/272x272/www.instacart.com/assets/domains/product-image/file/large_08f8fef8-e2f8-4cc9-a1bc-8629d36db2f7.png 4x,,"Carbonated Water, Cane Sugar, Apple Cider Vinegar, Natural Flavors With Other Natural Flavors, Color From Fruits And Turmeric, Citric Acid, L-theanine, Sodium Benzoate (for Freshness) And Cannabidiol Hemp Extract",,,,,,"For our Passion Fruit Blueberry CBD Seltzer, we've crafted a new type of beverage bursting with the tropical flavors of passion fruit, blueberry, and a few extra goodies like 30mg nano-emulsified CBD, apple cider vinegar, and L‑Theanine.",,,,,,,,,,,
"CBD Living Water, Living, CBD + Alkaline, 9+ pH",,," https://www.instacart.com/image-server/272x272/www.instacart.com/assets/domains/product-image/file/large_31114861-0937-4a0d-863a-01345e7eac86.png 4x, https://www.instacart.com/image-server/272x272/www.instacart.com/assets/domains/product-image/file/large_d9fb1111-a97f-4ca4-8349-b8041b51285f.png 4x, https://www.instacart.com/image-server/272x272/www.instacart.com/assets/domains/product-image/file/large_bbf069e1-cdbb-496f-a4df-24827821701a.png 4x, https://www.instacart.com/image-server/272x272/www.instacart.com/assets/domains/product-image/file/large_f294db3b-062f-4819-afad-b1b727d708b1.png 4x",,"Proprietary Nano Hemp Extract 10 mg (Cannabidiol [CBD] Aerial Parts), Purified 9+ pH (Approximately 9+ pH) Water, Potassium Bicarbonate, Magnesium Sulfate, Potassium Hydroxide.","Consult your physician before use if you are pregnant, lactating, have a medical condition or are taking any medication.",,,,,"Why nanotechnology? By utilizing nanotechnology, we break down the CBD into nanoparticles smaller than 100 nanometers in size, creating 10 million nanograms of CBD per bottle. WE then add vitamins, minerals and nutrients and infuse them in 9+ pH (approximately 9+ pH) Alkaline water. CBD Living WAter is created! This proprietary allows the nanosized CBD to immediately penetrate into your body's cells, giving increased bioavailability at the cellular level. No waiting! Nano CBD (Cannabidiol). Proprietary Nano CBD extract, derived from hemp. CBD stimulates the CB1 and CB2 receptors of the endocannabinoid system. The CB receptors are primarily in the brain while the CB2 receptors are predominantly found in the immune system. www.cbdliving.com. Follow Us: Facebook. Instagram. (hashtag)cbdliving. Award Winning CBD. Est 2013. BPA/BPS free bottle. Give this bottle another life. Please recycle. (FDA: These statements have not been evaluated by the FDA. This product is not intended to diagnose, treat, cure or prevent any disease.)",{},,,,,,,,,,
Rogue Ginger Yuzu CBD Seltzer,,, https://www.instacart.com/image-server/272x272/www.instacart.com/assets/domains/product-image/file/large_76f337e3-7078-4060-8faa-ed2afd501a33.png 4x,,"Carbonated Water, Cane Sugar, Apple Cider Vinegar, Natural Flavors With Other Natural Flavors, Citric Acid, L-theanine, Sodium Benzoate (for Freshness), Color From Fruits And Cannabidiol Hemp Extract",,,,,,"We've crafted a new type of beverage bursting with the citrus flavors of yuzu, a hint of ginger, and a few extra goodies like 30mg nano-emulsified CBD, apple cider vinegar, and L‑Theanine.",,,,,,,,,,,
"The Hemp Division Focus High Bioavailability 05 Mg Cbd Dietary Supplement, Yerba Mate, Yaupon & Mint",,, https://www.instacart.com/image-server/272x272/www.instacart.com/assets/domains/product-image/file/large_0b44d6f9-aae0-427a-9520-b9f517157b67.jpg 4x,,"Brewed Infusion (triple Filtered Water, Organic Yerba Mate, Organic Yaupon, Organic Guayusa, Organic Mint, Hemp Leaves, Hemp Flowers, Cbd Hemp Extract) Citric Acid & Himalayan Sea Salt.",,,,,,,,,,,,,,,,,
"Cloud Water Grapefruit Mint & Basil, Hemp-infused Sparkling Beverage",,, https://www.instacart.com/image-server/272x272/www.instacart.com/assets/domains/product-image/file/large_f4b0ea53-20a7-41a6-88b6-16432c6f41e0.jpg 4x,,"Ingredients: Carbonated Water, Raw Wildflower Honey, Lemon Juice Concentrate, Gum Acacia, Natural Flavors, Hemp Extract",,,,,,,,,,,,,,,,,
Weller 25 mg CBD-Infused Watermelon Sparkling Water,,, https://www.instacart.com/image-server/272x272/www.instacart.com/assets/domains/product-image/file/large_273c6f00-b723-475e-9bf3-31c5b8856593.jpg 4x,,,,,,,,,,,,,,,,,,,
Boneyard Elixir King Cola Sparkling Cbd Beverage,,, https://www.instacart.com/image-server/272x272/www.instacart.com/assets/domains/product-image/file/large_96c9ea61-26ed-4a61-81d1-b0a8f58e8050.jpg 4x,,"Carbonated Water, Cane Sugar, Caramel Color, Citric Acid, Arabica Gum, Coconut Oil, Natural Flavors , Caffeine, Hemp Extract",,,,,,,,,,,,,,,,,
Otto's Hopped Apple 30 Mg Cbd Cider Sparkling Beverage,,, https://www.instacart.com/image-server/272x272/www.instacart.com/assets/domains/product-image/file/large_c496897c-dd45-40fd-a905-1675bbd453d9.jpg 4x,,"Filtered Water, Organic Apple Juice Concentrate, Citric Acid, Natural Hop Flavor, Hemp Extract (cbd), Potassium Sorbate (preservative).",,,,,,,,,,,,,,,,,
