Product Name,Price,Product Image,Produkttypen,Bitte beachten Sie,Für,Obermaterialien,Schuhsohle,Komforteigenschaften,Ausstattungen,Schuhtechnologie,Verschluss,Innenausstattung,Siegel,Serie,Obermaterial,Innenfutter,Ausstattung,Produkttyp,vegan,Innenausstattungen,Schuhtechnologien,Farbe,Stil,Serien,Stile,Bemerkung,Schuhweite,Muster,Verschlüsse,Farben
New Balance 530,"69,99 €",https://cdn.idealo.com/folder/Product/200603/5/200603576/s1_produktbild_gross/new-balance-530.jpg,"Chunky-Sneaker, Low-Top-Sneaker, Retro-Sneaker",Die Angebote können verschiedene Größen beinhalten.,Unisex,"Mesh, Textil",Kautschuk,"atmungsaktiv, gepolstert","Zuglasche, verstärkte Schuhspitze",New Balance ABZORB,mit Schnürung,gepolsterter Knöchelbereich,"Sustainable Apparel Coalition, Leather Working Group, Better Cotton Initiative, Fair Labor Association",,,,,,,,,,,,,,,,,
Adidas Samba OG,"19,32 €",https://cdn.idealo.com/folder/Product/5824/9/5824995/s1_produktbild_gross/adidas-samba-og.jpg,"Retro-Sneaker, Low-Top-Sneaker",Die Angebote können verschiedene Größen beinhalten.,Unisex,,Gummi,gepolstert,,,mit Schnürung,Ortholite Einlegesohle,"Certification LEED, Leather Working Group, Better Cotton Initiative, Fair Labor Association",Adidas Samba,Leder,Synthetik,,,,,,,,,,,,,,
Adidas Handball Spezial,"19,32 €",https://cdn.idealo.com/folder/Product/437/6/437636/s1_produktbild_gross/adidas-handball-spezial.jpg,"Retro-Sneaker, Low-Top-Sneaker",Die Angebote können verschiedene Größen beinhalten.,Unisex,,Gummi,,,,mit Schnürung,,"Certification LEED, Leather Working Group, Fair Labor Association, Better Cotton Initiative, Fair Wear Foundation",Adidas Handball Spezial,Wildleder,Synthetik,verstärkte Schuhspitze,,,,,,,,,,,,,
Adidas Campus 00s,"50,00 €",https://cdn.idealo.com/folder/Product/202068/0/202068046/s1_produktbild_gross/adidas-campus-00s.jpg,,Die Angebote können verschiedene Größen beinhalten.,Herren,,Kautschuk,leichtgewichtig,,,mit Schnürung,,"Certification LEED, Leather Working Group, Fair Labor Association, Better Cotton Initiative, Fair Wear Foundation",Adidas Campus,Veloursleder,Textil,,Low-Top-Sneaker,nein,,,,,,,,,,,
Adidas Handball Spezial Women,"69,74 €",https://cdn.idealo.com/folder/Product/203143/1/203143198/s1_produktbild_gross/adidas-handball-spezial-women.jpg,,Die Angebote können verschiedene Größen beinhalten.,,,Gummi,,,,mit Schnürung,,"Certification LEED, Leather Working Group, Fair Labor Association, Better Cotton Initiative, Fair Wear Foundation",Adidas Handball Spezial,Veloursleder,"Synthetik, Textil",,Low-Top-Sneaker,,,,,,,,,,,,
Adidas Gazelle Bold Women,"45,59 €",https://cdn.idealo.com/folder/Product/202260/4/202260433/s1_produktbild_gross/adidas-gazelle-bold-women.jpg,"Low-Top-Sneaker, Plateau-Sneaker",Die Angebote können verschiedene Größen beinhalten.,Damen,,Gummi,atmungsaktiv,,,mit Schnürung,,"Certification LEED, Leather Working Group, Better Cotton Initiative, Fair Labor Association",Adidas Gazelle,Veloursleder,Synthetik,,,,,,,,,,,,,,
Converse Chuck Taylor All Star Hi,"29,99 €",https://cdn.idealo.com/folder/Product/2867/3/2867368/s1_produktbild_gross/converse-chuck-taylor-all-star-hi.jpg,,Die Angebote können verschiedene Größen beinhalten.,,"Canvas, Textil",Gummi,"flexibel, atmungsaktiv",,,mit Schnürung,,,Converse All Star,,Textil,Overlays,High-Top-Sneaker,,,,,,,,,,,,
Skechers Uno - Stand On Air Women,"24,99 €",https://cdn.idealo.com/folder/Product/200833/4/200833460/s1_produktbild_gross/skechers-uno-stand-on-air-women.jpg,,Die Angebote können verschiedene Größen beinhalten.,Damen,"Synthetik, Kunstleder",Gummi,"atmungsaktiv, gepolstert, leichtgewichtig","Overlays, verstärkte Schuhspitze",,mit Schnürung,,,,,"Synthetik, Textil",,Low-Top-Sneaker,,"gepolsterter Knöchelbereich, Memory-Foam, Wechselfußbett",,,,,,,,,,
Nike Air Force 1 '07,"71,10 €",https://cdn.idealo.com/folder/Product/1370/4/1370489/s1_produktbild_gross/nike-air-force-1-07.jpg,"Retro-Sneaker, Low-Top-Sneaker",Die Angebote können verschiedene Größen beinhalten.,Herren,,Kautschuk,"atmungsaktiv, gepolstert, leichtgewichtig",,Nike Air Sole (Dämpfung),mit Schnürung,gepolsterter Knöchelbereich,,Nike Air Force 1,Leder,Textil,gepolsterte Zunge,,,,,,,,,,,,,
New Balance 574,"50,15 €",https://cdn.idealo.com/folder/Product/2825/9/2825987/s1_produktbild_gross/new-balance-574.jpg,"Retro-Sneaker, Low-Top-Sneaker","Der Schuh fällt klein aus., Die Angebote können verschiedene Größen beinhalten.",,,Gummi,atmungsaktiv,,,mit Schnürung,,"Sustainable Apparel Coalition, Fair Labor Association",New Balance 574,,Synthetik,verstärkte Schuhspitze,,,,"New Balance ENCAP, New Balance SL-2 (Schuhleisten)",,,,,,,,,
Asics Gel-NYC (1201A789),"96,95 €",https://cdn.idealo.com/folder/Product/202763/5/202763575/s1_produktbild_gross/asics-gel-nyc-1201a789.jpg,,Die Angebote können verschiedene Größen beinhalten.,,,,,,,,,"Sustainable Apparel Coalition, Leather Working Group, Better Cotton Initiative, bluesign",,,,,Low-Top-Sneaker,,,,,,,,,,,,
Adidas Gazelle Indoor,"59,99 €",https://cdn.idealo.com/folder/Product/3008/9/3008966/s1_produktbild_gross/adidas-gazelle-indoor.jpg,,Die Angebote können verschiedene Größen beinhalten.,,,Gummi,,,,mit Schnürung,,,Adidas Gazelle,Leder,Textil,,Low-Top-Sneaker,,,,,,,,,,,,
Reebok Club C 85,"25,97 €",https://cdn.idealo.com/folder/Product/5243/1/5243160/s1_produktbild_gross/reebok-club-c-85.jpg,,Die Angebote können verschiedene Größen beinhalten.,,,Gummi,,,,mit Schnürung,,,Reebok Club C,Leder,,,Low-Top-Sneaker,,,,,,,,,,,,
New Balance 574 Core,"71,50 €",https://cdn.idealo.com/folder/Product/6369/9/6369914/s1_produktbild_gross/new-balance-574-core.jpg,"Low-Top-Sneaker, Retro-Sneaker",Die Angebote können verschiedene Größen beinhalten.,Unisex,"Mesh, Veloursleder",Gummi,atmungsaktiv,"Overlays, verstärkte Schuhspitze",,mit Schnürung,,"Leather Working Group, Better Cotton Initiative, Sustainable Apparel Coalition, Fair Labor Association",New Balance 574,,Synthetik,,,,,"New Balance ENCAP, New Balance SL-2 (Schuhleisten)",,,,,,,,,
Adidas Samba OG Women,"58,99 €",https://cdn.idealo.com/folder/Product/6198/4/6198426/s1_produktbild_gross/adidas-samba-og-women.jpg,,Die Angebote können verschiedene Größen beinhalten.,,"Leder, Veloursleder",Gummi,,,,mit Schnürung,,"Certification LEED, Leather Working Group, Fair Labor Association, Better Cotton Initiative, Fair Wear Foundation",Adidas Samba,,Textil,,Low-Top-Sneaker,,,,,,,,,,,,
Reebok Classic Leather,"22,98 €",https://cdn.idealo.com/folder/Product/1200/0/1200056/s1_produktbild_gross/reebok-classic-leather.jpg,"Retro-Sneaker, Low-Top-Sneaker",Die Angebote können verschiedene Größen beinhalten.,,,Gummi,flexibel,,,mit Schnürung,Wechselfußbett,,Reebok Classic Leather,Leder,Textil,Overlays,,,,,,,,,,,,,
Nike Shox TL,"119,00 €",https://cdn.idealo.com/folder/Product/6724/3/6724390/s1_produktbild_gross/nike-shox-tl.jpg,"Low-Top-Sneaker, Chunky-Sneaker",Die Angebote können verschiedene Größen beinhalten.,Herren,"Synthetik, Mesh",Gummi,"leichtgewichtig, atmungsaktiv",,,mit Schnürung,,"Certification LEED, Sustainable Apparel Coalition, Leather Working Group, Fair Labor Association, Better Cotton Initiative",Nike Shox,,Textil,Reflektoren,,,,"Nike Shox, Flyknit",,,,,,,,,
Vans Old Skool,"25,00 €",https://cdn.idealo.com/folder/Product/487/5/487558/s1_produktbild_gross/vans-old-skool.jpg,"Retro-Sneaker, Low-Top-Sneaker",Die Angebote können verschiedene Größen beinhalten.,,,Gummi,gepolstert,,,mit Schnürung,gepolsterter Knöchelbereich,,Vans Old Skool,,Textil,gepolsterte Zunge,,,,,,,,,,,,,
New Balance 327 Women,"59,99 €",https://cdn.idealo.com/folder/Product/200648/4/200648440/s1_produktbild_gross/new-balance-327-women.jpg,"Low-Top-Sneaker, Retro-Sneaker",Die Angebote können verschiedene Größen beinhalten.,Damen,"Mesh, Veloursleder",Gummi,,"Overlays, Gummi-Zehenkappe",,mit Schnürung,gepolsterter Knöchelbereich,"Sustainable Apparel Coalition, Leather Working Group, Better Cotton Initiative, Fair Labor Association",,,,,,,,,,,,,,,,,
Adidas Handball Spezial Women Shoes earth strata/off white/gum,"104,64 €",https://cdn.idealo.com/folder/Product/204302/9/204302946/s1_produktbild_gross/adidas-handball-spezial-women-shoes-earth-strata-off-white-gum.jpg,,Die Angebote können verschiedene Größen beinhalten.,,,Gummi,,,,mit Schnürung,,"Certification LEED, Leather Working Group, Better Cotton Initiative, Fair Labor Association, Fair Wear Foundation",Adidas Handball Spezial,Veloursleder,"Synthetik, Textil",,Low-Top-Sneaker,,,,braun,Vintage,,,,,,,
Converse Chuck Taylor All Star Lift High Top,"29,99 €",https://cdn.idealo.com/folder/Product/6430/6/6430652/s1_produktbild_gross/converse-chuck-taylor-all-star-lift-high-top.jpg,,Die Angebote können verschiedene Größen beinhalten.,Damen,"Textil, Canvas",Gummi,"flexibel, atmungsaktiv",,,mit Schnürung,,,Converse All Star,,Textil,Gummi-Zehenkappe,Plateau-Sneaker,,,,,,,,,,,,
Nike Air Max 90,"94,49 €",https://cdn.idealo.com/folder/Product/920/9/920965/s1_produktbild_gross/nike-air-max-90.jpg,"Low-Top-Sneaker, Retro-Sneaker",Die Angebote können verschiedene Größen beinhalten.,Herren,"Leder, Textil",Gummi,gepolstert,"verstärkte Schuhspitze, gepolsterte Zunge",Nike Air Sole (Dämpfung),mit Schnürung,,,Nike Air Max 90,,Textil,,,,,,,,,,,,,,
New Balance 574 Unisex,"51,99 €",https://cdn.idealo.com/folder/Product/202135/0/202135087/s1_produktbild_gross/new-balance-574-unisex.jpg,,Die Angebote können verschiedene Größen beinhalten.,Unisex,"Veloursleder, Mesh",Gummi,,,New Balance ENCAP,mit Schnürung,,"Sustainable Apparel Coalition, Leather Working Group, Better Cotton Initiative, Fair Labor Association",New Balance 574,,Textil,,Low-Top-Sneaker,,,,,,,,,,,,
Adidas Gazelle,"40,99 €",https://cdn.idealo.com/folder/Product/5071/3/5071323/s1_produktbild_gross/adidas-gazelle.jpg,"Retro-Sneaker, Low-Top-Sneaker",Die Angebote können verschiedene Größen beinhalten.,,"Leder, Wildleder",Gummi,atmungsaktiv,,,mit Schnürung,,,,,,,,nein,,,,,"Adidas Gazelle, Adidas Originals",,,,,,
Nike Dunk Low Retro,"62,99 €",https://cdn.idealo.com/folder/Product/201787/8/201787847/s1_produktbild_gross/nike-dunk-low-retro.jpg,"Retro-Sneaker, Low-Top-Sneaker",Die Angebote können verschiedene Größen beinhalten.,Herren,,"Gummi, Schaumstoff",,,,mit Schnürung,,,Nike Dunk,Leder,,,,,,,,,,,,,,,
New Balance 480,"20,00 €",https://cdn.idealo.com/folder/Product/201203/5/201203578/s1_produktbild_gross/new-balance-480.jpg,,Die Angebote können verschiedene Größen beinhalten.,Unisex,"Textil, Leder, Veloursleder",Gummi,,,,mit Schnürung,,"Sustainable Apparel Coalition, Leather Working Group, Better Cotton Initiative, Fair Labor Association",,,Textil,gepolsterte Zunge,Low-Top-Sneaker,,,,,,,,,,,,
Adidas Superstar,"16,20 €",https://cdn.idealo.com/folder/Product/362/9/362997/s1_produktbild_gross/adidas-superstar.jpg,"Retro-Sneaker, Low-Top-Sneaker",Die Angebote können verschiedene Größen beinhalten.,Unisex,,Gummi,,,,mit Schnürung,,,Adidas Superstar,,Textil,Gummi-Zehenkappe,,,,,,,,,,,,,
Nike Court Vision Low Next Nature,"40,92 €",https://cdn.idealo.com/folder/Product/201579/7/201579788/s1_produktbild_gross/nike-court-vision-low-next-nature.jpg,"Low-Top-Sneaker, Retro-Sneaker",,Herren,,Gummi,atmungsaktiv,,,mit Schnürung,,,Nike Court,Synthetik,Textil,Overlays,,,,,,,,,,,,,
New Balance 9060,"99,99 €",https://cdn.idealo.com/images/product/202134844/de_DE/0/gross.jpg,,Die Angebote können verschiedene Größen beinhalten.,Unisex,"Leder, Veloursleder, Mesh",Gummi,atmungsaktiv,,New Balance ABZORB,mit Schnürung,,"Sustainable Apparel Coalition, Leather Working Group, Better Cotton Initiative, Fair Labor Association",,,,,Low-Top-Sneaker,,,,,,,,,,,,
Adidas VL Court Bold Damen,"49,99 €",https://cdn.idealo.com/folder/Product/204318/0/204318059/s1_produktbild_gross/adidas-vl-court-bold-damen.jpg,"Plateau-Sneaker, Low-Top-Sneaker",Die Angebote können verschiedene Größen beinhalten.,Damen,,Gummi,,,,mit Schnürung,,,,Leder,Textil,,,,,,,,,,,,,,
Nike Air Max LTD 3,"85,00 €",https://cdn.idealo.com/folder/Product/4742/7/4742787/s1_produktbild_gross/nike-air-max-ltd-3.jpg,"Retro-Sneaker, Low-Top-Sneaker",Die Angebote können verschiedene Größen beinhalten.,Herren,"Leder, Kunstleder",Gummi,atmungsaktiv,"gepolsterte Zunge, Gummi-Zehenkappe",Nike Air Sole (Dämpfung),mit Schnürung,,,,,,,,,,,,,"Nike Air, Nike Air Max",,,,,,
New Balance 530 white/natural indigo,"88,49 €",https://cdn.idealo.com/folder/Product/200192/7/200192714/s1_produktbild_gross/new-balance-530-white-natural-indigo.jpg,"Retro-Sneaker, Low-Top-Sneaker, Chunky-Sneaker",Die Angebote können verschiedene Größen beinhalten.,Unisex,"Textil, Mesh",Kautschuk,"atmungsaktiv, gepolstert","Zuglasche, verstärkte Schuhspitze",New Balance ABZORB,mit Schnürung,gepolsterter Knöchelbereich,"Sustainable Apparel Coalition, Leather Working Group, Better Cotton Initiative, Fair Labor Association",,,,,,,,,weiß,Casual,,,,,,,
Nike Air Force 1 '07 (CW2288-111) white/white,"94,99 €",https://cdn.idealo.com/folder/Product/201420/9/201420905/s1_produktbild_gross/nike-air-force-1-07-cw2288-111-white-white.jpg,"Retro-Sneaker, Low-Top-Sneaker",Die Angebote können verschiedene Größen beinhalten.,Herren,,Kautschuk,"atmungsaktiv, leichtgewichtig, gepolstert",,Nike Air Sole (Dämpfung),mit Schnürung,gepolsterter Knöchelbereich,,Nike Air Force 1,Leder,Textil,gepolsterte Zunge,,,,,weiß,,,"All White, Casual",,,,,
New Balance 2002R,"63,74 €",https://cdn.idealo.com/folder/Product/202005/7/202005713/s1_produktbild_gross/new-balance-2002r.jpg,"Chunky-Sneaker, Low-Top-Sneaker",Die Angebote können verschiedene Größen beinhalten.,Unisex,,Gummi,gepolstert,,New Balance ABZORB,mit Schnürung,,"Sustainable Apparel Coalition, Leather Working Group, Better Cotton Initiative, Fair Labor Association",,,"Mesh, Textil",verstärkte Schuhspitze,,,,,,,,,,,,,
New Balance 550,"41,99 €",https://cdn.idealo.com/folder/Product/201646/1/201646117/s1_produktbild_gross/new-balance-550.jpg,"Retro-Sneaker, Winter-Sneaker, Low-Top-Sneaker",Die Angebote können verschiedene Größen beinhalten.,Herren,"Leder, Synthetik, Mesh",Gummi,gefüttert,,,mit Schnürung,gepolsterter Knöchelbereich,"Sustainable Apparel Coalition, Leather Working Group, Fair Labor Association, Better Cotton Initiative",New Balance 550,,Textil,,,,,,,,,,,,,,
New Balance 740 Unisex,"83,96 €",https://cdn.idealo.com/folder/Product/205032/8/205032894/s1_produktbild_gross/new-balance-740-unisex.jpg,,Die Angebote können verschiedene Größen beinhalten.,,,Gummi,gedämpft,,,mit Schnürung,,,,Mesh,Mesh,,Low-Top-Sneaker,,,,,,,,,,,,
Adidas Samba OG ftwr white/core black/clear granite,"79,00 €",https://cdn.idealo.com/folder/Product/6200/0/6200012/s1_produktbild_gross/adidas-samba-og-ftwr-white-core-black-clear-granite.jpg,"Retro-Sneaker, Low-Top-Sneaker",Die Angebote können verschiedene Größen beinhalten.,Unisex,,Gummi,gepolstert,,,mit Schnürung,Ortholite Einlegesohle,"Certification LEED, Leather Working Group, Fair Labor Association, Better Cotton Initiative, Fair Wear Foundation",Adidas Samba,Leder,Synthetik,,,,,,weiß,,,,,,,,
Nike V2K Run,"59,99 €",https://cdn.idealo.com/folder/Product/204607/1/204607152/s1_produktbild_gross/nike-v2k-run.jpg,,Die Angebote können verschiedene Größen beinhalten.,,,,,,,mit Schnürung,,"Certification LEED, Sustainable Apparel Coalition, Leather Working Group, Fair Labor Association, Better Cotton Initiative",,,,,Low-Top-Sneaker,,,,,,,,,,,,
Asics Gel-Quantum 360 VIII,"84,99 €",https://cdn.idealo.com/folder/Product/204128/2/204128270/s1_produktbild_gross/asics-gel-quantum-360-viii.jpg,"Low-Top-Sneaker, Retro-Sneaker",Die Angebote können verschiedene Größen beinhalten.,Unisex,,,atmungsaktiv,,,mit Schnürung,,"Sustainable Apparel Coalition, Leather Working Group, Better Cotton Initiative, bluesign",Asic Gel-Quantum,Mesh,,,,,,"FF BLAST ECO, TRUSSTIC, DIVISION GEL",,,,,,,,,
New Balance GM 500,"49,99 €",https://cdn.idealo.com/folder/Product/4042/6/4042617/s1_produktbild_gross/new-balance-gm-500.jpg,,Die Angebote können verschiedene Größen beinhalten.,Herren,"Textil, Synthetik, Mesh",Gummi,,,,mit Schnürung,,"Leather Working Group, Better Cotton Initiative, Sustainable Apparel Coalition, Fair Labor Association",New Balance 500,,,,Low-Top-Sneaker,,,,,,,,,,,,
AUTRY Medalist Low (AULM),"127,49 €",https://cdn.idealo.com/folder/Product/201827/3/201827353/s1_produktbild_gross/autry-medalist-low-aulm.jpg,,Die Angebote können verschiedene Größen beinhalten.,Herren,"Leder, Veloursleder",Gummi,,,,mit Schnürung,,,,,,,Low-Top-Sneaker,,,,,,,,,,,,
Converse Chuck Taylor All Star Ox,"32,20 €",https://cdn.idealo.com/folder/Product/2867/5/2867512/s1_produktbild_gross/converse-chuck-taylor-all-star-ox.jpg,,Die Angebote können verschiedene Größen beinhalten.,,"Canvas, Textil",Gummi,"flexibel, atmungsaktiv",,,mit Schnürung,,,Converse All Star,,Textil,Overlays,Low-Top-Sneaker,,,,,,,,"Schnürart: 7-Loch-Schnürung, 6-Loch-Schnürung / Ausstattung: Belüftungsösen, Metallösen",,,,
Skechers Graceful - Get Connected,"23,96 €",https://cdn.idealo.com/folder/Product/6772/2/6772275/s1_produktbild_gross/skechers-graceful-get-connected.jpg,,Die Angebote können verschiedene Größen beinhalten.,Damen,,Synthetik,"atmungsaktiv, gepolstert",,Skechers Memory Foam,mit Schnürung,Memory-Foam,Certification LEED,,Mesh,Textil,Zuglasche,Low-Top-Sneaker,,,,,,,,,,,,
Puma Suede XL Unisex,"30,00 €",https://cdn.idealo.com/folder/Product/203832/6/203832668/s1_produktbild_gross/puma-suede-xl-unisex.jpg,,Die Angebote können verschiedene Größen beinhalten.,Unisex,,Gummi,,,,mit Schnürung,,Leather Working Group,Puma Suede,Veloursleder,Textil,,Low-Top-Sneaker,nein,,,,,,,,,,,
Adidas SL 72 RS,"50,99 €",https://cdn.idealo.com/folder/Product/203708/8/203708839/s1_produktbild_gross/adidas-sl-72-rs.jpg,"Low-Top-Sneaker, Retro-Sneaker",Die Angebote können verschiedene Größen beinhalten.,,"Leder, Nylon",Gummi,,"Zehenschutzkappe, verstärkte Schuhspitze",,mit Schnürung,gepolsterter Knöchelbereich,"Certification LEED, Leather Working Group, Fair Labor Association, Better Cotton Initiative, Fair Wear Foundation",,,Textil,,,,,,,,,,,,,,
Nike P-6000,"79,00 €",https://cdn.idealo.com/folder/Product/6610/2/6610284/s1_produktbild_gross/nike-p-6000.jpg,"Low-Top-Sneaker, Retro-Sneaker, Chunky-Sneaker",Die Angebote können verschiedene Größen beinhalten.,,"Textil, Synthetik, Leder",Gummi,,,,mit Schnürung,,,,,Textil,,,,,,,,,,,,,,
Asics Gel-Kayano 14,"106,24 €",https://cdn.idealo.com/folder/Product/201069/0/201069077/s1_produktbild_gross/asics-gel-kayano-14.jpg,"Retro-Sneaker, Low-Top-Sneaker",Die Angebote können verschiedene Größen beinhalten.,,,"Gummi, EVA",atmungsaktiv,,,mit Schnürung,gepolsterter Knöchelbereich,,,,Textil,Overlays,,,,,,,,,,,,,
New Balance 327,"76,95 €",https://cdn.idealo.com/folder/Product/200648/4/200648439/s1_produktbild_gross/new-balance-327.jpg,,Die Angebote können verschiedene Größen beinhalten.,Herren,"Nylon, Veloursleder",,,,,mit Schnürung,,"Sustainable Apparel Coalition, Leather Working Group, Better Cotton Initiative, Fair Labor Association",,,,,Low-Top-Sneaker,,,,,,,,,,,,
Converse Chuck Taylor All Star Lift High Top black/white/white,"51,99 €",https://cdn.idealo.com/folder/Product/6275/5/6275566/s1_produktbild_gross/converse-chuck-taylor-all-star-lift-high-top-black-white-white.jpg,,Die Angebote können verschiedene Größen beinhalten.,Damen,"Textil, Canvas",Gummi,"flexibel, atmungsaktiv",,,mit Schnürung,,,Converse All Star,,Textil,Gummi-Zehenkappe,Plateau-Sneaker,,,,schwarz,,,,,,,,
Skechers Summits - High Range,"48,95 €",https://cdn.idealo.com/folder/Product/202482/6/202482613/s1_produktbild_gross/skechers-summits-high-range.jpg,,Die Angebote können verschiedene Größen beinhalten.,Herren,,Gummi,,,Skechers Air-Cooled Memory Foam®,ohne Verschluss,Memory-Foam,,,Synthetik,Textil,Zuglasche,Slip-ons,ja,,,,,,,,,,,
Adidas Samba XLG,"72,74 €",https://cdn.idealo.com/folder/Product/204390/2/204390283/s1_produktbild_gross/adidas-samba-xlg.jpg,"Low-Top-Sneaker, Retro-Sneaker",,Unisex,,Gummi,,,,mit Schnürung,,"Certification LEED, Leather Working Group, Fair Labor Association, Better Cotton Initiative, Fair Wear Foundation",Adidas Samba,,Leder,gepolsterte Zunge,,,,,,,,,,,,,
Nike Air Max 270,"99,90 €",https://cdn.idealo.com/folder/Product/6065/6/6065629/s1_produktbild_gross/nike-air-max-270.jpg,,Die Angebote können verschiedene Größen beinhalten.,,"Mesh, Synthetik",Gummi,"sockenähnliche Passform, atmungsaktiv",,Nike Air Sole (Dämpfung),ohne Verschluss,,,Nike Air Max 270,,Textil,Zuglasche,Low-Top-Sneaker,,,,,,,,,,,,
New Balance 1906R,"83,29 €",https://cdn.idealo.com/folder/Product/202634/8/202634892/s1_produktbild_gross/new-balance-1906r.jpg,"Retro-Sneaker, Low-Top-Sneaker",Die Angebote können verschiedene Größen beinhalten.,Herren,"Synthetik, Mesh",Gummi,atmungsaktiv,"verstärkte Schuhspitze, gepolsterte Zunge",New Balance ABZORB,mit Schnürung,,"Sustainable Apparel Coalition, Leather Working Group, Fair Labor Association, Better Cotton Initiative",,,Textil,,,,,,,,,,,,,,
Adidas Campus 00s core black/ftwr white/off white,"74,99 €",https://cdn.idealo.com/folder/Product/202286/4/202286453/s1_produktbild_gross/adidas-campus-00s-core-black-ftwr-white-off-white.jpg,,Die Angebote können verschiedene Größen beinhalten.,Herren,,Kautschuk,leichtgewichtig,,,mit Schnürung,,"Certification LEED, Fair Wear Foundation, Leather Working Group, Better Cotton Initiative, Fair Labor Association",Adidas Campus,Veloursleder,Textil,,Low-Top-Sneaker,nein,,,schwarz,,,,,,,,
Nike Air Max SC,"57,17 €",https://cdn.idealo.com/folder/Product/201395/3/201395360/s1_produktbild_gross/nike-air-max-sc.jpg,,Die Angebote können verschiedene Größen beinhalten.,Herren,"Leder, Mesh, Textil",Gummi,atmungsaktiv,,Nike Air Sole (Dämpfung),mit Schnürung,,,Nike Air Max,,,,Low-Top-Sneaker,,,,,,,,,,,,
New Balance 574 Women,"54,99 €",https://cdn.idealo.com/folder/Product/3833/7/3833713/s1_produktbild_gross/new-balance-574-women.jpg,"Retro-Sneaker, Low-Top-Sneaker",Die Angebote können verschiedene Größen beinhalten.,Damen,,Gummi,atmungsaktiv,,,mit Schnürung,,"Sustainable Apparel Coalition, Fair Labor Association",New Balance 574,,,verstärkte Schuhspitze,,,,"New Balance ENCAP, New Balance SL-2 (Schuhleisten)",,,,,,,,,
Adidas Campus 00s Women,"67,99 €",https://cdn.idealo.com/folder/Product/202286/4/202286444/s1_produktbild_gross/adidas-campus-00s-women.jpg,,Die Angebote können verschiedene Größen beinhalten.,Damen,,Gummi,,,,mit Schnürung,,"Certification LEED, Leather Working Group, Fair Labor Association, Better Cotton Initiative, Fair Wear Foundation",Adidas Campus,Veloursleder,,,Low-Top-Sneaker,,,,,,,,,normal,,,
Nike Initiator Damen,"55,15 €",https://cdn.idealo.com/folder/Product/203810/8/203810831/s1_produktbild_gross/nike-initiator-damen.jpg,,,Damen,,Gummi,,,,,,,,Kunstleder,,,Low-Top-Sneaker,,,,,,,,,,,,
New Balance 530 munsell white/silver metallic,"88,49 €",https://cdn.idealo.com/folder/Product/200598/1/200598185/s1_produktbild_gross/new-balance-530-munsell-white-silver-metallic.jpg,"Retro-Sneaker, Low-Top-Sneaker, Chunky-Sneaker",Die Angebote können verschiedene Größen beinhalten.,Unisex,"Textil, Mesh",Kautschuk,"atmungsaktiv, gepolstert","Zuglasche, verstärkte Schuhspitze",New Balance ABZORB,mit Schnürung,gepolsterter Knöchelbereich,"Sustainable Apparel Coalition, Leather Working Group, Better Cotton Initiative, Fair Labor Association",,,,,,,,,weiß,,,,,,,,
Adidas Stan Smith,"19,32 €",https://cdn.idealo.com/folder/Product/401/9/401928/s1_produktbild_gross/adidas-stan-smith.jpg,"Retro-Sneaker, Low-Top-Sneaker",Die Angebote können verschiedene Größen beinhalten.,,,Gummi,,,,mit Schnürung,,,Adidas Stan Smith,,Textil,,,,,,,,,,,,,,
Nike Initiator,"55,99 €",https://cdn.idealo.com/folder/Product/203707/6/203707644/s1_produktbild_gross/nike-initiator.jpg,,Die Angebote können verschiedene Größen beinhalten.,Herren,"Textil, Synthetik",Gummi,"gepolstert, atmungsaktiv",,,mit Schnürung,,,,,,verstärkte Schuhspitze,Low-Top-Sneaker,,,,,,,,,,,,
New Balance RC42,"44,97 €",https://cdn.idealo.com/folder/Product/204157/1/204157100/s1_produktbild_gross/new-balance-rc42.jpg,"Retro-Sneaker, Low-Top-Sneaker",Die Angebote können verschiedene Größen beinhalten.,Unisex,,Gummi,,,,mit Schnürung,,,,,Textil,,,,,,,,,,,,,,
Adidas VL Court 3.0,"19,32 €",https://cdn.idealo.com/folder/Product/203524/5/203524507/s1_produktbild_gross/adidas-vl-court-3-0.jpg,,Die Angebote können verschiedene Größen beinhalten.,Herren,"Leder, Veloursleder","Gummi, Synthetik",gepolstert,,,mit Schnürung,,,,,Textil,verstärkte Schuhspitze,Low-Top-Sneaker,,,,,,,,,,,,
Nike Air Max 97,"116,28 €",https://cdn.idealo.com/folder/Product/362/6/362602/s1_produktbild_gross/nike-air-max-97.jpg,,Die Angebote können verschiedene Größen beinhalten.,,"Synthetik, Mesh",Gummi,,,,mit Schnürung,,,Nike Air Max 97,,Textil,Zuglasche,Low-Top-Sneaker,,,,,,,,,,,,
Adidas Campus 00s grey three/ftw white/off white,"84,90 €",https://cdn.idealo.com/folder/Product/202286/4/202286447/s1_produktbild_gross/adidas-campus-00s-grey-three-ftw-white-off-white.jpg,,Die Angebote können verschiedene Größen beinhalten.,Herren,,Kautschuk,leichtgewichtig,,,mit Schnürung,,"Certification LEED, Leather Working Group, Better Cotton Initiative, Fair Labor Association, Fair Wear Foundation",Adidas Campus,Veloursleder,Textil,,Low-Top-Sneaker,nein,,,grau,,,,,,,,
Nike Air Max 270 Women,"80,00 €",https://cdn.idealo.com/folder/Product/6065/5/6065514/s1_produktbild_gross/nike-air-max-270-women.jpg,,Die Angebote können verschiedene Größen beinhalten.,Damen,"Mesh, Synthetik",Gummi,sockenähnliche Passform,,,ohne Verschluss,,,Nike Air Max 270,,Textil,Zuglasche,Low-Top-Sneaker,,,,,,,,,,,,
Adidas VL Court 3.0 Women,"19,32 €",https://cdn.idealo.com/folder/Product/203524/5/203524511/s1_produktbild_gross/adidas-vl-court-3-0-women.jpg,,Die Angebote können verschiedene Größen beinhalten.,Damen,"Veloursleder, Glattleder",Gummi,gepolstert,,,mit Schnürung,,,,,Textil,verstärkte Schuhspitze,Low-Top-Sneaker,,,,,,,,,,,,
Nike Dunk Low Women,"49,99 €",https://cdn.idealo.com/folder/Product/203204/8/203204860/s1_produktbild_gross/nike-dunk-low-women.jpg,"Low-Top-Sneaker, Retro-Sneaker",Die Angebote können verschiedene Größen beinhalten.,Damen,"Textil, Leder, Synthetik",Gummi,"gefüttert, leichtgewichtig","Overlays, gepolsterte Zunge",,mit Schnürung,gepolsterter Knöchelbereich,"Certification LEED, Sustainable Apparel Coalition, Leather Working Group, Fair Labor Association, Better Cotton Initiative",Nike Dunk,,Textil,,,nein,,,,,,,,,,,
Adidas Samba,"64,79 €",https://cdn.idealo.com/folder/Product/401/9/401967/s1_produktbild_gross/adidas-samba.jpg,"Retro-Sneaker, Low-Top-Sneaker",Die Angebote können verschiedene Größen beinhalten.,Herren,"Leder, Synthetik",Gummi,,,,mit Schnürung,,"Certification LEED, Leather Working Group, Fair Labor Association, Better Cotton Initiative, Fair Wear Foundation",Adidas Samba,,Textil,verstärkte Schuhspitze,,,,,,,,,,,,,
Nike Air Presto,"79,00 €",https://cdn.idealo.com/folder/Product/4779/4/4779414/s1_produktbild_gross/nike-air-presto.jpg,,Die Angebote können verschiedene Größen beinhalten.,Unisex,"Synthetik, Mesh",Gummi,"atmungsaktiv, sockenähnliche Passform","Reflektoren, Overlays, Zuglasche",,mit Schnürung,,,Nike Air,,,,Low-Top-Sneaker,,,,,,,,,,,,
Adidas Gazelle Bold Originals Women bliss pink/dark blue/gold metallic,"59,99 €",https://cdn.idealo.com/folder/Product/203328/4/203328469/s1_produktbild_gross/adidas-gazelle-bold-originals-women-pink-glow-victory-blue-gum.jpg,"Low-Top-Sneaker, Plateau-Sneaker",Die Angebote können verschiedene Größen beinhalten.,Damen,,Gummi,atmungsaktiv,,,mit Schnürung,,"Certification LEED, Leather Working Group, Fair Labor Association, Better Cotton Initiative, Fair Wear Foundation",Adidas Gazelle,Veloursleder,Synthetik,,,,,,rosa,,,,,,,,
Nike Air Max SC Women,"53,95 €",https://cdn.idealo.com/folder/Product/201255/7/201255775/s1_produktbild_gross/nike-air-max-sc-women.jpg,,,Damen,"Leder, Mesh, Textil",Gummi,"atmungsaktiv, gepolstert",,Nike Air Sole (Dämpfung),mit Schnürung,,,Nike Air Max,,Textil,,Retro-Sneaker,,,,,,,,,,,,
Adidas UltraBOOST 1.0,"102,90 €",https://cdn.idealo.com/folder/Product/202265/9/202265911/s1_produktbild_gross/adidas-ultraboost-1-0.jpg,,Die Angebote können verschiedene Größen beinhalten.,Herren,,Kautschuk,"leichtgewichtig, atmungsaktiv, flexibel",,Adidas Boost,mit Schnürung,,"Certification LEED, Leather Working Group, Better Cotton Initiative, Fair Labor Association",,Primeknit,,Zuglasche,Low-Top-Sneaker,,,,,,,,,,unifarben,,
Asics Gel-NYC (1201A789) cream/oyster grey,"127,08 €",https://cdn.idealo.com/folder/Product/202763/5/202763585/s1_produktbild_gross/asics-gel-nyc-1201a789-cream-oyster-grey.jpg,,Die Angebote können verschiedene Größen beinhalten.,,,,,,,,,"bluesign, Sustainable Apparel Coalition, Leather Working Group, Better Cotton Initiative",,,,,Low-Top-Sneaker,,,,grau,,,,,,,,
Nike Air Force 1 '07 Women,"44,38 €",https://cdn.idealo.com/folder/Product/1511/5/1511583/s1_produktbild_gross/nike-air-force-1-07-women.jpg,"Low-Top-Sneaker, Retro-Sneaker",Die Angebote können verschiedene Größen beinhalten.,Damen,,Gummi,,,,mit Schnürung,,,Nike Air Force 1,Leder,Synthetik,,,,,,,,,,,,,,
Adidas Sambae Women,"61,59 €",https://cdn.idealo.com/folder/Product/204390/3/204390322/s1_produktbild_gross/adidas-sambae-women.jpg,,Die Angebote können verschiedene Größen beinhalten.,Damen,"Nubuk, Leder",Gummi,,,,mit Schnürung,,,Adidas Samba,,Textil,,Low-Top-Sneaker,nein,,,,,,,,normal,,,
New Balance 997H,"45,95 €",https://cdn.idealo.com/folder/Product/6466/3/6466325/s1_produktbild_gross/new-balance-997h.jpg,"Low-Top-Sneaker, Retro-Sneaker",Die Angebote können verschiedene Größen beinhalten.,,"Mesh, Synthetik, Veloursleder",Gummi,"leichtgewichtig, atmungsaktiv","Zuglasche, Gummi-Zehenkappe, Overlays",New Balance ENCAP,mit Schnürung,gepolsterter Knöchelbereich,"Sustainable Apparel Coalition, Leather Working Group, Better Cotton Initiative, Fair Labor Association",New Balance 997,,,,,,,,,,,,,,,,
Skechers Uno - Stand On Air (52458),"44,99 €",https://cdn.idealo.com/folder/Product/200833/7/200833707/s1_produktbild_gross/skechers-uno-stand-on-air-52458.jpg,,Die Angebote können verschiedene Größen beinhalten.,Herren,,Gummi,gepolstert,,,mit Schnürung,,,,Synthetik,"Synthetik, Textil",,Low-Top-Sneaker,,"gepolsterter Knöchelbereich, Memory-Foam, Wechselfußbett",,,,,,,,unifarben,,
Vans Knu Skool,"44,90 €",https://cdn.idealo.com/folder/Product/202707/7/202707760/s1_produktbild_gross/vans-knu-skool.jpg,"Low-Top-Sneaker, Retro-Sneaker",Die Angebote können verschiedene Größen beinhalten.,,"Textil, Canvas, Veloursleder",Gummi,,"Zuglasche, gepolsterte Zunge",,mit Schnürung,,,Vans Old Skool,,Textil,,,,,,,,,,,,,,
Converse Chuck 70 Vintage Canvas,"39,99 €",https://cdn.idealo.com/folder/Product/202138/1/202138144/s1_produktbild_gross/converse-chuck-70-vintage-canvas.jpg,"Retro-Sneaker, High-Top-Sneaker",Die Angebote können verschiedene Größen beinhalten.,Unisex,,Gummi,"flexibel, atmungsaktiv",,,mit Schnürung,Ortholite Einlegesohle,,Converse Chuck 70,Canvas,Mesh,,,,,,,,,,,,,,
Puma Club II Era,"28,02 €",https://cdn.idealo.com/folder/Product/204518/7/204518773/s1_produktbild_gross/puma-club-ii-era.jpg,,Die Angebote können verschiedene Größen beinhalten.,Unisex,"Wildleder, Leder",Gummi,mit Einlegesohle,,,mit Schnürung,,Leather Working Group,,,Textil,,Low-Top-Sneaker,nein,,,,,,,,,,,
On THE ROGER Advantage,"103,99 €",https://cdn.idealo.com/folder/Product/201231/7/201231704/s1_produktbild_gross/on-the-roger-advantage.jpg,,Die Angebote können verschiedene Größen beinhalten.,Herren,"Leder, Synthetik, Mesh, Textil","Gummi, Synthetik",,,,,gepolsterter Knöchelbereich,,,,Textil,,Low-Top-Sneaker,,,,,,,,,,,"mit Schnürung, ohne Verschluss",
Reebok Classic Leather (GY0955) Core Black/Core Black/Pure Grey 5,"53,50 €",https://cdn.idealo.com/folder/Product/201958/4/201958499/s1_produktbild_gross/reebok-classic-leather-gy0955-core-black-core-black-pure-grey-5.jpg,"Retro-Sneaker, Low-Top-Sneaker",Die Angebote können verschiedene Größen beinhalten.,,,Gummi,flexibel,,,mit Schnürung,Wechselfußbett,,Reebok Classic Leather,Leder,Textil,Overlays,,,,,schwarz,All Black,,,,,,,
Polo Ralph Lauren Masters CRT,"93,99 €",https://cdn.idealo.com/folder/Product/203591/8/203591835/s1_produktbild_gross/polo-ralph-lauren-masters-crt.jpg,,,Herren,,Synthetik,,,,,,,,Leder,,,Low-Top-Sneaker,,,,,,,,,,,,
Paul Green Platform Trainers (5017),"81,50 €",https://cdn.idealo.com/folder/Product/201077/3/201077324/s1_produktbild_gross/paul-green-platform-trainers-5017.jpg,"Plateau-Sneaker, Low-Top-Sneaker",Die Angebote können verschiedene Größen beinhalten.,Damen,,Gummi,"leichtgewichtig, gepolstert",,,mit Schnürung,gepolsterter Knöchelbereich,,,Leder,Leder,Zuglasche,,nein,,,,,,,,,,,
Asics GEL-1130 Women (1202A164),"67,49 €",https://cdn.idealo.com/folder/Product/201581/3/201581370/s1_produktbild_gross/asics-gel-1130-women-1202a164.jpg,,Die Angebote können verschiedene Größen beinhalten.,Damen,"Synthetik, Mesh",Gummi,atmungsaktiv,,,mit Schnürung,,"bluesign, Sustainable Apparel Coalition, Leather Working Group, Better Cotton Initiative",,,Textil,Overlays,Low-Top-Sneaker,,,,,,,,,,,,
Nike Vomero Zoom 5,"79,99 €",https://cdn.idealo.com/folder/Product/202666/9/202666971/s1_produktbild_gross/nike-vomero-zoom-5.jpg,,Die Angebote können verschiedene Größen beinhalten.,Unisex,"Synthetik, Textil, Mesh",Gummi,,,Nike Zoom,,,"Certification LEED, Sustainable Apparel Coalition, Leather Working Group, Fair Labor Association, Better Cotton Initiative",Nike Zoom,,Mesh,verstärkte Schuhspitze,Chunky-Sneaker,,,,,,,,,,,,
Adidas NMD_R1 Primeblue,"97,00 €",https://cdn.idealo.com/folder/Product/201481/0/201481006/s1_produktbild_gross/adidas-nmd_r1-primeblue.jpg,,Die Angebote können verschiedene Größen beinhalten.,,,Gummi,"atmungsaktiv, leichtgewichtig",,,mit Schnürung,,"Certification LEED, Leather Working Group, Better Cotton Initiative, Fair Labor Association",Adidas NMD,Textil,Textil,verstärkte Schuhspitze,Low-Top-Sneaker,,,,,,,,,,,,
New Balance 574 Core black with white,"71,50 €",https://cdn.idealo.com/folder/Product/201834/3/201834385/s1_produktbild_gross/new-balance-574-core-black-with-white.jpg,"Retro-Sneaker, Low-Top-Sneaker","Der Schuh fällt klein aus., Die Angebote können verschiedene Größen beinhalten.",Herren,,Gummi,atmungsaktiv,,,mit Schnürung,,"Sustainable Apparel Coalition, Leather Working Group, Better Cotton Initiative, Fair Labor Association",New Balance 574,,Synthetik,verstärkte Schuhspitze,,,,"New Balance ENCAP, New Balance SL-2 (Schuhleisten)",schwarz,Casual,,,,,,,
Skechers Slip-ins: GO WALK Flex - Grand Entry Women (124836),"43,95 €",https://cdn.idealo.com/folder/Product/203736/2/203736232/s1_produktbild_gross/skechers-slip-ins-go-walk-flex-grand-entry-women-124836.jpg,"Low-Top-Sneaker, Slip-ons",Die Angebote können verschiedene Größen beinhalten.,Damen,"Synthetik, Mesh",Gummi,flexibel,,,ohne Verschluss,,,Skechers Go Walk,,"Mesh, Synthetik",verstärkte Schuhspitze,,,,"Skechers Air-Cooled Memory Foam®, Skechers Memory Foam",,,,,,,,,
Vans Sk8-Hi,"28,99 €",https://cdn.idealo.com/folder/Product/464/4/464499/s1_produktbild_gross/vans-sk8-hi.jpg,"Retro-Sneaker, High-Top-Sneaker",Die Angebote können verschiedene Größen beinhalten.,,,Gummi,,,,mit Schnürung,,,Vans Sk8-Hi,Textil,Textil,,,,,,,,,,,,,,
Converse Chuck Taylor All Star Hi - black (M9160),"46,50 €",https://cdn.idealo.com/folder/Product/362/9/362950/s1_produktbild_gross/converse-chuck-taylor-all-star-hi-black-m9160.jpg,,Die Angebote können verschiedene Größen beinhalten.,,"Canvas, Textil",Gummi,"flexibel, atmungsaktiv",,,mit Schnürung,,,Converse All Star,,Textil,,High-Top-Sneaker,,,,schwarz,Schwarz-Weiß,,,"Schnürart: 7-Loch-Schnürung, 8-Loch-Schnürung / Ausstattung: Belüftungsösen, Metallösen",,,,
Puma Caven 2.0 (392290),"34,10 €",https://cdn.idealo.com/folder/Product/202870/3/202870379/s1_produktbild_gross/puma-caven-2-0-392290.jpg,"Low-Top-Sneaker, Retro-Sneaker",Die Angebote können verschiedene Größen beinhalten.,Unisex,"Textil, Synthetik",Gummi,,,Puma SoftFoam,mit Schnürung,,Leather Working Group,,,Textil,,,,,,,,,,,,,,
On Cloudnova 2,"144,99 €",https://cdn.idealo.com/folder/Product/204903/6/204903601/s1_produktbild_gross/on-cloudnova-2.jpg,,,Herren,"Synthetik, Textil, Mesh","Gummi, CloudTec",atmungsaktiv,"Zuglasche, Zehenschutzkappe",,mit Schnürung,gepolsterter Knöchelbereich,,On Cloudnova,,,,Low-Top-Sneaker,,,,,,,,,,,,
Asics Gel-Kayano 14 Women (1202A056-109) white/midnight,"119,99 €",https://cdn.idealo.com/folder/Product/202589/5/202589553/s1_produktbild_gross/asics-gel-kayano-14-women-1202a056-109-white-midnight.jpg,,Die Angebote können verschiedene Größen beinhalten.,Damen,,,,,,mit Schnürung,,"Sustainable Apparel Coalition, Leather Working Group, Better Cotton Initiative, bluesign",,,,,Low-Top-Sneaker,,,,weiß,,,,,,,,
Nike Air Max Plus,"129,00 €",https://cdn.idealo.com/folder/Product/1513/8/1513828/s1_produktbild_gross/nike-air-max-plus.jpg,"Low-Top-Sneaker, Chunky-Sneaker",Die Angebote können verschiedene Größen beinhalten.,Herren,"Leder, Textil",Gummi,,,,mit Schnürung,gepolsterter Knöchelbereich,,Nike Air Max,,Textil,,,,,,,,,,,,,,
Adidas ZX 750,"94,99 €",https://cdn.idealo.com/folder/Product/1573/1/1573101/s1_produktbild_gross/adidas-zx-750.jpg,"Low-Top-Sneaker, Retro-Sneaker",Die Angebote können verschiedene Größen beinhalten.,Herren,,Gummi,"atmungsaktiv, gefüttert",,,mit Schnürung,,,Adidas ZX,,Mesh,verstärkte Schuhspitze,,,,,,,,,,,,,
New Balance Sneaker '530' beige sand 22880755,"98,99 €",https://cdn.idealo.com/folder/Product/205475/9/205475930/s1_produktbild_gross/new-balance-sneaker-530-beige-sand-22880755.jpg,,,Herren,"Mesh, Kunstleder",,,,,mit Schnürung,gepolsterter Knöchelbereich,,,,,,Low-Top-Sneaker,,,,,,,,,,,,"weiß, beige"
Vans Old Skool (Suede/Canvas) black/true white,"27,95 €",https://cdn.idealo.com/folder/Product/3711/7/3711724/s1_produktbild_gross/vans-old-skool-suede-canvas-black-true-white.jpg,"Retro-Sneaker, Low-Top-Sneaker",Die Angebote können verschiedene Größen beinhalten.,Unisex,"Textil, Leder, Canvas, Veloursleder",Gummi,gepolstert,,,mit Schnürung,gepolsterter Knöchelbereich,,Vans Old Skool,,Textil,gepolsterte Zunge,,,,,schwarz,,,"Schwarz-Weiß, Casual",,,,,
Converse Run Star Hike High Top,"44,99 €",https://cdn.idealo.com/folder/Product/200791/5/200791565/s1_produktbild_gross/converse-run-star-hike-high-top.jpg,,Die Angebote können verschiedene Größen beinhalten.,,"Textil, Canvas",Gummi,atmungsaktiv,,,mit Schnürung,Ortholite Einlegesohle,,Converse Run Star,,Textil,Gummi-Zehenkappe,High-Top-Sneaker,,,,,,,,,,Print,,
Asics Gel 1130,"69,95 €",https://cdn.idealo.com/folder/Product/201622/6/201622697/s1_produktbild_gross/asics-gel-1130.jpg,,Die Angebote können verschiedene Größen beinhalten.,Herren,,,atmungsaktiv,"verstärkte Schuhspitze, gepolsterte Zunge",,mit Schnürung,,"bluesign, Sustainable Apparel Coalition, Leather Working Group, Better Cotton Initiative",,Kunstleder,Mesh,,Low-Top-Sneaker,,,,,,,,,,,,
Nike Court Vision Low Next Nature white/white/white,"49,99 €",https://cdn.idealo.com/folder/Product/201579/7/201579787/s1_produktbild_gross/nike-court-vision-low-next-nature-white-white-white.jpg,"Low-Top-Sneaker, Retro-Sneaker",,Herren,,Gummi,atmungsaktiv,,,mit Schnürung,,,Nike Court,Synthetik,Textil,Overlays,,,,,weiß,,,,,,,,
Adidas Handball Spezial collegiate navy/clear sky/gum5,"79,79 €",https://cdn.idealo.com/folder/Product/6483/5/6483595/s1_produktbild_gross/adidas-handball-spezial-collegiate-navy-clear-sky-gum5.jpg,"Retro-Sneaker, Low-Top-Sneaker",Die Angebote können verschiedene Größen beinhalten.,Unisex,,Gummi,,,,mit Schnürung,,"Certification LEED, Leather Working Group, Fair Labor Association, Better Cotton Initiative, Fair Wear Foundation",Adidas Handball Spezial,Wildleder,Synthetik,verstärkte Schuhspitze,,,,,blau,Casual,,,,,,,
New Balance M 373,"32,27 €",https://cdn.idealo.com/folder/Product/3057/1/3057149/s1_produktbild_gross/new-balance-m-373.jpg,"Low-Top-Sneaker, Retro-Sneaker",Die Angebote können verschiedene Größen beinhalten.,,"Synthetik, Mesh, Veloursleder",Gummi,atmungsaktiv,,,mit Schnürung,,"Sustainable Apparel Coalition, Fair Labor Association",New Balance 373,,,,,,,,,,,,,,,,
Vans Slip-On,"22,95 €",https://cdn.idealo.com/folder/Product/766/8/766878/s1_produktbild_gross/vans-slip-on.jpg,"Slip-ons, Low-Top-Sneaker",Die Angebote können verschiedene Größen beinhalten.,,,Gummi,,,,ohne Verschluss,,,,,Textil,,,,,,,,,,,,,,
Converse Chuck Taylor All Star Lift Leather High,"43,99 €",https://cdn.idealo.com/folder/Product/6279/0/6279054/s1_produktbild_gross/converse-chuck-taylor-all-star-lift-leather-high.jpg,"Plateau-Sneaker, High-Top-Sneaker",Die Angebote können verschiedene Größen beinhalten.,Damen,,Kautschuk,flexibel,,,mit Schnürung,,,Converse All Star Leather,Leder,Textil,Gummi-Zehenkappe,,,,,,,,,,,,,
Nike Killshot 2 Leather,"50,00 €",https://cdn.idealo.com/folder/Product/203336/5/203336524/s1_produktbild_gross/nike-killshot-2-leather.jpg,"Low-Top-Sneaker, Retro-Sneaker",,Herren,,"Leder, Gummi",,,,,,"Certification LEED, Sustainable Apparel Coalition, Leather Working Group, Fair Labor Association, Better Cotton Initiative",,Leder,,,,,,,,,,,,,,,
Adidas Handball Spezial Women aluminium/core black/cloud white (IF6562),"80,83 €",https://cdn.idealo.com/folder/Product/203330/4/203330430/s1_produktbild_gross/adidas-handball-spezial-women-aluminium-core-black-cloud-white-if6562.jpg,,Die Angebote können verschiedene Größen beinhalten.,,,Gummi,,,,mit Schnürung,,"Certification LEED, Leather Working Group, Better Cotton Initiative, Fair Labor Association, Fair Wear Foundation",Adidas Handball Spezial,Veloursleder,"Synthetik, Textil",,Low-Top-Sneaker,,,,weiß,,,,,,,,
New Balance 574 Core Women,"50,00 €",https://cdn.idealo.com/folder/Product/6369/9/6369928/s1_produktbild_gross/new-balance-574-core-women.jpg,"Low-Top-Sneaker, Retro-Sneaker",Die Angebote können verschiedene Größen beinhalten.,Damen,"Mesh, Veloursleder",Gummi,"gepolstert, atmungsaktiv","Overlays, verstärkte Schuhspitze",,mit Schnürung,,"Sustainable Apparel Coalition, Leather Working Group, Better Cotton Initiative, Fair Labor Association",New Balance 574,,Synthetik,,,,,"New Balance ENCAP, New Balance SL-2 (Schuhleisten)",,,,,,,,,
Nike Air Max Portal Women,"57,74 €",https://cdn.idealo.com/folder/Product/204858/4/204858490/s1_produktbild_gross/nike-air-max-portal-women.jpg,,Die Angebote können verschiedene Größen beinhalten.,Damen,"Synthetik, Mesh",Gummi,,,Nike Air Sole (Dämpfung),mit Schnürung,,,,,Textil,Zuglasche,Low-Top-Sneaker,,,,,,"Nike Air Max Women, Nike Air Max",,,,,,
Adidas Samba OG brown/putty grey/gold metallic,"112,45 €",https://cdn.idealo.com/folder/Product/204863/2/204863220/s1_produktbild_gross/adidas-samba-og-brown-putty-grey-gold-metallic.jpg,"Retro-Sneaker, Low-Top-Sneaker",Die Angebote können verschiedene Größen beinhalten.,Unisex,,Gummi,gepolstert,,,mit Schnürung,Ortholite Einlegesohle,"Certification LEED, Leather Working Group, Fair Labor Association, Better Cotton Initiative, Fair Wear Foundation",Adidas Samba,Leder,Synthetik,,,,,,braun,,,,,,,,
New Balance 530 beige/angora/incense,"86,65 €",https://cdn.idealo.com/folder/Product/202284/8/202284812/s1_produktbild_gross/new-balance-530-beige-angora-incense.jpg,"Retro-Sneaker, Low-Top-Sneaker, Chunky-Sneaker",Die Angebote können verschiedene Größen beinhalten.,Unisex,"Textil, Mesh",Kautschuk,"atmungsaktiv, gepolstert","Zuglasche, verstärkte Schuhspitze",New Balance ABZORB,mit Schnürung,gepolsterter Knöchelbereich,"Sustainable Apparel Coalition, Leather Working Group, Better Cotton Initiative, Fair Labor Association",,,,,,,,,beige,,,,,,,,
Nike Shox TL (AR3566-002) black/metallic hematite/max orange/black,"127,50 €",https://cdn.idealo.com/folder/Product/6809/7/6809720/s1_produktbild_gross/nike-shox-tl-ar3566-002-black-metallic-hematite-max-orange-black.jpg,"Low-Top-Sneaker, Chunky-Sneaker",Die Angebote können verschiedene Größen beinhalten.,Herren,"Synthetik, Mesh",Gummi,"atmungsaktiv, leichtgewichtig",,,mit Schnürung,,"Certification LEED, Sustainable Apparel Coalition, Leather Working Group, Better Cotton Initiative, Fair Labor Association",Nike Shox,,Textil,Reflektoren,,,,"Nike Shox, Flyknit",schwarz,All Black,,,,,,,
Adidas Continental 80,"37,80 €",https://cdn.idealo.com/folder/Product/6200/2/6200211/s1_produktbild_gross/adidas-continental-80.jpg,,Die Angebote können verschiedene Größen beinhalten.,,,Gummi,atmungsaktiv,,,mit Schnürung,,"Certification LEED, Leather Working Group, Better Cotton Initiative, Fair Labor Association",Adidas Continental,Leder,Textil,Overlays,Low-Top-Sneaker,,,,,,,,,,,,
New Balance 574 Core navy with white,"76,99 €",https://cdn.idealo.com/folder/Product/201834/1/201834187/s1_produktbild_gross/new-balance-574-core-navy-with-white.jpg,"Retro-Sneaker, Low-Top-Sneaker","Der Schuh fällt klein aus., Die Angebote können verschiedene Größen beinhalten.",Herren,,Gummi,atmungsaktiv,,,mit Schnürung,,"Sustainable Apparel Coalition, Leather Working Group, Better Cotton Initiative, Fair Labor Association",New Balance 574,,Synthetik,verstärkte Schuhspitze,,,,"New Balance ENCAP, New Balance SL-2 (Schuhleisten)",blau,Casual,,,,,,,
Nike Shox TL (AR3566-100) white/metallic silver/max orange/white,"169,00 €",https://cdn.idealo.com/folder/Product/6724/3/6724393/s1_produktbild_gross/nike-shox-tl-ar3566-100-white-metallic-silver-max-orange-white.jpg,"Low-Top-Sneaker, Chunky-Sneaker",Die Angebote können verschiedene Größen beinhalten.,Herren,"Synthetik, Mesh",Gummi,"atmungsaktiv, leichtgewichtig",,,mit Schnürung,,"Certification LEED, Sustainable Apparel Coalition, Leather Working Group, Better Cotton Initiative, Fair Labor Association",Nike Shox,,Textil,Reflektoren,,,,"Nike Shox, Flyknit",weiß,,,,,,,,
Adidas NMD_R1,"64,90 €",https://cdn.idealo.com/folder/Product/4998/4/4998474/s1_produktbild_gross/adidas-nmd_r1.jpg,,Die Angebote können verschiedene Größen beinhalten.,Herren,"Synthetik, Primeknit",Gummi,atmungsaktiv,,Adidas Boost,mit Schnürung,,"Certification LEED, Leather Working Group, Better Cotton Initiative, Fair Labor Association",Adidas NMD,,Textil,Zuglasche,Low-Top-Sneaker,,,,,,,,,,,,
New Balance 574 marblehead with pigment,"69,99 €",https://cdn.idealo.com/folder/Product/200013/6/200013606/s1_produktbild_gross/new-balance-574-marblehead-with-pigment.jpg,"Retro-Sneaker, Low-Top-Sneaker","Die Angebote können verschiedene Größen beinhalten., Der Schuh fällt klein aus.",Herren,,Gummi,atmungsaktiv,,,mit Schnürung,,"Sustainable Apparel Coalition, Leather Working Group, Better Cotton Initiative, Fair Labor Association",New Balance 574,,Synthetik,verstärkte Schuhspitze,,,,"New Balance ENCAP, New Balance SL-2 (Schuhleisten)",grau,Casual,,,,,,,
Nike Air Max Dn,"105,00 €",https://cdn.idealo.com/folder/Product/204053/6/204053644/s1_produktbild_gross/nike-air-max-dn.jpg,,,Herren,,"Schaumstoff, Gummi",,,Nike Air Sole (Dämpfung),mit Schnürung,,,Nike Air Max,Textil,,,Low-Top-Sneaker,,,,,,,,,,,,
Adidas Samba black/white/gum (019000),"64,79 €",https://cdn.idealo.com/folder/Product/2869/6/2869687/s1_produktbild_gross/adidas-samba-black-white-gum-019000.jpg,"Retro-Sneaker, Low-Top-Sneaker",Die Angebote können verschiedene Größen beinhalten.,Herren,"Leder, Synthetik",Gummi,,,,mit Schnürung,,"Certification LEED, Leather Working Group, Better Cotton Initiative, Fair Labor Association, Fair Wear Foundation",Adidas Samba,,Textil,verstärkte Schuhspitze,,,,,schwarz,,,,,,,,
New Balance 327 Unisex,"66,00 €",https://cdn.idealo.com/folder/Product/204154/9/204154928/s1_produktbild_gross/new-balance-327-unisex.jpg,,Die Angebote können verschiedene Größen beinhalten.,Unisex,"Nylon, Veloursleder",,,,,mit Schnürung,,"Sustainable Apparel Coalition, Leather Working Group, Better Cotton Initiative, Fair Labor Association",,,,verstärkte Schuhspitze,Low-Top-Sneaker,,,,,,,,,,,,
Nike P-6000 Women,"66,00 €",https://cdn.idealo.com/folder/Product/6742/2/6742204/s1_produktbild_gross/nike-p-6000-women.jpg,"Low-Top-Sneaker, Chunky-Sneaker, Retro-Sneaker",Die Angebote können verschiedene Größen beinhalten.,Damen,"Mesh, Textil, Leder",Gummi,atmungsaktiv,,,mit Schnürung,,,,,,Overlays,,,,,,,,,,,,,
Adidas Run 60s 3.0,"34,17 €",https://cdn.idealo.com/folder/Product/202248/9/202248972/s1_produktbild_gross/adidas-run-60s-3-0.jpg,,Die Angebote können verschiedene Größen beinhalten.,,,Gummi,,,,mit Schnürung,,"Certification LEED, Leather Working Group, Fair Labor Association, Better Cotton Initiative, Fair Wear Foundation",,Textil,Textil,verstärkte Schuhspitze,Low-Top-Sneaker,,,,,,,,,,gestreift,,
Nike Court Vision Alta Women,"38,28 €",https://cdn.idealo.com/folder/Product/201583/3/201583361/s1_produktbild_gross/nike-court-vision-alta-women.jpg,"Low-Top-Sneaker, Plateau-Sneaker",Die Angebote können verschiedene Größen beinhalten.,Damen,,"Gummi, Schaumstoff",gepolstert,,,mit Schnürung,,,Nike Court,Leder,,gepolsterte Zunge,,,,,,,,,,,,,
Nike Air Force 1 Luxe,"83,99 €",https://cdn.idealo.com/folder/Product/201570/6/201570620/s1_produktbild_gross/nike-air-force-1-luxe.jpg,"Retro-Sneaker, Low-Top-Sneaker",,,,,,,Nike Air Sole (Dämpfung),mit Schnürung,,,Nike Air Force,Leder,,,,,,,,,,,,,,,
Nike Air Max Command,"87,31 €",https://cdn.idealo.com/folder/Product/2418/1/2418131/s1_produktbild_gross/nike-air-max-command.jpg,"Low-Top-Sneaker, Retro-Sneaker",Die Angebote können verschiedene Größen beinhalten.,Herren,,Gummi,,,Nike Air Sole (Dämpfung),mit Schnürung,,,Nike Air Max,Textil,,verstärkte Schuhspitze,,,,,,,,,,,,,
Nike Air Force 1 Shadow Women,"90,99 €",https://cdn.idealo.com/folder/Product/6801/3/6801317/s1_produktbild_gross/nike-air-force-1-shadow-women.jpg,,Die Angebote können verschiedene Größen beinhalten.,Damen,"Leder, Synthetik",Gummi,"atmungsaktiv, gepolstert",,Nike Air Sole (Dämpfung),mit Schnürung,,,Nike Air Force 1,,Textil,Overlays,Low-Top-Sneaker,,,,,,,,,,,,
Nike AL8 Women,"53,99 €",https://cdn.idealo.com/folder/Product/204326/6/204326632/s1_produktbild_gross/nike-al8-women.jpg,,Die Angebote können verschiedene Größen beinhalten.,,"Synthetik, Mesh",Gummi,"atmungsaktiv, flexibel",,,mit Schnürung,,,,,Textil,verstärkte Schuhspitze,Low-Top-Sneaker,,,,,,,,,,,,
Nike Tanjun,"39,99 €",https://cdn.idealo.com/folder/Product/4998/1/4998156/s1_produktbild_gross/nike-tanjun.jpg,"Low-Top-Sneaker, Retro-Sneaker",Die Angebote können verschiedene Größen beinhalten.,Herren,"Textil, Mesh",,"atmungsaktiv, flexibel, leichtgewichtig",,,mit Schnürung,gepolsterter Knöchelbereich,,,,,gepolsterte Zunge,,,,,,,,,,,,,
Nike Blazer Mid '77 Vintage,"54,95 €",https://cdn.idealo.com/folder/Product/7080/8/7080853/s1_produktbild_gross/nike-blazer-mid-77-vintage.jpg,"High-Top-Sneaker, Retro-Sneaker",Die Angebote können verschiedene Größen beinhalten.,Unisex,,Gummi,atmungsaktiv,,,mit Schnürung,,,Nike Blazer,Leder,Textil,,,,,,,,,,,,,,
Nike Dunk Low,"59,99 €",https://cdn.idealo.com/folder/Product/203324/8/203324856/s1_produktbild_gross/nike-dunk-low.jpg,,Die Angebote können verschiedene Größen beinhalten.,,,,,,,,,,Nike Dunk,,,,Low-Top-Sneaker,,,,,,,,,,,,
Nike Court Vision Low Next Nature Women,"37,14 €",https://cdn.idealo.com/folder/Product/201939/1/201939135/s1_produktbild_gross/nike-court-vision-low-next-nature-women.jpg,,Die Angebote können verschiedene Größen beinhalten.,Damen,,Gummi,atmungsaktiv,,,mit Schnürung,,,Nike Court,Synthetik,,,Low-Top-Sneaker,,,,,,,,,,,,
New Balance 530 Sportschuhe MR530-ASM-D,"117,95 €",https://cdn.idealo.com/folder/Product/205597/0/205597028/s1_produktbild_gross/new-balance-530-sportschuhe-mr530-asm-d.jpg,,,,,,,,,,,,,,,,Low-Top-Sneaker,,,,weiß,,,,,,,,
Adidas Handball Spezial Women clear pink/arctic night/gum,"74,00 €",https://cdn.idealo.com/folder/Product/203231/5/203231552/s1_produktbild_gross/adidas-handball-spezial-women-clear-pink-arctic-night-gum.jpg,,Die Angebote können verschiedene Größen beinhalten.,,,Gummi,,,,mit Schnürung,,"Certification LEED, Leather Working Group, Better Cotton Initiative, Fair Labor Association, Fair Wear Foundation",Adidas Handball Spezial,Veloursleder,"Synthetik, Textil",,Low-Top-Sneaker,,,,rosa,,,,,,,,
Nike Air Force 1 '07 LV8,"77,99 €",https://cdn.idealo.com/folder/Product/4759/2/4759259/s1_produktbild_gross/nike-air-force-1-07-lv8.jpg,"Retro-Sneaker, Low-Top-Sneaker",Die Angebote können verschiedene Größen beinhalten.,Herren,,Gummi,atmungsaktiv,,Nike Air Sole (Dämpfung),mit Schnürung,,,Nike Air Force 1,Leder,,,,,,,,,,,,,,,
Puma CA Pro Classic,"37,46 €",https://cdn.idealo.com/folder/Product/201408/4/201408493/s1_produktbild_gross/puma-ca-pro-classic.jpg,,Die Angebote können verschiedene Größen beinhalten.,,,Gummi,gepolstert,,,mit Schnürung,,"Sustainable Apparel Coalition, Leather Working Group, Better Cotton Initiative, Fair Labor Association",,Leder,Textil,,Low-Top-Sneaker,,,,,,,,,,,,
On THE ROGER Advantage all white,"110,96 €",https://cdn.idealo.com/folder/Product/201231/7/201231715/s1_produktbild_gross/on-the-roger-advantage-all-white.jpg,,Die Angebote können verschiedene Größen beinhalten.,Herren,"Leder, Synthetik, Mesh, Textil","Gummi, Synthetik",,,,,gepolsterter Knöchelbereich,,,,Textil,,Low-Top-Sneaker,,,,weiß,,,,,,,"mit Schnürung, ohne Verschluss",
AUTRY Medalist Low,"107,99 €",https://cdn.idealo.com/folder/Product/203066/6/203066624/s1_produktbild_gross/autry-medalist-low.jpg,,,,,,,,,,,,,,,,Low-Top-Sneaker,,,,,,,,,,,,
Veja Campo,"89,97 €",https://cdn.idealo.com/folder/Product/7083/8/7083857/s1_produktbild_gross/veja-campo.jpg,,,Unisex,,Kautschuk,,,,mit Schnürung,,"Leather Working Group, GOTS",Veja Campo,Textil,Textil,,Low-Top-Sneaker,,,,,,,,,,,,
Asics GEL-NYC (1203A383),"117,00 €",https://cdn.idealo.com/folder/Product/204125/8/204125878/s1_produktbild_gross/asics-gel-nyc-1203a383.jpg,,Die Angebote können verschiedene Größen beinhalten.,,,,flexibel,,,mit Schnürung,,"Sustainable Apparel Coalition, Leather Working Group, Better Cotton Initiative, bluesign",,,,,Low-Top-Sneaker,,,,,,,,Pronationsstütze: Neutral / Dämpfungssystem: GEL,,,,
Converse Chuck Taylor All Star Lift Leather High white/black/white,"59,99 €",https://cdn.idealo.com/folder/Product/6455/9/6455901/s1_produktbild_gross/converse-chuck-taylor-all-star-lift-leather-high-white-black-white.jpg,"High-Top-Sneaker, Plateau-Sneaker",Die Angebote können verschiedene Größen beinhalten.,Damen,,Kautschuk,flexibel,,,mit Schnürung,,,Converse All Star Leather,Leder,Textil,Gummi-Zehenkappe,,,,,weiß,,,,,,,,
Skechers x JGoldcrown: Uno - Spread the Love,"59,22 €",https://cdn.idealo.com/folder/Product/201831/5/201831557/s1_produktbild_gross/skechers-x-jgoldcrown-uno-spread-the-love.jpg,,Die Angebote können verschiedene Größen beinhalten.,Damen,,Gummi,gepolstert,,Skechers Memory Foam,mit Schnürung,,,,Kunstleder,Textil,,Low-Top-Sneaker,,,,,,,,,,"Print, Herzen",,
Reebok Club C 85 white/sheer grey,"30,58 €",https://cdn.idealo.com/folder/Product/5614/5/5614567/s1_produktbild_gross/reebok-club-c-85-white-sheer-grey.jpg,,Die Angebote können verschiedene Größen beinhalten.,,,Gummi,,,,mit Schnürung,,Fair Labor Association,Reebok Club C,Leder,,,Low-Top-Sneaker,,,,weiß,,,,,,,,
UGG Lowmel,"169,95 €",https://cdn.idealo.com/folder/Product/205127/2/205127219/s1_produktbild_gross/ugg-lowmel.jpg,,Die Angebote können verschiedene Größen beinhalten.,Damen,"Veloursleder, Canvas",EVA,,"zweites Paar Schnürsenkel, Zuglasche",,mit Schnürung,gepolsterter Knöchelbereich,,,,Textil,,Low-Top-Sneaker,nein,,,,,,,,,,,
New Balance Made in USA 990v4,"179,89 €",https://cdn.idealo.com/folder/Product/202962/3/202962387/s1_produktbild_gross/new-balance-made-in-usa-990v4.jpg,"Chunky-Sneaker, Low-Top-Sneaker",Die Angebote können verschiedene Größen beinhalten.,Unisex,"Mesh, Veloursleder, Leder",Gummi,,,,mit Schnürung,,"Sustainable Apparel Coalition, Leather Working Group, Fair Labor Association, Better Cotton Initiative",,,Textil,verstärkte Schuhspitze,,,,,,,,,,,,,
Adidas Handball Spezial wonder silver/off white/gum,"19,32 €",https://cdn.idealo.com/folder/Product/204311/5/204311566/s1_produktbild_gross/adidas-handball-spezial-wonder-silver-off-white-gum.jpg,,Die Angebote können verschiedene Größen beinhalten.,"Herren, Unisex","Wildleder, Synthetik, Veloursleder",Gummi,,,,mit Schnürung,,,Adidas Handball Spezial,,Textil,,Low-Top-Sneaker,nein,,,grau,Vintage,,,,,,,
Nike Air Max 95 Essential,"149,99 €",https://cdn.idealo.com/folder/Product/4813/3/4813385/s1_produktbild_gross/nike-air-max-95-essential.jpg,"Low-Top-Sneaker, Retro-Sneaker",Die Angebote können verschiedene Größen beinhalten.,Herren,,Gummi,,,Nike Air Sole (Dämpfung),mit Schnürung,,,,,,,,,,,,,"Nike Air Max, Nike Air Max 95",,,,,,
Puma Speedcat OG,"97,89 €",https://cdn.idealo.com/folder/Product/205223/5/205223537/s1_produktbild_gross/puma-speedcat-og.jpg,,Die Angebote können verschiedene Größen beinhalten.,Unisex,"Leder, Textil",Gummi,,,Puma IMEVA,mit Schnürung,,,Puma Speedcat,,Textil,Zehenschutzkappe,Low-Top-Sneaker,nein,,,,,,,,,,,
On Cloudtilt,"123,00 €",https://cdn.idealo.com/folder/Product/204437/5/204437591/s1_produktbild_gross/on-cloudtilt.jpg,,Die Angebote können verschiedene Größen beinhalten.,Herren,"Synthetik, Mesh",Gummi,,,,mit Schnellschnürsystem,,,On Cloudtilt,,,,Low-Top-Sneaker,,,,,,,,,,,,
AUTRY Medalist Low (AULM) white,"127,49 €",https://cdn.idealo.com/folder/Product/201827/3/201827357/s1_produktbild_gross/autry-medalist-low-aulm-white.jpg,,Die Angebote können verschiedene Größen beinhalten.,Herren,"Leder, Veloursleder",Gummi,,,,,,,,,,,Low-Top-Sneaker,,,,weiß,,,,,,,,
Asics GEL-1130 Women (1202A164) cream/clay grey,"67,49 €",https://cdn.idealo.com/folder/Product/204852/4/204852426/s1_produktbild_gross/asics-gel-1130-women-1202a164-cream-clay-grey.jpg,,Die Angebote können verschiedene Größen beinhalten.,Damen,"Synthetik, Mesh",Gummi,atmungsaktiv,,,mit Schnürung,,"bluesign, Sustainable Apparel Coalition, Leather Working Group, Better Cotton Initiative",,,Textil,Overlays,Low-Top-Sneaker,,,,beige,,,"Casual, Vintage",,,,,
Converse Run Star High Top black/white/gum,"76,00 €",https://cdn.idealo.com/folder/Product/7005/5/7005511/s1_produktbild_gross/converse-run-star-high-top-black-white-gum.jpg,,Die Angebote können verschiedene Größen beinhalten.,,"Textil, Canvas",,atmungsaktiv,,,mit Schnürung,Ortholite Einlegesohle,,Converse Run Star,,Textil,Gummi-Zehenkappe,High-Top-Sneaker,,,,schwarz,,,,Einsatzbereich: Outdoor,,Print,,
Skechers Glide-Step Pro,"59,99 €",https://cdn.idealo.com/folder/Product/205583/5/205583500/s1_produktbild_gross/skechers-glide-step-pro.jpg,,Die Angebote können verschiedene Größen beinhalten.,Herren,"Synthetik, Mesh",Gummi,,,Skechers Air-Cooled Memory Foam®,ohne Verschluss,,,,,Textil,,Low-Top-Sneaker,ja,,,,,,,,,,,
Reebok Classic Leather cloud white/pure grey 3/pure grey 7,"44,92 €",https://cdn.idealo.com/folder/Product/201929/5/201929598/s1_produktbild_gross/reebok-classic-leather-cloud-white-pure-grey-3-pure-grey-7.jpg,"Retro-Sneaker, Low-Top-Sneaker",Die Angebote können verschiedene Größen beinhalten.,,,Gummi,flexibel,,,mit Schnürung,Wechselfußbett,,Reebok Classic Leather,Leder,Textil,Overlays,,,,,weiß,Casual,,,,,,,
New Balance 530 white/black,"88,49 €",https://cdn.idealo.com/folder/Product/202064/4/202064444/s1_produktbild_gross/new-balance-530-white-black.jpg,"Retro-Sneaker, Low-Top-Sneaker, Chunky-Sneaker",Die Angebote können verschiedene Größen beinhalten.,Unisex,"Textil, Mesh",Kautschuk,"atmungsaktiv, gepolstert","Zuglasche, verstärkte Schuhspitze",New Balance ABZORB,mit Schnürung,gepolsterter Knöchelbereich,"Sustainable Apparel Coalition, Leather Working Group, Better Cotton Initiative, Fair Labor Association",,,,,,,,,weiß,,,,,,,,
Adidas Response CL,"58,39 €",https://cdn.idealo.com/folder/Product/201398/0/201398010/s1_produktbild_gross/adidas-response-cl.jpg,,,Unisex,,,,,,,,"Certification LEED, Leather Working Group, Better Cotton Initiative, Fair Labor Association",,,,,Low-Top-Sneaker,,,,,,,,,,,,
Nike Shox R4 Women,"78,74 €",https://cdn.idealo.com/folder/Product/205546/8/205546870/s1_produktbild_gross/nike-shox-r4-women.jpg,"Low-Top-Sneaker, Chunky-Sneaker",Die Angebote können verschiedene Größen beinhalten.,,"Synthetik, Textil",Gummi,"rutschfest, gepolstert, gedämpft",,Nike Shox,mit Schnürung,,,Nike Shox,,Synthetik,,,,,,,,,,,,,,
AUTRY Medalist Low Women (AULW) Leather,"120,00 €",https://cdn.idealo.com/folder/Product/202083/9/202083949/s1_produktbild_gross/autry-medalist-low-women-aulw-leather.jpg,,Die Angebote können verschiedene Größen beinhalten.,Damen,"Leder, Mesh, Veloursleder",Gummi,,,,mit Schnürung,,,,,,,Low-Top-Sneaker,,,,,,,,,,,,
Asics EX89,"67,00 €",https://cdn.idealo.com/folder/Product/202277/5/202277532/s1_produktbild_gross/asics-ex89.jpg,,Die Angebote können verschiedene Größen beinhalten.,Herren,,Kautschuk,,,,mit Schnürung,,"bluesign, Better Cotton Initiative, Sustainable Apparel Coalition, Leather Working Group",,Leder,Textil,,Low-Top-Sneaker,,,,,,,,,,,,
Skechers Uno - Shimmer Away Women,"44,63 €",https://cdn.idealo.com/folder/Product/203209/5/203209541/s1_produktbild_gross/skechers-uno-shimmer-away-women.jpg,,Die Angebote können verschiedene Größen beinhalten.,Damen,,Gummi,dämpfend,,Skechers Air-Cooled Memory Foam®,mit Schnürung,,,,Kunstleder,Textil,,Low-Top-Sneaker,,,,,,,,,,,,
New Balance Unisex (9060) sea salt/moonbeam/turtledove,"119,70 €",https://cdn.idealo.com/folder/Product/204580/3/204580384/s1_produktbild_gross/new-balance-unisex-9060-sea-salt-moonbeam-turtledove.jpg,,Die Angebote können verschiedene Größen beinhalten.,Unisex,"Leder, Veloursleder, Mesh",Gummi,atmungsaktiv,,New Balance ABZORB,mit Schnürung,,"Sustainable Apparel Coalition, Leather Working Group, Better Cotton Initiative, Fair Labor Association",,,,,Low-Top-Sneaker,,,,weiß,Vintage,,,,,,,
Adidas Breaknet Sleek Women,"31,99 €",https://cdn.idealo.com/folder/Product/204605/0/204605043/s1_produktbild_gross/adidas-breaknet-sleek-women.jpg,,Die Angebote können verschiedene Größen beinhalten.,Damen,"Synthetik, Leder",Gummi,,,,mit Schnürung,,,,,Textil,,Low-Top-Sneaker,,,,,,,,,normal,,,
Nike Air Max 90 Women,"89,99 €",https://cdn.idealo.com/folder/Product/1465/1/1465140/s1_produktbild_gross/nike-air-max-90-women.jpg,"Retro-Sneaker, Low-Top-Sneaker",Die Angebote können verschiedene Größen beinhalten.,Damen,"Synthetik, Mesh",Gummi,,,Nike Air Sole (Dämpfung),mit Schnürung,,,,,,verstärkte Schuhspitze,,,,,,,"Nike Air Max, Nike Air Max 90",,,,,,
Asics Gel 1130 (1201B019) white/black/white,"96,00 €",https://cdn.idealo.com/folder/Product/203758/0/203758036/s1_produktbild_gross/asics-gel-1130-1201b019-white-black-white.jpg,,Die Angebote können verschiedene Größen beinhalten.,Herren,,Gummi,,,,mit Schnürung,,"Sustainable Apparel Coalition, Leather Working Group, Better Cotton Initiative, bluesign",,Synthetik,,,Low-Top-Sneaker,,,,weiß,,,,,,,,
Skechers Slip-ins: Summits - Diamond Dream Women,"50,49 €",https://cdn.idealo.com/folder/Product/203729/7/203729757/s1_produktbild_gross/skechers-slip-ins-summits-diamond-dream-women.jpg,"Slip-ons, Low-Top-Sneaker",Die Angebote können verschiedene Größen beinhalten.,Damen,"Mesh, Synthetik",Synthetik,"atmungsaktiv, leichtgewichtig, flexibel",,,ohne Verschluss,Memory-Foam,,,,Textil,,,ja,,"Skechers Air-Cooled Memory Foam®, Skechers Memory Foam",,,,,,,,,
New Balance 530 Women,"60,99 €",https://cdn.idealo.com/folder/Product/4805/2/4805252/s1_produktbild_gross/new-balance-530-women.jpg,"Low-Top-Sneaker, Retro-Sneaker",Die Angebote können verschiedene Größen beinhalten.,Damen,,,,,New Balance ENCAP,mit Schnürung,,"Leather Working Group, Better Cotton Initiative, Sustainable Apparel Coalition, Fair Labor Association",,,,,,,,,,,,,,,,,
Adidas SL72 OG,"60,00 €",https://cdn.idealo.com/folder/Product/204157/0/204157031/s1_produktbild_gross/adidas-sl72-og.jpg,"Retro-Sneaker, Low-Top-Sneaker",Die Angebote können verschiedene Größen beinhalten.,Unisex,"Nylon, Wildleder",Gummi,"atmungsaktiv, leichtgewichtig","Zehenschutzkappe, verstärkte Schuhspitze",,mit Schnürung,,"Certification LEED, Leather Working Group, Fair Labor Association, Better Cotton Initiative, Fair Wear Foundation",,,Textil,,,,,,,,,,,,,,
Nike Air Jordan 1 Mid (DQ8426),"84,00 €",https://cdn.idealo.com/folder/Product/203224/6/203224632/s1_produktbild_gross/nike-air-jordan-1-mid-dq8426.jpg,"High-Top-Sneaker, Retro-Sneaker",Die Angebote können verschiedene Größen beinhalten.,Unisex,"Leder, Nubuk",Gummi,atmungsaktiv,,,mit Schnürung,,,Nike Jordan,,Textil,verstärkte Schuhspitze,,,,,,,,,,,,,
Asics Japan S,"30,79 €",https://cdn.idealo.com/folder/Product/6767/3/6767348/s1_produktbild_gross/asics-japan-s.jpg,,Die Angebote können verschiedene Größen beinhalten.,,,Gummi,"atmungsaktiv, flexibel, gepolstert",,,mit Schnürung,,"Sustainable Apparel Coalition, bluesign",,Kunstleder,Textil,,Low-Top-Sneaker,,,,,,,,,,,,
Skechers Uno (177094),"46,46 €",https://cdn.idealo.com/folder/Product/202088/7/202088760/s1_produktbild_gross/skechers-uno-177094.jpg,,Die Angebote können verschiedene Größen beinhalten.,Damen,,Gummi,gepolstert,,,mit Schnürung,Memory-Foam,,,,Textil,,Low-Top-Sneaker,,,,,,,,,normal,unifarben,,
New Balance CT302,"55,97 €",https://cdn.idealo.com/folder/Product/202064/4/202064401/s1_produktbild_gross/new-balance-ct302.jpg,"Plateau-Sneaker, Low-Top-Sneaker",Die Angebote können verschiedene Größen beinhalten.,Unisex,,Gummi,,,,mit Schnürung,,"Sustainable Apparel Coalition, Leather Working Group, Better Cotton Initiative, Fair Labor Association",,Leder,,,,,,,,,,,,,,,
Adidas Forum Low CL,"30,00 €",https://cdn.idealo.com/folder/Product/202117/0/202117040/s1_produktbild_gross/adidas-forum-low-cl.jpg,,Die Angebote können verschiedene Größen beinhalten.,Unisex,,Gummi,,,,mit Schnürung,,"Certification LEED, Leather Working Group, Fair Labor Association, Better Cotton Initiative, Fair Wear Foundation",Adidas Forum,Leder,Textil,verstärkte Schuhspitze,Low-Top-Sneaker,,,,,,,,,,,,
Nike Air Max Plus III,"129,00 €",https://cdn.idealo.com/folder/Product/6985/4/6985470/s1_produktbild_gross/nike-air-max-plus-iii.jpg,,Die Angebote können verschiedene Größen beinhalten.,Herren,"Mesh, Synthetik",Gummi,,,,mit Schnürung,,,Nike Air Max,,Textil,,Low-Top-Sneaker,,,,,,,,,,,,
New Balance 327 (MS327) white/black,"79,99 €",https://cdn.idealo.com/folder/Product/202083/4/202083438/s1_produktbild_gross/new-balance-327-ms327-white-black.jpg,,Die Angebote können verschiedene Größen beinhalten.,Herren,"Nylon, Veloursleder",,,,,mit Schnürung,,"Sustainable Apparel Coalition, Leather Working Group, Better Cotton Initiative, Fair Labor Association",,,,,Low-Top-Sneaker,,,,beige,Schwarz-Weiß,,,,,,,
Adidas Grand Court Base 00s,"42,39 €",https://cdn.idealo.com/folder/Product/205087/4/205087481/s1_produktbild_gross/adidas-grand-court-base-00s.jpg,,Die Angebote können verschiedene Größen beinhalten.,Unisex,,Gummi,,,,mit Schnürung,,,,Wildleder,Textil,,Low-Top-Sneaker,nein,,,,,,,,,,,
Nike Dunk Low Retro grey,"79,99 €",https://cdn.idealo.com/folder/Product/202316/0/202316094/s1_produktbild_gross/nike-dunk-low-retro-grey.jpg,"Retro-Sneaker, Low-Top-Sneaker",Die Angebote können verschiedene Größen beinhalten.,Herren,,"Gummi, Schaumstoff",,,,mit Schnürung,,,Nike Dunk,Leder,,,,,,,grau,,,,,,,,
Adidas Ozweego,"39,95 €",https://cdn.idealo.com/folder/Product/6692/5/6692591/s1_produktbild_gross/adidas-ozweego.jpg,"Low-Top-Sneaker, Chunky-Sneaker",Die Angebote können verschiedene Größen beinhalten.,,"Mesh, Veloursleder",Gummi,atmungsaktiv,,Adidas ADIPRENE +,mit Schnürung,,,,,Textil,Overlays,,,,,,,,,,,,,
Nike Initiator Women white/photon dust/metallic silver,"69,99 €",https://cdn.idealo.com/folder/Product/204315/4/204315402/s1_produktbild_gross/nike-initiator-women-white-photon-dust-metallic-silver.jpg,,,Damen,,Gummi,"atmungsaktiv, leichtgewichtig, flexibel",,,,,"Certification LEED, Sustainable Apparel Coalition, Leather Working Group, Fair Labor Association, Better Cotton Initiative",,,,,Low-Top-Sneaker,,,,weiß,,,,Zwischensohle: Schaumstoff,,,,
Adidas VS Pace 2.0,"28,30 €",https://cdn.idealo.com/folder/Product/202296/4/202296418/s1_produktbild_gross/adidas-vs-pace-2-0.jpg,,Die Angebote können verschiedene Größen beinhalten.,Herren,,Gummi,,,,mit Schnürung,,"Certification LEED, Leather Working Group, Better Cotton Initiative, Fair Labor Association",,Kunstleder,Textil,Zuglasche,Low-Top-Sneaker,,,,,,,,,,,,
Nike Air VaporMax Plus,"169,99 €",https://cdn.idealo.com/folder/Product/6001/4/6001434/s1_produktbild_gross/nike-air-vapormax-plus.jpg,,Die Angebote können verschiedene Größen beinhalten.,Herren,"Synthetik, Veloursleder",Gummi,,,,mit Schnürung,,,Nike Air Max,,Textil,Zuglasche,Low-Top-Sneaker,,,,,,,,,,,,
