Product Title,Product Price,Images,Contains,May Contain,Package Quantity,Net weight,TCIN,UPC,Item Number (DPCI),Origin,Grocery Disclaimer,Dietary Needs,Features,Style
Smucker's Uncrustables Frozen Chocolate Flavored Hazelnut Spread Sandwich,$3.99,"https://target.scene7.com/is/image/Target/GUEST_038f4e20-6103-455a-8ad9-e1da5f8401dd?wid=800&hei=800&qlt=80&fmt=pjpeg,https://target.scene7.com/is/image/Target/GUEST_cd16634a-5184-40bc-850a-935e4e9e90f6?wid=800&hei=800&qlt=80&fmt=pjpeg,https://target.scene7.com/is/image/Target/GUEST_a2ba1be6-687e-4b0b-a762-ab9067719f69?wid=800&hei=800&qlt=80&fmt=pjpeg,https://target.scene7.com/is/image/Target/GUEST_b3f5b0e0-78fd-4c14-9f11-507f964f437a?wid=800&hei=800&qlt=80&fmt=pjpeg,https://target.scene7.com/is/image/Target/GUEST_eb4c5b30-3f4a-4246-aa55-7431836b6414?wid=800&hei=800&qlt=80&fmt=pjpeg"," Hazelnuts, Wheat, Milk", Peanuts, 4, 7.2 Ounces, 17004543, 051500211793, 270-02-0506, Made in the USA or Imported,"
Content on this site is for reference purposes only. Target does not represent or warrant that the nutrition, ingredient, allergen and other product information on our Web or Mobile sites are accurate or complete, since this information comes from the product manufacturers. On occasion, manufacturers may improve or change their product formulas and update their labels. We recommend that you do not rely solely on the information presented on our Web or Mobile sites and that you review the product's label or contact the manufacturer directly if you have specific product concerns or questions. If you have specific healthcare concerns or questions about the products displayed, please contact your licensed healthcare professional for advice or answers. Any additional pictures are suggested servings only.",,,
Mings Frozen Spicy Dan Dan Noodles - 10oz,$5.29,"https://target.scene7.com/is/image/Target/GUEST_ca7e057c-8e65-4cb6-9dfc-ec60bfa15c39?wid=800&hei=800&qlt=80&fmt=pjpeg,https://target.scene7.com/is/image/Target/GUEST_b933b5a8-cc96-469a-ac7d-769c85d4938f?wid=800&hei=800&qlt=80&fmt=pjpeg,https://target.scene7.com/is/image/Target/GUEST_32acb6fe-2283-42df-bcd4-f69f0adedff3?wid=800&hei=800&qlt=80&fmt=pjpeg,https://target.scene7.com/is/image/Target/GUEST_272f707d-e73e-4ae3-8a36-82aa11a1b3d2?wid=800&hei=800&qlt=80&fmt=pjpeg,https://target.scene7.com/is/image/Target/GUEST_8d7cb5e2-bd0d-460e-bdb1-7957c0685b5a?wid=800&hei=800&qlt=80&fmt=pjpeg"," Sesame, Soy, Wheat",, 1, 10 Ounces, 92088385, 013800314666, 270-02-2669, Assem USA w/foreign/dom. parts,"
Content on this site is for reference purposes only. Target does not represent or warrant that the nutrition, ingredient, allergen and other product information on our Web or Mobile sites are accurate or complete, since this information comes from the product manufacturers. On occasion, manufacturers may improve or change their product formulas and update their labels. We recommend that you do not rely solely on the information presented on our Web or Mobile sites and that you review the product's label or contact the manufacturer directly if you have specific product concerns or questions. If you have specific healthcare concerns or questions about the products displayed, please contact your licensed healthcare professional for advice or answers. Any additional pictures are suggested servings only."," Non-Dairy, 0 Grams Trans Fat", No High Fructose Corn Syrup,
Kevin's Natural Foods Frozen Gluten Free Orange Chicken - 9.5oz,$5.99,"https://target.scene7.com/is/image/Target/GUEST_7eda5db2-b9fa-4210-84dc-d985e4ebab06?wid=800&hei=800&qlt=80&fmt=pjpeg,https://target.scene7.com/is/image/Target/GUEST_214b1c52-0331-4dc7-854c-5211c013b61a?wid=800&hei=800&qlt=80&fmt=pjpeg,https://target.scene7.com/is/image/Target/GUEST_bd0e3c7c-66d6-4890-953c-4d0a2356476c?wid=800&hei=800&qlt=80&fmt=pjpeg,https://target.scene7.com/is/image/Target/GUEST_cb33222b-e898-42b3-8e27-82a95e199933?wid=800&hei=800&qlt=80&fmt=pjpeg,https://target.scene7.com/is/image/Target/GUEST_69a4d96e-c04d-40bb-a541-f12f0ed1f627?wid=800&hei=800&qlt=80&fmt=pjpeg", Does Not Contain Any of the 9 Major Allergens,, 1, 9.5 Ounces, 89908086, 810264027152, 270-02-5644, Made in the USA or Imported,"
Content on this site is for reference purposes only. Target does not represent or warrant that the nutrition, ingredient, allergen and other product information on our Web or Mobile sites are accurate or complete, since this information comes from the product manufacturers. On occasion, manufacturers may improve or change their product formulas and update their labels. We recommend that you do not rely solely on the information presented on our Web or Mobile sites and that you review the product's label or contact the manufacturer directly if you have specific product concerns or questions. If you have specific healthcare concerns or questions about the products displayed, please contact your licensed healthcare professional for advice or answers. Any additional pictures are suggested servings only.", Gluten-Free," Soy-Free, No Artificial Flavors, Colors or Preservatives",
Tattooed Chef Frozen Burrito Bowl - 8.5oz,$5.99,"https://target.scene7.com/is/image/Target/GUEST_c06d9913-e8e5-426f-99e3-880789a2c637?wid=800&hei=800&qlt=80&fmt=pjpeg,https://target.scene7.com/is/image/Target/GUEST_98ff981c-f539-4d93-9397-a1bb90b5250f?wid=800&hei=800&qlt=80&fmt=pjpeg,https://target.scene7.com/is/image/Target/GUEST_e6f1d228-ecca-4a70-a86a-d37f73a71425?wid=800&hei=800&qlt=80&fmt=pjpeg,https://target.scene7.com/is/image/Target/GUEST_147b6f99-f742-467b-a7e8-613aa41c393f?wid=800&hei=800&qlt=80&fmt=pjpeg,https://target.scene7.com/is/image/Target/GUEST_e7054bb4-eca2-4cf8-8566-4b87aeed6833?wid=800&hei=800&qlt=80&fmt=pjpeg", Coconut,, 1, 8.5 Ounces, 92079480, 850044599516, 270-02-3984, Imported,"
Content on this site is for reference purposes only. Target does not represent or warrant that the nutrition, ingredient, allergen and other product information on our Web or Mobile sites are accurate or complete, since this information comes from the product manufacturers. On occasion, manufacturers may improve or change their product formulas and update their labels. We recommend that you do not rely solely on the information presented on our Web or Mobile sites and that you review the product's label or contact the manufacturer directly if you have specific product concerns or questions. If you have specific healthcare concerns or questions about the products displayed, please contact your licensed healthcare professional for advice or answers. Any additional pictures are suggested servings only.", Vegan, Plant-Based,
Smucker's Uncrustables Frozen Peanut Butter & Strawberry Jam Sandwich,$3.99,"https://target.scene7.com/is/image/Target/GUEST_c6fa87cd-0fd2-4673-aa2c-fe882825ead8?wid=800&hei=800&qlt=80&fmt=pjpeg,https://target.scene7.com/is/image/Target/GUEST_69e7e620-74b9-42e3-9bb6-438789df1af2?wid=800&hei=800&qlt=80&fmt=pjpeg,https://target.scene7.com/is/image/Target/GUEST_737ae6f5-f26c-4e9c-a890-22de6e28d072?wid=800&hei=800&qlt=80&fmt=pjpeg,https://target.scene7.com/is/image/Target/GUEST_ff839983-5006-429e-9809-9ae3fc1efee5?wid=800&hei=800&qlt=80&fmt=pjpeg,https://target.scene7.com/is/image/Target/GUEST_eb4c5b30-3f4a-4246-aa55-7431836b6414?wid=800&hei=800&qlt=80&fmt=pjpeg"," Peanuts, Wheat"," Tree Nuts, Milk", 4, 8 Ounces, 13234505, 051500048160, 270-02-0058, Made in the USA or Imported,"
Content on this site is for reference purposes only. Target does not represent or warrant that the nutrition, ingredient, allergen and other product information on our Web or Mobile sites are accurate or complete, since this information comes from the product manufacturers. On occasion, manufacturers may improve or change their product formulas and update their labels. We recommend that you do not rely solely on the information presented on our Web or Mobile sites and that you review the product's label or contact the manufacturer directly if you have specific product concerns or questions. If you have specific healthcare concerns or questions about the products displayed, please contact your licensed healthcare professional for advice or answers. Any additional pictures are suggested servings only.",,,
Lean Cuisine Comfort Cravings Frozen Five Cheese Rigatoni - 10oz,$2.99,"https://target.scene7.com/is/image/Target/GUEST_0e763d63-de31-48c4-9698-9767906aab6e?wid=800&hei=800&qlt=80&fmt=pjpeg,https://target.scene7.com/is/image/Target/GUEST_02163361-331a-436f-bb96-8ea483239ce9?wid=800&hei=800&qlt=80&fmt=pjpeg,https://target.scene7.com/is/image/Target/GUEST_38009d8b-9869-4aeb-8d63-a3f6bde672a6?wid=800&hei=800&qlt=80&fmt=pjpeg,https://target.scene7.com/is/image/Target/GUEST_9cb0816f-950a-4b8d-91fa-af6c6be2a160?wid=800&hei=800&qlt=80&fmt=pjpeg,https://target.scene7.com/is/image/Target/GUEST_1e9372e6-e30d-4d43-a577-c99313ff09ed?wid=800&hei=800&qlt=80&fmt=pjpeg"," Milk, Wheat, Soy", Eggs, 1, 10 Ounces, 13369390, 013800174208, 270-02-0427, Made in the USA or Imported,"
Content on this site is for reference purposes only. Target does not represent or warrant that the nutrition, ingredient, allergen and other product information on our Web or Mobile sites are accurate or complete, since this information comes from the product manufacturers. On occasion, manufacturers may improve or change their product formulas and update their labels. We recommend that you do not rely solely on the information presented on our Web or Mobile sites and that you review the product's label or contact the manufacturer directly if you have specific product concerns or questions. If you have specific healthcare concerns or questions about the products displayed, please contact your licensed healthcare professional for advice or answers. Any additional pictures are suggested servings only.", 0 Grams Trans Fat, No Preservatives,
Kevin's Natural Foods Frozen Gluten Free Korean BBQ Style Chicken - 9.5oz,$5.99,"https://target.scene7.com/is/image/Target/GUEST_fc24814d-8326-4e32-b961-dcfc71c60f54?wid=800&hei=800&qlt=80&fmt=pjpeg,https://target.scene7.com/is/image/Target/GUEST_cb1007a2-8630-42cb-9f86-d1b6b2e8ad30?wid=800&hei=800&qlt=80&fmt=pjpeg,https://target.scene7.com/is/image/Target/GUEST_82254582-0a4e-42cc-96c1-5e8e5d15c0ab?wid=800&hei=800&qlt=80&fmt=pjpeg,https://target.scene7.com/is/image/Target/GUEST_cce9b78d-5ba5-4a44-bc9c-1106446696df?wid=800&hei=800&qlt=80&fmt=pjpeg,https://target.scene7.com/is/image/Target/GUEST_9d36f3f1-0f70-435d-b2ae-b300a1ec5729?wid=800&hei=800&qlt=80&fmt=pjpeg", Sesame,, 1, 9.5 Ounces, 89908091, 810264027114, 270-02-2305, Made in the USA or Imported,"
Content on this site is for reference purposes only. Target does not represent or warrant that the nutrition, ingredient, allergen and other product information on our Web or Mobile sites are accurate or complete, since this information comes from the product manufacturers. On occasion, manufacturers may improve or change their product formulas and update their labels. We recommend that you do not rely solely on the information presented on our Web or Mobile sites and that you review the product's label or contact the manufacturer directly if you have specific product concerns or questions. If you have specific healthcare concerns or questions about the products displayed, please contact your licensed healthcare professional for advice or answers. Any additional pictures are suggested servings only.", Gluten-Free," Soy-Free, No Artificial Flavors, Colors or Preservatives, No Added Sugar, No Added Antibiotics",
Kevin's Natural Foods Frozen Gluten Free Parmesan Basil Chicken - 9oz,$5.99,"https://target.scene7.com/is/image/Target/GUEST_8b516b6a-3413-425d-aefc-50aa6740f6a5?wid=800&hei=800&qlt=80&fmt=pjpeg,https://target.scene7.com/is/image/Target/GUEST_5ba4cf35-d525-4873-b356-3ef324acc9d7?wid=800&hei=800&qlt=80&fmt=pjpeg,https://target.scene7.com/is/image/Target/GUEST_9050376a-2f48-4d85-98b7-99cb5d2a91ce?wid=800&hei=800&qlt=80&fmt=pjpeg,https://target.scene7.com/is/image/Target/GUEST_2d3ceff3-2fce-43a0-92d9-8b680b6b2b4c?wid=800&hei=800&qlt=80&fmt=pjpeg,https://target.scene7.com/is/image/Target/GUEST_1944aa06-33c1-4927-9274-86d55ba07611?wid=800&hei=800&qlt=80&fmt=pjpeg", Milk,, 1, 9 Ounces, 89908089, 810264027138, 270-02-9728, Made in the USA or Imported,"
Content on this site is for reference purposes only. Target does not represent or warrant that the nutrition, ingredient, allergen and other product information on our Web or Mobile sites are accurate or complete, since this information comes from the product manufacturers. On occasion, manufacturers may improve or change their product formulas and update their labels. We recommend that you do not rely solely on the information presented on our Web or Mobile sites and that you review the product's label or contact the manufacturer directly if you have specific product concerns or questions. If you have specific healthcare concerns or questions about the products displayed, please contact your licensed healthcare professional for advice or answers. Any additional pictures are suggested servings only.", Gluten-Free," No Artificial Flavors, Colors or Preservatives, Soy-Free, No Added Sugar, Grain-Free",
Devour Frozen Smokehouse Meat & Potatoes - 9.8oz,$3.79,"https://target.scene7.com/is/image/Target/GUEST_77dbc493-24b1-4547-8cc7-1dff0000d05b?wid=800&hei=800&qlt=80&fmt=pjpeg,https://target.scene7.com/is/image/Target/GUEST_af48254e-fefa-46c3-b98e-9dd98b8183c0?wid=800&hei=800&qlt=80&fmt=pjpeg,https://target.scene7.com/is/image/Target/GUEST_6ca41688-b525-4f4e-a6b3-b0a1d3789ddc?wid=800&hei=800&qlt=80&fmt=pjpeg,https://target.scene7.com/is/image/Target/GUEST_f084638c-eaec-4b5c-b18f-cd54da26ac77?wid=800&hei=800&qlt=80&fmt=pjpeg,https://target.scene7.com/is/image/Target/GUEST_bfbbdc6e-4cc5-4c80-96d4-f8a0471bbd78?wid=800&hei=800&qlt=80&fmt=pjpeg", Anchovy,, 1, 9.8 Ounces, 81624933, 025155000545, 270-02-2888, Made in the USA or Imported,"
Content on this site is for reference purposes only. Target does not represent or warrant that the nutrition, ingredient, allergen and other product information on our Web or Mobile sites are accurate or complete, since this information comes from the product manufacturers. On occasion, manufacturers may improve or change their product formulas and update their labels. We recommend that you do not rely solely on the information presented on our Web or Mobile sites and that you review the product's label or contact the manufacturer directly if you have specific product concerns or questions. If you have specific healthcare concerns or questions about the products displayed, please contact your licensed healthcare professional for advice or answers. Any additional pictures are suggested servings only.",,,
Smucker's Uncrustables Frozen Peanut Butter & Grape Jelly Sandwich,$3.99,"https://target.scene7.com/is/image/Target/GUEST_62d6cc90-1dab-4fc9-afd3-7fae4c3ea4e1?wid=800&hei=800&qlt=80&fmt=pjpeg,https://target.scene7.com/is/image/Target/GUEST_a291ff79-720a-4b0f-878e-f2d6457d3461?wid=800&hei=800&qlt=80&fmt=pjpeg,https://target.scene7.com/is/image/Target/GUEST_00fa0598-07af-489f-960c-b637a001eaf7?wid=800&hei=800&qlt=80&fmt=pjpeg,https://target.scene7.com/is/image/Target/GUEST_3ba7fb19-67ae-4acb-a84f-f1c01d768400?wid=800&hei=800&qlt=80&fmt=pjpeg,https://target.scene7.com/is/image/Target/GUEST_eb4c5b30-3f4a-4246-aa55-7431836b6414?wid=800&hei=800&qlt=80&fmt=pjpeg"," Peanuts, Wheat"," Tree Nuts, Milk", 4, 8 Ounces, 13234506, 051500048153, 270-02-0056, Made in the USA or Imported,"
Content on this site is for reference purposes only. Target does not represent or warrant that the nutrition, ingredient, allergen and other product information on our Web or Mobile sites are accurate or complete, since this information comes from the product manufacturers. On occasion, manufacturers may improve or change their product formulas and update their labels. We recommend that you do not rely solely on the information presented on our Web or Mobile sites and that you review the product's label or contact the manufacturer directly if you have specific product concerns or questions. If you have specific healthcare concerns or questions about the products displayed, please contact your licensed healthcare professional for advice or answers. Any additional pictures are suggested servings only.",,,
Stouffer's Frozen Lasagna with Meat & Sauce Frozen Dinner - 10.5oz,$3.59,"https://target.scene7.com/is/image/Target/GUEST_5fc296b7-2ebe-423c-b0f4-89dae338edd6?wid=800&hei=800&qlt=80&fmt=pjpeg,https://target.scene7.com/is/image/Target/GUEST_cb6be353-db9c-43b0-be14-144b9e55362e?wid=800&hei=800&qlt=80&fmt=pjpeg,https://target.scene7.com/is/image/Target/GUEST_307712ec-1e4e-4799-928c-1a71ba6f181b?wid=800&hei=800&qlt=80&fmt=pjpeg,https://target.scene7.com/is/image/Target/GUEST_41bdb811-9a56-4f14-b89e-312606d6ca8e?wid=800&hei=800&qlt=80&fmt=pjpeg,https://target.scene7.com/is/image/Target/GUEST_4ece1041-df53-4419-8872-ae92a52b460c?wid=800&hei=800&qlt=80&fmt=pjpeg"," Milk, Soy, Wheat", Eggs, 1, 10.5 Ounces, 13409340, 013800103215, 270-02-1500, Made in the USA or Imported,"
Content on this site is for reference purposes only. Target does not represent or warrant that the nutrition, ingredient, allergen and other product information on our Web or Mobile sites are accurate or complete, since this information comes from the product manufacturers. On occasion, manufacturers may improve or change their product formulas and update their labels. We recommend that you do not rely solely on the information presented on our Web or Mobile sites and that you review the product's label or contact the manufacturer directly if you have specific product concerns or questions. If you have specific healthcare concerns or questions about the products displayed, please contact your licensed healthcare professional for advice or answers. Any additional pictures are suggested servings only.", High Protein, No Preservatives,
DiGiorno Cheese Stuffed Crust Four Cheese Frozen Pizza - 8.5oz,$3.99,"https://target.scene7.com/is/image/Target/GUEST_2b470a74-7398-43fb-b2be-9b2846db2a1b?wid=800&hei=800&qlt=80&fmt=pjpeg,https://target.scene7.com/is/image/Target/GUEST_007aaa33-e44e-48f9-83d3-a03932767065?wid=800&hei=800&qlt=80&fmt=pjpeg,https://target.scene7.com/is/image/Target/GUEST_25094d70-9a75-446a-976a-567b6e367f63?wid=800&hei=800&qlt=80&fmt=pjpeg,https://target.scene7.com/is/image/Target/GUEST_157b9bfa-4941-4203-969f-01fe8d1c12dd?wid=800&hei=800&qlt=80&fmt=pjpeg,https://target.scene7.com/is/image/Target/GUEST_2ad25c85-6d56-4e5a-8af1-f4e32d1c2d45?wid=800&hei=800&qlt=80&fmt=pjpeg"," Milk, Wheat",, 1, 8.5 Ounces, 13505877, 071921016685, 288-03-0697, Made in the USA or Imported,"
Content on this site is for reference purposes only. Target does not represent or warrant that the nutrition, ingredient, allergen and other product information on our Web or Mobile sites are accurate or complete, since this information comes from the product manufacturers. On occasion, manufacturers may improve or change their product formulas and update their labels. We recommend that you do not rely solely on the information presented on our Web or Mobile sites and that you review the product's label or contact the manufacturer directly if you have specific product concerns or questions. If you have specific healthcare concerns or questions about the products displayed, please contact your licensed healthcare professional for advice or answers. Any additional pictures are suggested servings only.", High Protein,, Stuffed Crust
Lean Cuisine Frozen Orange Chicken - 10oz,$3.49,"https://target.scene7.com/is/image/Target/GUEST_ba381a05-f913-4643-95e6-9df12405bd92?wid=800&hei=800&qlt=80&fmt=pjpeg,https://target.scene7.com/is/image/Target/GUEST_7058e788-3cc6-483c-bbcb-6101ccaa1f7b?wid=800&hei=800&qlt=80&fmt=pjpeg,https://target.scene7.com/is/image/Target/GUEST_84ab9cd0-4775-4734-9c91-5b76a0c3bc31?wid=800&hei=800&qlt=80&fmt=pjpeg,https://target.scene7.com/is/image/Target/GUEST_3f69b2c1-62c9-40e7-bbe8-3f75470f20a0?wid=800&hei=800&qlt=80&fmt=pjpeg,https://target.scene7.com/is/image/Target/GUEST_7e09f97a-31a6-4f42-85f5-52e4f7a2e08c?wid=800&hei=800&qlt=80&fmt=pjpeg"," Soy, Wheat",, 1, 10 Ounces, 88063605, 013800497307, 270-02-0313, Made in the USA or Imported,"
Content on this site is for reference purposes only. Target does not represent or warrant that the nutrition, ingredient, allergen and other product information on our Web or Mobile sites are accurate or complete, since this information comes from the product manufacturers. On occasion, manufacturers may improve or change their product formulas and update their labels. We recommend that you do not rely solely on the information presented on our Web or Mobile sites and that you review the product's label or contact the manufacturer directly if you have specific product concerns or questions. If you have specific healthcare concerns or questions about the products displayed, please contact your licensed healthcare professional for advice or answers. Any additional pictures are suggested servings only."," High Protein, 0 Grams Trans Fat",,
Lean Cuisine Frozen Comfort Cravings Alfredo Pasta with Chicken & Broccoli - 10oz,$2.99,"https://target.scene7.com/is/image/Target/GUEST_754ea111-8afe-44da-83b8-c0296adc6357?wid=800&hei=800&qlt=80&fmt=pjpeg,https://target.scene7.com/is/image/Target/GUEST_08afae77-d4ea-48f6-89d2-e3fb89982ab4?wid=800&hei=800&qlt=80&fmt=pjpeg,https://target.scene7.com/is/image/Target/GUEST_9640dbc3-05fa-4499-b96b-305677566b09?wid=800&hei=800&qlt=80&fmt=pjpeg,https://target.scene7.com/is/image/Target/GUEST_a4936a5a-a172-42d5-b7af-849ff7a802fa?wid=800&hei=800&qlt=80&fmt=pjpeg,https://target.scene7.com/is/image/Target/GUEST_e7b28446-ad82-47fe-8a21-84dc8a922012?wid=800&hei=800&qlt=80&fmt=pjpeg"," Milk, Soy, Wheat", Eggs, 1, 10 Ounces, 13291399, 013800174192, 270-02-1264, Made in the USA or Imported,"
Content on this site is for reference purposes only. Target does not represent or warrant that the nutrition, ingredient, allergen and other product information on our Web or Mobile sites are accurate or complete, since this information comes from the product manufacturers. On occasion, manufacturers may improve or change their product formulas and update their labels. We recommend that you do not rely solely on the information presented on our Web or Mobile sites and that you review the product's label or contact the manufacturer directly if you have specific product concerns or questions. If you have specific healthcare concerns or questions about the products displayed, please contact your licensed healthcare professional for advice or answers. Any additional pictures are suggested servings only."," High Protein, 0 Grams Trans Fat"," No Preservatives, No Added Sugar",
Frozen Stuffed Mini Rigatoni in a Marinara Sauce -with Hidden Vegetables - 8oz - Good & Gather™,$2.99,"https://target.scene7.com/is/image/Target/GUEST_754ea111-8afe-44da-83b8-c0296adc6357?wid=800&hei=800&qlt=80&fmt=pjpeg,https://target.scene7.com/is/image/Target/GUEST_08afae77-d4ea-48f6-89d2-e3fb89982ab4?wid=800&hei=800&qlt=80&fmt=pjpeg,https://target.scene7.com/is/image/Target/GUEST_9640dbc3-05fa-4499-b96b-305677566b09?wid=800&hei=800&qlt=80&fmt=pjpeg,https://target.scene7.com/is/image/Target/GUEST_a4936a5a-a172-42d5-b7af-849ff7a802fa?wid=800&hei=800&qlt=80&fmt=pjpeg,https://target.scene7.com/is/image/Target/GUEST_e7b28446-ad82-47fe-8a21-84dc8a922012?wid=800&hei=800&qlt=80&fmt=pjpeg"," Wheat, Milk",, 1, 8 Ounces, 82397108, 085239182444, 270-02-0466, Imported,"
Content on this site is for reference purposes only. Target does not represent or warrant that the nutrition, ingredient, allergen and other product information on our Web or Mobile sites are accurate or complete, since this information comes from the product manufacturers. On occasion, manufacturers may improve or change their product formulas and update their labels. We recommend that you do not rely solely on the information presented on our Web or Mobile sites and that you review the product's label or contact the manufacturer directly if you have specific product concerns or questions. If you have specific healthcare concerns or questions about the products displayed, please contact your licensed healthcare professional for advice or answers. Any additional pictures are suggested servings only.",,,
Stouffer's Classic Meatloaf Frozen Dinner - 9.875oz,$3.59,"https://target.scene7.com/is/image/Target/GUEST_488ad210-0074-427a-a41d-352f1a3d0a41?wid=800&hei=800&qlt=80&fmt=pjpeg,https://target.scene7.com/is/image/Target/GUEST_e62ae515-ea78-4a30-a29c-a7f35002e194?wid=800&hei=800&qlt=80&fmt=pjpeg,https://target.scene7.com/is/image/Target/GUEST_669be9e2-8de0-47fd-95a5-2fdf93644ca3?wid=800&hei=800&qlt=80&fmt=pjpeg,https://target.scene7.com/is/image/Target/GUEST_59f47e16-bd1e-4750-829d-764dcb1ec8aa?wid=800&hei=800&qlt=80&fmt=pjpeg,https://target.scene7.com/is/image/Target/GUEST_839f9e59-3611-4e89-99ff-aedea0b0e875?wid=800&hei=800&qlt=80&fmt=pjpeg"," Milk, Soy, Wheat",, 1, 9.88 Ounces, 13459032, 013800100726, 270-02-1551, Made in the USA or Imported,"
Content on this site is for reference purposes only. Target does not represent or warrant that the nutrition, ingredient, allergen and other product information on our Web or Mobile sites are accurate or complete, since this information comes from the product manufacturers. On occasion, manufacturers may improve or change their product formulas and update their labels. We recommend that you do not rely solely on the information presented on our Web or Mobile sites and that you review the product's label or contact the manufacturer directly if you have specific product concerns or questions. If you have specific healthcare concerns or questions about the products displayed, please contact your licensed healthcare professional for advice or answers. Any additional pictures are suggested servings only."," 0 Grams Trans Fat, High Protein", No Preservatives,
Amy's Gluten Free Frozen Broccoli & Cheddar Bake Meal Bowls - 9.5oz,$5.99,"https://target.scene7.com/is/image/Target/GUEST_e23294a2-c6b5-424b-b382-595cef4bc2ee?wid=800&hei=800&qlt=80&fmt=pjpeg,https://target.scene7.com/is/image/Target/GUEST_d79567cf-99c0-4249-bcfe-d90b37c74d10?wid=800&hei=800&qlt=80&fmt=pjpeg,https://target.scene7.com/is/image/Target/GUEST_aa6cd3b2-2df6-499e-ad89-867ac2871a98?wid=800&hei=800&qlt=80&fmt=pjpeg,https://target.scene7.com/is/image/Target/GUEST_3b199e66-101a-438c-81d4-62b6148d255f?wid=800&hei=800&qlt=80&fmt=pjpeg,https://target.scene7.com/is/image/Target/GUEST_044338c6-a5fa-47be-a668-25fcbd07a7bd?wid=800&hei=800&qlt=80&fmt=pjpeg"," Soy, Milk"," Wheat, Tree Nuts", 1, 9.5 Ounces, 14931971, 042272008117, 270-02-1033, Made in the USA or Imported,"
Content on this site is for reference purposes only. Target does not represent or warrant that the nutrition, ingredient, allergen and other product information on our Web or Mobile sites are accurate or complete, since this information comes from the product manufacturers. On occasion, manufacturers may improve or change their product formulas and update their labels. We recommend that you do not rely solely on the information presented on our Web or Mobile sites and that you review the product's label or contact the manufacturer directly if you have specific product concerns or questions. If you have specific healthcare concerns or questions about the products displayed, please contact your licensed healthcare professional for advice or answers. Any additional pictures are suggested servings only."," Gluten-Free, Non-GMO Project Verified, Organic Certified, Certified Gluten-Free, Kosher"," Peanut-Free, Does Not Contain Shellfish, Does Not Contain Egg, Does Not Contain Fish",
Healthy Choice Café Steamers Frozen Beef Teriyaki - 9.5oz,$2.99,"https://target.scene7.com/is/image/Target/GUEST_1993ac05-e97c-4e68-9c30-e31f9380d7de?wid=800&hei=800&qlt=80&fmt=pjpeg,https://target.scene7.com/is/image/Target/GUEST_5b08dc71-a6cc-4046-b8db-caf726593414?wid=800&hei=800&qlt=80&fmt=pjpeg,https://target.scene7.com/is/image/Target/GUEST_f1eb9671-9b8d-4df0-983f-fa68282d5217?wid=800&hei=800&qlt=80&fmt=pjpeg,https://target.scene7.com/is/image/Target/GUEST_647ca338-b83d-4741-9bae-174e602adb51?wid=800&hei=800&qlt=80&fmt=pjpeg"," Soy, Milk, Wheat", Fish, 1, 9.5 Ounces, 26398567, 072655001107, 270-02-0605, Assem USA w/foreign/dom. parts,"
Content on this site is for reference purposes only. Target does not represent or warrant that the nutrition, ingredient, allergen and other product information on our Web or Mobile sites are accurate or complete, since this information comes from the product manufacturers. On occasion, manufacturers may improve or change their product formulas and update their labels. We recommend that you do not rely solely on the information presented on our Web or Mobile sites and that you review the product's label or contact the manufacturer directly if you have specific product concerns or questions. If you have specific healthcare concerns or questions about the products displayed, please contact your licensed healthcare professional for advice or answers. Any additional pictures are suggested servings only.",,,
Smucker's Uncrustables Frozen Whole Wheat Peanut Butter & Strawberry Jam Sandwich - 8oz/4ct,$3.99,"https://target.scene7.com/is/image/Target/GUEST_8b68429c-25db-45df-9a37-2d9db4d92ddc?wid=800&hei=800&qlt=80&fmt=pjpeg,https://target.scene7.com/is/image/Target/GUEST_13b71c15-1e04-4da6-8269-4d51fcf680f3?wid=800&hei=800&qlt=80&fmt=pjpeg,https://target.scene7.com/is/image/Target/GUEST_8266d763-43b6-4ca4-ae27-5ddb9cb6e330?wid=800&hei=800&qlt=80&fmt=pjpeg,https://target.scene7.com/is/image/Target/GUEST_330f187f-fe72-42a6-848d-7b27dc0ba355?wid=800&hei=800&qlt=80&fmt=pjpeg,https://target.scene7.com/is/image/Target/GUEST_eb4c5b30-3f4a-4246-aa55-7431836b6414?wid=800&hei=800&qlt=80&fmt=pjpeg"," Peanuts, Wheat"," Tree Nuts, Milk", 4, 8 Ounces, 13234508, 051500041383, 270-02-0101, Made in the USA or Imported,"
Content on this site is for reference purposes only. Target does not represent or warrant that the nutrition, ingredient, allergen and other product information on our Web or Mobile sites are accurate or complete, since this information comes from the product manufacturers. On occasion, manufacturers may improve or change their product formulas and update their labels. We recommend that you do not rely solely on the information presented on our Web or Mobile sites and that you review the product's label or contact the manufacturer directly if you have specific product concerns or questions. If you have specific healthcare concerns or questions about the products displayed, please contact your licensed healthcare professional for advice or answers. Any additional pictures are suggested servings only.",,,
Stouffer's Salisbury Steak with Mac and Cheese Frozen Meal - 9.625oz,$3.59,"https://target.scene7.com/is/image/Target/GUEST_f91d9737-117c-4762-aa3c-10dd4ef00109?wid=800&hei=800&qlt=80&fmt=pjpeg,https://target.scene7.com/is/image/Target/GUEST_0e97a04f-8d1e-4944-af06-06d474020429?wid=800&hei=800&qlt=80&fmt=pjpeg,https://target.scene7.com/is/image/Target/GUEST_d372d672-6aa4-4b07-8aa5-78b312c86c49?wid=800&hei=800&qlt=80&fmt=pjpeg,https://target.scene7.com/is/image/Target/GUEST_46e9a37d-dfa3-4243-bd6a-161c7bc1698e?wid=800&hei=800&qlt=80&fmt=pjpeg,https://target.scene7.com/is/image/Target/GUEST_aeb1bc1b-639f-4d94-b0e8-ad7ddc1e8004?wid=800&hei=800&qlt=80&fmt=pjpeg"," Milk, Soy, Wheat", Eggs, 1, 9.62 Ounces, 13459031, 013800100702, 270-02-1550, Made in the USA or Imported,"
Content on this site is for reference purposes only. Target does not represent or warrant that the nutrition, ingredient, allergen and other product information on our Web or Mobile sites are accurate or complete, since this information comes from the product manufacturers. On occasion, manufacturers may improve or change their product formulas and update their labels. We recommend that you do not rely solely on the information presented on our Web or Mobile sites and that you review the product's label or contact the manufacturer directly if you have specific product concerns or questions. If you have specific healthcare concerns or questions about the products displayed, please contact your licensed healthcare professional for advice or answers. Any additional pictures are suggested servings only.", High Protein, No Preservatives,
DiGiorno Cheese Stuffed Crust Pepperoni Frozen Pizza - 8.5oz,$3.99,"https://target.scene7.com/is/image/Target/GUEST_d18a621b-cd72-4053-864b-6a1ac213d257?wid=800&hei=800&qlt=80&fmt=pjpeg,https://target.scene7.com/is/image/Target/GUEST_391a69ef-e844-4518-8484-c431bcff5acd?wid=800&hei=800&qlt=80&fmt=pjpeg,https://target.scene7.com/is/image/Target/GUEST_f2ebd621-6907-4c87-b55d-1500300bf4f7?wid=800&hei=800&qlt=80&fmt=pjpeg,https://target.scene7.com/is/image/Target/GUEST_bae4893d-141e-4d3e-affc-eb58f24b3703?wid=800&hei=800&qlt=80&fmt=pjpeg,https://target.scene7.com/is/image/Target/GUEST_f8a81303-7c9d-4535-9c59-cfbf44825dca?wid=800&hei=800&qlt=80&fmt=pjpeg"," Milk, Wheat", Eggs, 1, 8.5 Ounces, 13505878, 071921016692, 288-03-0699, Made in the USA or Imported,"
Content on this site is for reference purposes only. Target does not represent or warrant that the nutrition, ingredient, allergen and other product information on our Web or Mobile sites are accurate or complete, since this information comes from the product manufacturers. On occasion, manufacturers may improve or change their product formulas and update their labels. We recommend that you do not rely solely on the information presented on our Web or Mobile sites and that you review the product's label or contact the manufacturer directly if you have specific product concerns or questions. If you have specific healthcare concerns or questions about the products displayed, please contact your licensed healthcare professional for advice or answers. Any additional pictures are suggested servings only.", High Protein,, Stuffed Crust
Lean Cuisine Frozen Glazed Chicken - 9.5oz,$3.49,"https://target.scene7.com/is/image/Target/GUEST_bb55244a-c4aa-43e8-8980-93dd8cebac83?wid=800&hei=800&qlt=80&fmt=pjpeg,https://target.scene7.com/is/image/Target/GUEST_426fefc8-0dea-4a61-9021-c67573ea57ce?wid=800&hei=800&qlt=80&fmt=pjpeg,https://target.scene7.com/is/image/Target/GUEST_339cc619-973e-41a0-9257-d5a05b78c640?wid=800&hei=800&qlt=80&fmt=pjpeg,https://target.scene7.com/is/image/Target/GUEST_18c03bcf-f6a7-43cb-8e6c-c61ddba76283?wid=800&hei=800&qlt=80&fmt=pjpeg,https://target.scene7.com/is/image/Target/GUEST_cd96c469-e2cc-4e0a-baa7-0f4690aff6e5?wid=800&hei=800&qlt=80&fmt=pjpeg"," Soy, Wheat",, 1, 9.5 Ounces, 88063608, 013800312518, 270-02-8639, Made in the USA or Imported,"
Content on this site is for reference purposes only. Target does not represent or warrant that the nutrition, ingredient, allergen and other product information on our Web or Mobile sites are accurate or complete, since this information comes from the product manufacturers. On occasion, manufacturers may improve or change their product formulas and update their labels. We recommend that you do not rely solely on the information presented on our Web or Mobile sites and that you review the product's label or contact the manufacturer directly if you have specific product concerns or questions. If you have specific healthcare concerns or questions about the products displayed, please contact your licensed healthcare professional for advice or answers. Any additional pictures are suggested servings only."," 0 Grams Trans Fat, High Protein", Whole Grain,
Lean Cuisine Protein Kick Four Cheese Frozen Pizza - 6oz,$3.49,"https://target.scene7.com/is/image/Target/GUEST_7695c428-c169-4eb9-9568-4d5eaf16a8b7?wid=800&hei=800&qlt=80&fmt=pjpeg,https://target.scene7.com/is/image/Target/GUEST_c9da45ce-3e45-4cf2-bd4c-2d4cbb092c0f?wid=800&hei=800&qlt=80&fmt=pjpeg,https://target.scene7.com/is/image/Target/GUEST_c0129c32-37a3-45aa-86a4-539bcea388e2?wid=800&hei=800&qlt=80&fmt=pjpeg,https://target.scene7.com/is/image/Target/GUEST_3cb0d949-26af-4198-9995-3edf42e3436e?wid=800&hei=800&qlt=80&fmt=pjpeg,https://target.scene7.com/is/image/Target/GUEST_8a4a3c67-7f4a-40e1-804b-d8a83521a319?wid=800&hei=800&qlt=80&fmt=pjpeg"," Milk, Wheat", Fish, 1, 6 Ounces, 13291617, 013800047199, 270-02-0300, Made in the USA or Imported,"
Content on this site is for reference purposes only. Target does not represent or warrant that the nutrition, ingredient, allergen and other product information on our Web or Mobile sites are accurate or complete, since this information comes from the product manufacturers. On occasion, manufacturers may improve or change their product formulas and update their labels. We recommend that you do not rely solely on the information presented on our Web or Mobile sites and that you review the product's label or contact the manufacturer directly if you have specific product concerns or questions. If you have specific healthcare concerns or questions about the products displayed, please contact your licensed healthcare professional for advice or answers. Any additional pictures are suggested servings only."," High Protein, 0 Grams Trans Fat"," No Artificial Flavors, No Artificial Colors", Traditional Crust
Purple Carrot Vegan Frozen Plant-Based Spinach Artichoke Cavatappi Bowl - 10.75oz,$4.79,"https://target.scene7.com/is/image/Target/GUEST_fe0d889c-e99c-49e2-86af-01fb1f6ae60d?wid=800&hei=800&qlt=80&fmt=pjpeg,https://target.scene7.com/is/image/Target/GUEST_1c2f2153-1285-44b0-bcf9-a1655998f38b?wid=800&hei=800&qlt=80&fmt=pjpeg,https://target.scene7.com/is/image/Target/GUEST_dc447b41-247b-4011-92c1-8cd327f0682e?wid=800&hei=800&qlt=80&fmt=pjpeg,https://target.scene7.com/is/image/Target/GUEST_0bc99939-e3cd-4328-a1ee-7bad4d55916c?wid=800&hei=800&qlt=80&fmt=pjpeg"," Wheat, Soy",, 1, 10.75 Ounces, 84728627, 072655040090, 270-02-3997, Assem USA w/foreign/dom. parts,"
Content on this site is for reference purposes only. Target does not represent or warrant that the nutrition, ingredient, allergen and other product information on our Web or Mobile sites are accurate or complete, since this information comes from the product manufacturers. On occasion, manufacturers may improve or change their product formulas and update their labels. We recommend that you do not rely solely on the information presented on our Web or Mobile sites and that you review the product's label or contact the manufacturer directly if you have specific product concerns or questions. If you have specific healthcare concerns or questions about the products displayed, please contact your licensed healthcare professional for advice or answers. Any additional pictures are suggested servings only.",,,
El Monterey Family Pack Beef & Bean Frozen Burritos - 32oz/8ct,$5.29,"https://target.scene7.com/is/image/Target/GUEST_e8769e3f-1a43-4230-bc5b-0515db83ecb9?wid=800&hei=800&qlt=80&fmt=pjpeg,https://target.scene7.com/is/image/Target/GUEST_2425ed08-6531-4af2-937c-aa69cb1403a3?wid=800&hei=800&qlt=80&fmt=pjpeg,https://target.scene7.com/is/image/Target/GUEST_109784c6-a30e-4502-aa43-13001884e4c9?wid=800&hei=800&qlt=80&fmt=pjpeg,https://target.scene7.com/is/image/Target/GUEST_51270df3-120c-4e81-b2d8-3c5401252111?wid=800&hei=800&qlt=80&fmt=pjpeg,https://target.scene7.com/is/image/Target/GUEST_9a746137-7287-4192-b791-2cd9bae816e3?wid=800&hei=800&qlt=80&fmt=pjpeg"," Soy, Wheat", Milk, 8, 32 Ounces, 13329510, 071007018688, 270-06-0558, Made in the USA or Imported,"
Content on this site is for reference purposes only. Target does not represent or warrant that the nutrition, ingredient, allergen and other product information on our Web or Mobile sites are accurate or complete, since this information comes from the product manufacturers. On occasion, manufacturers may improve or change their product formulas and update their labels. We recommend that you do not rely solely on the information presented on our Web or Mobile sites and that you review the product's label or contact the manufacturer directly if you have specific product concerns or questions. If you have specific healthcare concerns or questions about the products displayed, please contact your licensed healthcare professional for advice or answers. Any additional pictures are suggested servings only.",,,
Devour Frozen Smokehouse Meat & Potatoes - 9.8oz,$3.79,"https://target.scene7.com/is/image/Target/GUEST_77dbc493-24b1-4547-8cc7-1dff0000d05b?wid=800&hei=800&qlt=80&fmt=pjpeg,https://target.scene7.com/is/image/Target/GUEST_af48254e-fefa-46c3-b98e-9dd98b8183c0?wid=800&hei=800&qlt=80&fmt=pjpeg,https://target.scene7.com/is/image/Target/GUEST_6ca41688-b525-4f4e-a6b3-b0a1d3789ddc?wid=800&hei=800&qlt=80&fmt=pjpeg,https://target.scene7.com/is/image/Target/GUEST_f084638c-eaec-4b5c-b18f-cd54da26ac77?wid=800&hei=800&qlt=80&fmt=pjpeg,https://target.scene7.com/is/image/Target/GUEST_bfbbdc6e-4cc5-4c80-96d4-f8a0471bbd78?wid=800&hei=800&qlt=80&fmt=pjpeg", Anchovy,, 1, 9.8 Ounces, 81624933, 025155000545, 270-02-2888, Made in the USA or Imported,"
Content on this site is for reference purposes only. Target does not represent or warrant that the nutrition, ingredient, allergen and other product information on our Web or Mobile sites are accurate or complete, since this information comes from the product manufacturers. On occasion, manufacturers may improve or change their product formulas and update their labels. We recommend that you do not rely solely on the information presented on our Web or Mobile sites and that you review the product's label or contact the manufacturer directly if you have specific product concerns or questions. If you have specific healthcare concerns or questions about the products displayed, please contact your licensed healthcare professional for advice or answers. Any additional pictures are suggested servings only.",,,
Stouffer's Mac and Cheese Frozen Meal - 12oz,$3.79,"https://target.scene7.com/is/image/Target/GUEST_e0c7aa87-0a1e-43f5-a292-a4b67dd00eab?wid=800&hei=800&qlt=80&fmt=pjpeg,https://target.scene7.com/is/image/Target/GUEST_64453545-db3f-4a1e-b422-14eef40e54f2?wid=800&hei=800&qlt=80&fmt=pjpeg,https://target.scene7.com/is/image/Target/GUEST_1edbc3b8-fcd5-4c3d-b0cf-1123c5c75c5c?wid=800&hei=800&qlt=80&fmt=pjpeg,https://target.scene7.com/is/image/Target/GUEST_ff9aefd7-544b-4dee-8b56-c1c6a42c0261?wid=800&hei=800&qlt=80&fmt=pjpeg,https://target.scene7.com/is/image/Target/GUEST_ff02d95b-1e54-4b5a-90e6-40fb715aa736?wid=800&hei=800&qlt=80&fmt=pjpeg"," Milk, Wheat", Eggs, 1, 12 Ounces, 13291577, 013800103406, 270-02-1499, Made in the USA or Imported,"
Content on this site is for reference purposes only. Target does not represent or warrant that the nutrition, ingredient, allergen and other product information on our Web or Mobile sites are accurate or complete, since this information comes from the product manufacturers. On occasion, manufacturers may improve or change their product formulas and update their labels. We recommend that you do not rely solely on the information presented on our Web or Mobile sites and that you review the product's label or contact the manufacturer directly if you have specific product concerns or questions. If you have specific healthcare concerns or questions about the products displayed, please contact your licensed healthcare professional for advice or answers. Any additional pictures are suggested servings only."," 0 Grams Trans Fat, High Protein"," No Added Sugar, No Preservatives",
Amy's Frozen Pesto Tortellini Bowls - 9.5oz,$5.99,"https://target.scene7.com/is/image/Target/GUEST_51d349f0-1955-4b7e-9b21-64f614df3009?wid=800&hei=800&qlt=80&fmt=pjpeg,https://target.scene7.com/is/image/Target/GUEST_84a42e34-d267-412f-bd3f-92d91c1342d2?wid=800&hei=800&qlt=80&fmt=pjpeg,https://target.scene7.com/is/image/Target/GUEST_5156a1d3-5223-4398-9d76-360f882b9bf5?wid=800&hei=800&qlt=80&fmt=pjpeg,https://target.scene7.com/is/image/Target/GUEST_fc5b0302-3d60-4c37-a3a0-e933c6af25ea?wid=800&hei=800&qlt=80&fmt=pjpeg"," Milk, Wheat"," Soy, Tree Nuts", 1, 9.5 Ounces, 13192275, 042272001767, 270-02-0512, Made in the USA or Imported,"
Content on this site is for reference purposes only. Target does not represent or warrant that the nutrition, ingredient, allergen and other product information on our Web or Mobile sites are accurate or complete, since this information comes from the product manufacturers. On occasion, manufacturers may improve or change their product formulas and update their labels. We recommend that you do not rely solely on the information presented on our Web or Mobile sites and that you review the product's label or contact the manufacturer directly if you have specific product concerns or questions. If you have specific healthcare concerns or questions about the products displayed, please contact your licensed healthcare professional for advice or answers. Any additional pictures are suggested servings only."," Non-GMO Project Verified, Organic Certified, Kosher"," Peanut-Free, Does Not Contain Shellfish, Does Not Contain Egg, Does Not Contain Fish",
DiGiorno Traditional Crust Four Cheese Frozen Pizza - 9.2oz,$3.99,"https://target.scene7.com/is/image/Target/GUEST_967bb122-609b-4eda-aa1f-451024da6416?wid=800&hei=800&qlt=80&fmt=pjpeg,https://target.scene7.com/is/image/Target/GUEST_25bba584-d976-4154-8cb0-b50e00eb8005?wid=800&hei=800&qlt=80&fmt=pjpeg,https://target.scene7.com/is/image/Target/GUEST_b4d179ff-312d-462b-9d0c-8cbcaa9e2df1?wid=800&hei=800&qlt=80&fmt=pjpeg,https://target.scene7.com/is/image/Target/GUEST_b28fbb77-f16d-4066-b0c2-45a880842b0d?wid=800&hei=800&qlt=80&fmt=pjpeg,https://target.scene7.com/is/image/Target/GUEST_10b47542-5954-4756-b009-ce343962539b?wid=800&hei=800&qlt=80&fmt=pjpeg"," Milk, Soy, Wheat",, 1, 9.2 Ounces, 13428577, 071921008284, 288-03-0467, Made in the USA or Imported,"
Content on this site is for reference purposes only. Target does not represent or warrant that the nutrition, ingredient, allergen and other product information on our Web or Mobile sites are accurate or complete, since this information comes from the product manufacturers. On occasion, manufacturers may improve or change their product formulas and update their labels. We recommend that you do not rely solely on the information presented on our Web or Mobile sites and that you review the product's label or contact the manufacturer directly if you have specific product concerns or questions. If you have specific healthcare concerns or questions about the products displayed, please contact your licensed healthcare professional for advice or answers. Any additional pictures are suggested servings only.", High Protein,, Traditional Crust
