Product Name,Price,Color,Image URLs,Highlights,Selling Points
Men's Family Funny Slang T Shirt Short Sleeve T shirt 3D Print Crew Neck Shirt Fashion Daily Street Daily Black Red Blue Summer Spring Clothing Apparel S M L XL XXL XXXL 4XL,USD $19.99,Black,"https://litb-cgis.rightinthebox.com/images/170x226/202503/bps/product/inc/nxllmn1741943849041.jpg, https://litb-cgis.rightinthebox.com/images/170x226/202503/bps/product/inc/yxklcv1741943850876.jpg, https://litb-cgis.rightinthebox.com/images/170x226/202503/bps/product/inc/pqxjdr1741943852690.jpg, https://litb-cgis.rightinthebox.com/images/170x226/202503/bps/product/inc/bmdyuu1741943854110.jpg, https://litb-cgis.rightinthebox.com/images/170x226/202412/bps/product/inc/yjsskf1733530367243.jpg, https://litb-cgis.rightinthebox.com/images/170x226/202410/bps/product/inc/hxpzot1730272369065.jpg","['- Perfect for spring and summer', '- Short sleeve design for a comfortable fit']",
Father's Day Men's Grandpa Funny Slang T Shirt Short Sleeve T shirt 3D Print Crew Neck Shirt Fashion Daily Basic Street Casual Daily Black White Red Summer Spring All Seasons Clothing Apparel S M L,USD $17.99,Red,"https://litb-cgis.rightinthebox.com/images/170x226/202505/bps/product/inc/awnowl1747297240685.jpg, https://litb-cgis.rightinthebox.com/images/170x226/202505/bps/product/inc/dtdxuv1747297242439.jpg, https://litb-cgis.rightinthebox.com/images/170x226/202503/bps/product/inc/uivnqf1743147208996.jpg, https://litb-cgis.rightinthebox.com/images/170x226/202503/bps/product/inc/alfoso1743147210281.jpg, https://litb-cgis.rightinthebox.com/images/170x226/202505/bps/product/inc/iqssnb1747297229588.jpg, https://litb-cgis.rightinthebox.com/images/170x226/202505/bps/product/inc/qtgwcf1747297231571.jpg, https://litb-cgis.rightinthebox.com/images/170x226/202505/bps/product/inc/xjhzmp1747297233658.jpg, https://litb-cgis.rightinthebox.com/images/170x226/202505/bps/product/inc/awnowl1747297240685.jpg","['- Perfect for spring and summer', '- Features short sleeves for comfort and style']",
American Independence Day Men's American US Flag Statue Of Liberty T Shirt Short Sleeve T shirt 3D Print Crew Neck Shirt Fashion Daily Basic Street Casual Daily Black Blue Green Summer Spring All,USD $17.99,Green,"https://litb-cgis.rightinthebox.com/images/170x226/202505/bps/product/inc/tjdxgf1748591987284.jpg, https://litb-cgis.rightinthebox.com/images/170x226/202505/bps/product/inc/grfpos1748591988767.jpg, https://litb-cgis.rightinthebox.com/images/170x226/202503/bps/product/inc/uivnqf1743147208996.jpg, https://litb-cgis.rightinthebox.com/images/170x226/202503/bps/product/inc/alfoso1743147210281.jpg, https://litb-cgis.rightinthebox.com/images/170x226/202505/bps/product/inc/fkonux1748591992329.jpg",,"['1.', 'Sleeve Length: Short Sleeve', '2.', 'Season: Summer Spring']"
Men's Funny T Shirt Short Sleeve T shirt 3D Print Crew Neck Shirt Fashion Daily Street Daily Black Blue Green Summer Spring Clothing Apparel S M L XL XXL XXXL 4XL,USD $19.99,Gray,"https://litb-cgis.rightinthebox.com/images/170x226/202502/bps/product/inc/wcwlrl1739437607924.jpg, https://litb-cgis.rightinthebox.com/images/170x226/202501/bps/product/inc/qypvkx1737540103902.jpg, https://litb-cgis.rightinthebox.com/images/170x226/202412/bps/product/inc/dtbvlo1734060282548.jpg, https://litb-cgis.rightinthebox.com/images/170x226/202502/bps/product/inc/wghogu1739437611225.jpg, https://litb-cgis.rightinthebox.com/images/170x226/202502/bps/product/inc/ljgiho1739437612698.jpg, https://litb-cgis.rightinthebox.com/images/170x226/202502/bps/product/inc/ddylhj1739437614230.jpg","['- Perfect for Spring and Summer', '- Stay cool and comfortable with short sleeves']",
Men's Waffle Henley Shirt Tee Plaid Checkered Henley Outdoor Casual Short Sleeve Button Clothing Apparel Polyester Fashion Designer Comfortable,USD $20.99,Light Blue,"https://litb-cgis.rightinthebox.com/images/170x170/202305/bps/product/inc/pynuzv1683256043541.jpg, https://litb-cgis.rightinthebox.com/images/170x170/202408/bps/product/inc/zokcrn1724390761742.jpg, https://litb-cgis.rightinthebox.com/images/170x170/202310/bps/product/inc/miiywk1697539786979.jpg, https://litb-cgis.rightinthebox.com/images/170x170/202408/bps/product/inc/ackoeu1724390755981.jpg, https://litb-cgis.rightinthebox.com/images/170x170/202408/bps/product/inc/ijpgzq1724390758904.jpg, https://litb-cgis.rightinthebox.com/images/170x170/202501/bps/product/inc/yqozsr1737600502569.jpg, https://litb-cgis.rightinthebox.com/images/170x170/202501/bps/product/inc/vkgplf1737600504431.jpg, https://litb-cgis.rightinthebox.com/images/170x170/202501/bps/product/inc/itxmnq1737601190974.jpg, https://litb-cgis.rightinthebox.com/images/170x170/202501/bps/product/inc/iuvjuh1737600510419.jpg, https://litb-cgis.rightinthebox.com/images/170x170/202501/bps/product/inc/tnuglk1737600512193.jpg, https://litb-cgis.rightinthebox.com/images/170x170/202501/bps/product/inc/gkjfve1737600513543.jpg, https://litb-cgis.rightinthebox.com/images/170x170/202501/bps/product/inc/xbpuqz1737600514507.jpg, https://litb-cgis.rightinthebox.com/images/170x170/202411/bps/product/inc/dyovum1731302660624.jpg, https://litb-cgis.rightinthebox.com/images/170x170/202408/bps/product/inc/usliqr1724390764601.jpg, https://litb-cgis.rightinthebox.com/images/170x170/202305/bps/product/inc/pynuzv1683256043541.jpg, https://litb-cgis.rightinthebox.com/images/170x170/202501/bps/product/inc/sirose1737600508145.jpg",,"['1.', 'Fabric: Polyester', '2.', ""Gender: Men's"", '3.', 'Design: Buttons', '4.', 'Occasion: Daily', '5.', 'Style: Designer', '6.', 'Neckline: Henley', '7.', 'Sleeve Length: Short Sleeve', '8.', 'Season: Summer']"
Men's Act My Age T Shirt Short Sleeve T shirt 3D Print Crew Neck Shirt Fashion Daily Street Daily Black Red Blue Summer Spring Clothing Apparel S M L XL XXL XXXL 4XL,USD $19.99,Black,"https://litb-cgis.rightinthebox.com/images/170x226/202503/bps/product/inc/lgmyep1742954937989.jpg, https://litb-cgis.rightinthebox.com/images/170x226/202503/bps/product/inc/hocwrw1742954939399.jpg, https://litb-cgis.rightinthebox.com/images/170x226/202503/bps/product/inc/ksrekm1742954940773.jpg, https://litb-cgis.rightinthebox.com/images/170x226/202503/bps/product/inc/xkqpfw1742954942045.jpg, https://litb-cgis.rightinthebox.com/images/170x226/202412/bps/product/inc/kuxulv1735050094222.jpg, https://litb-cgis.rightinthebox.com/images/170x226/202412/bps/product/inc/dtbvlo1734060282548.jpg","['- Perfect for spring and summer seasons', '- Features short sleeves for added comfort and style', '- Great option for warm weather styling']",
Men's Tribal T Shirt Henley Shirt Long Sleeve 3D Print Designer Retro Vintage Street Casual Daily Summer Spring Fall Lake Blue Navy Blue Brown Green Gray Henley Henley T-Shirt,USD $25.99,Brown,"https://litb-cgis.rightinthebox.com/images/170x170/202504/bps/product/inc/bzmixg1744771512822.jpg, https://litb-cgis.rightinthebox.com/images/170x170/202504/bps/product/inc/ftxhes1744771558011.jpg, https://litb-cgis.rightinthebox.com/images/170x170/202408/bps/product/inc/ffvqdo1722594330319.jpg, https://litb-cgis.rightinthebox.com/images/170x170/202408/bps/product/inc/fqgwbz1722594332556.jpg, https://litb-cgis.rightinthebox.com/images/170x170/202504/bps/product/inc/vkxbjy1744771712807.jpg, https://litb-cgis.rightinthebox.com/images/170x170/202408/bps/product/inc/qwpsgy1722594335604.jpg, https://litb-cgis.rightinthebox.com/images/170x170/202408/bps/product/inc/kemeka1722594339143.jpg, https://litb-cgis.rightinthebox.com/images/170x170/202504/bps/product/inc/bzmixg1744771512822.jpg",,"['1.', 'Fabric: Polyester', '2.', 'Sleeve Length: Long Sleeve', '3.', 'Season: Spring Summer Fall Winter']"
Men's Funny Wife T Shirt Short Sleeve T shirt 3D Print Crew Neck Shirt Fashion Daily Street Daily Black Red Blue Summer Spring Clothing Apparel S M L XL XXL XXXL 4XL,USD $19.99,Black,"https://litb-cgis.rightinthebox.com/images/170x226/202503/bps/product/inc/qducgz1742983642430.jpg, https://litb-cgis.rightinthebox.com/images/170x226/202503/bps/product/inc/gnwkkq1742983643870.jpg, https://litb-cgis.rightinthebox.com/images/170x226/202503/bps/product/inc/zwemfb1742983645258.jpg, https://litb-cgis.rightinthebox.com/images/170x226/202503/bps/product/inc/uqfadh1742983646605.jpg, https://litb-cgis.rightinthebox.com/images/170x226/202412/bps/product/inc/udejnn1735280460273.jpg, https://litb-cgis.rightinthebox.com/images/170x226/202412/bps/product/inc/dtbvlo1734060282548.jpg","['- Embrace the beautiful colors of Spring with our seasonal collection', '- Stay cool and stylish during the hot Summer months', '- Enjoy the comfort and ease of Short Sleeves all year round']",
American Independence Day Men's American US Flag Eagle T Shirt Short Sleeve T shirt 3D Print Crew Neck Shirt Fashion Daily Basic Street Casual Daily White Summer Spring All Seasons Clothing Apparel S,USD $17.99,,"https://litb-cgis.rightinthebox.com/images/170x226/202505/bps/product/inc/xwwtah1748483044178.jpg, https://litb-cgis.rightinthebox.com/images/170x226/202505/bps/product/inc/oedqdh1748483045144.jpg, https://litb-cgis.rightinthebox.com/images/170x226/202404/bps/product/inc/pqerke1712038325876.jpg",,"['1.', 'Sleeve Length: Short Sleeve', '2.', 'Season: Summer Spring']"
Easter Men's Jesus Christian T Shirt Short Sleeve T shirt 3D Print Crew Neck Shirt Designer Casual Party Holiday Red Blue Green Summer Spring Clothing Apparel S M L XL XXL XXXL,USD $17.99,Green,"https://litb-cgis.rightinthebox.com/images/170x226/202503/bps/product/inc/nukfxz1741829143509.jpg, https://litb-cgis.rightinthebox.com/images/170x226/202503/bps/product/inc/mykvwj1741829144916.jpg, https://litb-cgis.rightinthebox.com/images/170x226/202503/bps/product/inc/pzkkzo1741829146396.jpg, https://litb-cgis.rightinthebox.com/images/170x226/202503/bps/product/inc/vrzzvu1741829147855.jpg, https://litb-cgis.rightinthebox.com/images/170x226/202412/bps/product/inc/dtbvlo1734060282548.jpg","['- Perfect for Spring and Summer', '- Stay cool with Short Sleeve design']",
Men's Letter Printed T Shirt 100% Cotton Short Sleeve Graphic Shirt Black Deep Blue Army Green Comfortable Tee Vacation Street Fashion Designer Clothing,USD $15.99,Black,"https://litb-cgis.rightinthebox.com/images/170x226/202411/bps/product/inc/euvktc1731550340177.jpg, https://litb-cgis.rightinthebox.com/images/170x226/202411/bps/product/inc/ktooba1731550341163.jpg, https://litb-cgis.rightinthebox.com/images/170x226/202411/bps/product/inc/ncaqij1731550341886.jpg, https://litb-cgis.rightinthebox.com/images/170x226/202411/bps/product/inc/dbyghg1731550342756.jpg, https://litb-cgis.rightinthebox.com/images/170x226/202411/bps/product/inc/xededx1731550338624.jpg","['- Stay cool and comfortable all summer long with our short-sleeve tops', '- Perfect for summer weather and activities', '- Breathable fabric designed for warm temperatures', '- Make a fashion statement while staying cool in short sleeves', '- Update your summer wardrobe with our stylish and practical short-sleeve tops']",
Men's Adult Humor T Shirt Short Sleeve T shirt 3D Print Crew Neck Shirt Fashion Daily Street Casual Daily Black Red Blue Summer Spring All Seasons Clothing Apparel S M L XL XXL XXXL,USD $17.99,Black,"https://litb-cgis.rightinthebox.com/images/170x226/202505/bps/product/inc/kjxgry1748415217524.jpg, https://litb-cgis.rightinthebox.com/images/170x226/202505/bps/product/inc/oprfgm1748415219317.jpg, https://litb-cgis.rightinthebox.com/images/170x226/202505/bps/product/inc/yrnkfw1748415220952.jpg, https://litb-cgis.rightinthebox.com/images/170x226/202505/bps/product/inc/yrwjfw1748415222415.jpg, https://litb-cgis.rightinthebox.com/images/170x226/202412/bps/product/inc/kuxulv1735050094222.jpg, https://litb-cgis.rightinthebox.com/images/170x226/202412/bps/product/inc/dtbvlo1734060282548.jpg",,"['1.', 'Sleeve Length: Short Sleeve', '2.', 'Season: Summer Spring']"
Men's Chick Funny T Shirt Short Sleeve T shirt 3D Print Crew Neck Shirt Fashion Daily Street Daily Black Blue Green Summer Spring Clothing Apparel S M L XL XXL XXXL,USD $21.99,Black,"https://litb-cgis.rightinthebox.com/images/170x226/202501/bps/product/inc/hyswme1737538667705.jpg, https://litb-cgis.rightinthebox.com/images/170x226/202501/bps/product/inc/ptwudz1737538669612.jpg, https://litb-cgis.rightinthebox.com/images/170x226/202501/bps/product/inc/gbstuq1737538671408.jpg, https://litb-cgis.rightinthebox.com/images/170x226/202501/bps/product/inc/kxmagt1737538673058.jpg, https://litb-cgis.rightinthebox.com/images/170x226/202412/bps/product/inc/udejnn1735280460273.jpg, https://litb-cgis.rightinthebox.com/images/170x226/202412/bps/product/inc/dtbvlo1734060282548.jpg","['- Perfect for Spring and Summer seasons', '- Features a comfortable short sleeve design']",
Men's Funny T Shirt Short Sleeve T shirt 3D Print Crew Neck Shirt Fashion Daily Street Daily Black Blue Green Summer Spring Clothing Apparel S M L XL XXL XXXL,USD $19.99,Green,"https://litb-cgis.rightinthebox.com/images/170x226/202501/bps/product/inc/lvfhcp1735901174871.jpg, https://litb-cgis.rightinthebox.com/images/170x226/202501/bps/product/inc/pxvcgi1735901175508.jpg, https://litb-cgis.rightinthebox.com/images/170x226/202501/bps/product/inc/aqzlgb1735901176107.jpg, https://litb-cgis.rightinthebox.com/images/170x226/202409/bps/product/inc/pycdmd1727085560792.jpg, https://litb-cgis.rightinthebox.com/images/170x226/202409/bps/product/inc/gbkgxw1726211374004.jpg","['- Embrace spring with this stylish piece', '- Stay cool and comfortable in the summer heat', '- Fashionable short sleeves for a trendy look']",
Men's Funny Slang T Shirt Short Sleeve T shirt 3D Print Crew Neck Shirt Fashion Daily Street Daily Black Red Blue Summer Spring Clothing Apparel S M L XL XXL XXXL 4XL,USD $19.99,Black,"https://litb-cgis.rightinthebox.com/images/170x226/202503/bps/product/inc/zykvps1741313112807.jpg, https://litb-cgis.rightinthebox.com/images/170x226/202503/bps/product/inc/xmwtnd1741313114420.jpg, https://litb-cgis.rightinthebox.com/images/170x226/202503/bps/product/inc/sheedd1741313115815.jpg, https://litb-cgis.rightinthebox.com/images/170x226/202503/bps/product/inc/onkplg1741313117263.jpg, https://litb-cgis.rightinthebox.com/images/170x226/202412/bps/product/inc/dtbvlo1734060282548.jpg, https://litb-cgis.rightinthebox.com/images/170x226/202409/bps/product/inc/pycdmd1727085560792.jpg",,"['1.', 'Sleeve Length: Short Sleeve', '2.', 'Season: Spring Summer']"
American Independence Day Men's American US Flag T Shirt Short Sleeve T shirt 3D Print Crew Neck Shirt Fashion Daily Basic Street Casual Daily Black Red Blue Summer Spring All Seasons Clothing Apparel,USD $17.99,Blue,"https://litb-cgis.rightinthebox.com/images/170x226/202505/bps/product/inc/qsouau1748591692435.jpg, https://litb-cgis.rightinthebox.com/images/170x226/202505/bps/product/inc/jmegla1748591693680.jpg, https://litb-cgis.rightinthebox.com/images/170x226/202505/bps/product/inc/jnohxd1748591695453.jpg, https://litb-cgis.rightinthebox.com/images/170x226/202505/bps/product/inc/zdltib1748591696495.jpg, https://litb-cgis.rightinthebox.com/images/170x226/202410/bps/product/inc/xwainq1729849363100.jpg, https://litb-cgis.rightinthebox.com/images/170x226/202501/bps/product/inc/cbyiyp1737540036463.jpg",,"['1.', 'Sleeve Length: Short Sleeve', '2.', 'Season: Summer Spring']"
Men's Graphic Nautical Compass T Shirt Tee Distressed T Shirt Short Sleeve T shirt 3D Print Crew Neck Shirt Vintage Fashion Designer Outdoor Casual Daily Khaki Spring & Summer Clothing Apparel S M L,USD $17.99,,https://litb-cgis.rightinthebox.com/images/170x226/202303/bps/product/inc/pwkvcv1678786498356.jpg,,"['1.', ""Gender: Men's"", '2.', 'Design: Print', '3.', 'Occasion: Daily', '4.', 'Style: Vintage Designer', '5.', 'Neckline: Crew Neck', '6.', 'Sleeve Length: Short Sleeve']"
Men's Tribal T shirt Henley Shirt Long Sleeve 3D Print Designer Retro Vintage Street Casual Daily Summer Spring Fall Dark Brown Black Blue Brown Green Henley Henley T-Shirt,USD $25.99,Dark Brown,"https://litb-cgis.rightinthebox.com/images/170x170/202408/bps/product/inc/mceebp1724404223397.jpg, https://litb-cgis.rightinthebox.com/images/170x170/202408/bps/product/inc/zvdjlh1724404225039.jpg, https://litb-cgis.rightinthebox.com/images/170x170/202408/bps/product/inc/bvatzc1722596077263.jpg, https://litb-cgis.rightinthebox.com/images/170x170/202408/bps/product/inc/hmuznw1722596079713.jpg, https://litb-cgis.rightinthebox.com/images/170x170/202408/bps/product/inc/bfwmbz1722594161889.jpg, https://litb-cgis.rightinthebox.com/images/170x170/202408/bps/product/inc/qjuykl1722596083052.jpg, https://litb-cgis.rightinthebox.com/images/170x170/202408/bps/product/inc/hghqbg1724404220771.jpg, https://litb-cgis.rightinthebox.com/images/170x170/202408/bps/product/inc/mceebp1724404223397.jpg","['- Experience the beauty of Spring with our collection', '- Embrace the warmth of Summer with our stylish products', '- Transition into Fall in style with our versatile pieces', '- Stay cozy and chic in Winter with our trendy designs']",
Men's Funny Engineer T Shirt Short Sleeve T shirt 3D Print Crew Neck Shirt Fashion Daily Street Daily Black Red Blue Summer Spring Clothing Apparel S M L XL XXL XXXL,USD $17.99,Green,"https://litb-cgis.rightinthebox.com/images/170x226/202503/bps/product/inc/ezdeda1742440275159.jpg, https://litb-cgis.rightinthebox.com/images/170x226/202503/bps/product/inc/cdzbwk1742440276619.jpg, https://litb-cgis.rightinthebox.com/images/170x226/202503/bps/product/inc/drnpzd1742440278174.jpg, https://litb-cgis.rightinthebox.com/images/170x226/202503/bps/product/inc/xicjjh1742440279665.jpg, https://litb-cgis.rightinthebox.com/images/170x226/202412/bps/product/inc/kuxulv1735050094222.jpg, https://litb-cgis.rightinthebox.com/images/170x226/202412/bps/product/inc/dtbvlo1734060282548.jpg","['- Enjoy the fresh and vibrant colors of Spring with this stylish piece', '- Stay cool and comfortable in the warm Summer months with this top', '- Embrace the casual and breezy look with the Short Sleeve design']",
Men's D.O.G.E T Shirt Short Sleeve T shirt 3D Print Crew Neck Shirt Fashion Daily Street Daily Black Blue Green Summer Spring Clothing Apparel S M L XL XXL XXXL,USD $17.99,Gray,"https://litb-cgis.rightinthebox.com/images/170x226/202502/bps/product/inc/ipfhze1740137831537.jpg, https://litb-cgis.rightinthebox.com/images/170x226/202502/bps/product/inc/tofvgq1740137832952.jpg, https://litb-cgis.rightinthebox.com/images/170x226/202404/bps/product/inc/pqerke1712038325876.jpg, https://litb-cgis.rightinthebox.com/images/170x226/202502/bps/product/inc/omfgol1740137832246.jpg, https://litb-cgis.rightinthebox.com/images/170x226/202502/bps/product/inc/qswxwr1740137834300.jpg, https://litb-cgis.rightinthebox.com/images/170x226/202502/bps/product/inc/deirri1740137835048.jpg","['- Perfect for the Spring and Summer seasons', '- Features a comfortable and stylish short sleeve design', '- Ideal for staying cool and fashionable during warmer weather seasons']",
Father's Day Men's Father T Shirt Short Sleeve T shirt 3D Print Crew Neck Shirt Fashion Daily Basic Street Casual Daily Black Red Blue Summer Spring All Seasons Clothing Apparel S M L XL XXL XXXL,USD $18.99,Black,"https://litb-cgis.rightinthebox.com/images/170x226/202505/bps/product/inc/gzjyac1746682313179.jpg, https://litb-cgis.rightinthebox.com/images/170x226/202505/bps/product/inc/wsmtsk1746682315147.jpg, https://litb-cgis.rightinthebox.com/images/170x226/202505/bps/product/inc/lhgnbi1746682317039.jpg, https://litb-cgis.rightinthebox.com/images/170x226/202505/bps/product/inc/vnqvdo1746682318528.jpg, https://litb-cgis.rightinthebox.com/images/170x226/202412/bps/product/inc/kuxulv1735050094222.jpg, https://litb-cgis.rightinthebox.com/images/170x226/202412/bps/product/inc/dtbvlo1734060282548.jpg",,"['1.', 'Sleeve Length: Short Sleeve', '2.', 'Season: Summer Spring']"
Men's Nautical T Shirt Short Sleeve T shirt 3D Print Crew Neck Shirt Exaggerated Designer Party Casual Holiday Blue Summer Spring All Seasons Clothing Apparel S M L XL XXL XXXL,USD $17.99,,"https://litb-cgis.rightinthebox.com/images/170x226/202503/bps/product/inc/cfomtz1743147267729.jpg, https://litb-cgis.rightinthebox.com/images/170x226/202503/bps/product/inc/pnxjlc1743147257145.jpg, https://litb-cgis.rightinthebox.com/images/170x226/202503/bps/product/inc/yzcune1743147258533.jpg","['- Perfect for spring and summer', '- Short sleeve for added comfort', '- Ideal for clubbing and nights out']",
American Independence Day Men's American US Flag Eagle T Shirt Short Sleeve T shirt 3D Print Crew Neck Shirt Fashion Daily Basic Street Casual Daily Blue Summer Spring All Seasons Clothing Apparel S,USD $17.99,,"https://litb-cgis.rightinthebox.com/images/170x226/202505/bps/product/inc/xqqwip1748483038654.jpg, https://litb-cgis.rightinthebox.com/images/170x226/202505/bps/product/inc/zduwfp1748483039582.jpg, https://litb-cgis.rightinthebox.com/images/170x226/202404/bps/product/inc/pqerke1712038325876.jpg",,"['1.', 'Sleeve Length: Short Sleeve', '2.', 'Season: Summer Spring']"
Men's Funny Chicken T Shirt Short Sleeve T shirt 3D Print Crew Neck Shirt Fashion Daily Street Daily Lake Blue Black Red Summer Spring Clothing Apparel S M L XL XXL XXXL,USD $18.49,Black,"https://litb-cgis.rightinthebox.com/images/170x226/202412/bps/product/inc/vgdutz1733530715636.jpg, https://litb-cgis.rightinthebox.com/images/170x226/202412/bps/product/inc/dzdukj1733530716488.jpg, https://litb-cgis.rightinthebox.com/images/170x226/202411/bps/product/inc/lkjtht1732327994132.jpg, https://litb-cgis.rightinthebox.com/images/170x226/202410/bps/product/inc/esdbxu1730361022676.jpg, https://litb-cgis.rightinthebox.com/images/170x226/202412/bps/product/inc/jhexzz1733530713136.jpg, https://litb-cgis.rightinthebox.com/images/170x226/202412/bps/product/inc/vdnuhu1733530713984.jpg, https://litb-cgis.rightinthebox.com/images/170x226/202412/bps/product/inc/ynjwbg1733530714839.jpg, https://litb-cgis.rightinthebox.com/images/170x226/202412/bps/product/inc/vgdutz1733530715636.jpg","['- Embrace the beauty of Spring and Summer with this versatile piece', '- Stay cool and stylish with the short sleeve design']",
Men's Rude Offensive Letter T shirt Graphic Tee Slogan T Shirts Short Sleeve T shirt 3D Print Crew Neck Shirt Vintage Sports Designer Outdoor Street Daily Black Army Green Navy Blue Summer Clothing,USD $17.99,Black,"https://litb-cgis.rightinthebox.com/images/170x170/202207/bps/product/inc/wzflnl1657017203819.jpg, https://litb-cgis.rightinthebox.com/images/170x170/202207/bps/product/inc/yydxmu1657017204089.jpg, https://litb-cgis.rightinthebox.com/images/170x170/202207/bps/product/inc/syrxin1657017204371.jpg","['Product Selling Points:', '', '- All over 3D vertigo digital print with dye-sublimation technology for insanely vibrant and lifelike t-shirts.', '- Made with high-quality materials for a soft and smooth touch that keeps you feeling cool and comfortable all summer long.', '- Great for a variety of occasions including casual daily wear, beach outings, clubs, festivals, holidays, street wear, surfing, fishing, hip hop, running, gym workouts, and more.', '- Easy to match with a variety of clothing styles including slacks, Hawaiian shorts, swim shorts, jeans, and more.', '- Machine and hand washable with water under 40 degrees Celsius for easy care and maintenance. Perfect for the summer season and available in a stylish designer style for men.']",
Men's Funny T Shirt Short Sleeve T shirt 3D Print Crew Neck Shirt Fashion Daily Street Daily Black Orange Dark Gray Summer Spring Clothing Apparel S M L XL XXL XXXL,USD $17.99,Orange,"https://litb-cgis.rightinthebox.com/images/170x226/202501/bps/product/inc/cjgjnp1737540049716.jpg, https://litb-cgis.rightinthebox.com/images/170x226/202412/bps/product/inc/udejnn1735280460273.jpg, https://litb-cgis.rightinthebox.com/images/170x226/202412/bps/product/inc/dtbvlo1734060282548.jpg, https://litb-cgis.rightinthebox.com/images/170x226/202501/bps/product/inc/rkjmzv1737540053369.jpg, https://litb-cgis.rightinthebox.com/images/170x226/202501/bps/product/inc/chatzx1737540054888.jpg","['- Perfect for spring and summer', '- Short sleeves for added comfort during warmer months']",
Men's Tank Top Vest Top Undershirt Sleeveless Shirt Sleeveless Crewneck Summer Plain Fashion Designer Vacation Street Going out White Light Green Pink Top Tee for Men,USD $13.49,Orange,"https://litb-cgis.rightinthebox.com/images/170x170/202503/bps/product/inc/jteyhs1743041222203.jpg, https://litb-cgis.rightinthebox.com/images/170x170/202503/bps/product/inc/pdrida1743041216039.jpg, https://litb-cgis.rightinthebox.com/images/170x170/202505/bps/product/inc/luznef1746585309895.jpg, https://litb-cgis.rightinthebox.com/images/170x170/202505/bps/product/inc/iziogi1746585310868.jpg, https://litb-cgis.rightinthebox.com/images/170x170/202505/bps/product/inc/iiaxma1746585312624.jpg, https://litb-cgis.rightinthebox.com/images/170x170/202505/bps/product/inc/gueest1746585313505.jpg, https://litb-cgis.rightinthebox.com/images/170x170/202505/bps/product/inc/puuydo1746585314397.jpg, https://litb-cgis.rightinthebox.com/images/170x170/202505/bps/product/inc/xxihho1746585315516.jpg, https://litb-cgis.rightinthebox.com/images/170x170/202503/bps/product/inc/emqilh1743041216755.jpg, https://litb-cgis.rightinthebox.com/images/170x170/202503/bps/product/inc/xfqnex1743041217886.jpg, https://litb-cgis.rightinthebox.com/images/170x170/202503/bps/product/inc/ntghfe1743041218487.jpg, https://litb-cgis.rightinthebox.com/images/170x170/202503/bps/product/inc/jtjfss1743041219371.jpg, https://litb-cgis.rightinthebox.com/images/170x170/202503/bps/product/inc/mzqrba1743041220007.jpg, https://litb-cgis.rightinthebox.com/images/170x170/202503/bps/product/inc/yorqrv1743041220711.jpg, https://litb-cgis.rightinthebox.com/images/170x170/202503/bps/product/inc/vbcbjb1743041221460.jpg, https://litb-cgis.rightinthebox.com/images/170x170/202503/bps/product/inc/jteyhs1743041222203.jpg, https://litb-cgis.rightinthebox.com/images/170x170/202503/bps/product/inc/iygltm1743041223051.jpg, https://litb-cgis.rightinthebox.com/images/170x170/202503/bps/product/inc/awyafw1743041223760.jpg","['1. Perfect for summer: Stay cool and comfortable in this polyester sleeveless shirt.', '2. Designed for men: This top is tailored for the modern man.', '3. Versatile vacation piece: Ideal for all your summer holiday adventures.']",
Men's Animal Funny T Shirt Short Sleeve T shirt 3D Print Crew Neck Shirt Fashion Exaggerated Daily Party Street Casual White Blue Green Summer Spring All Seasons Clothing Apparel S M L XL XXL XXXL,USD $17.99,White,"https://litb-cgis.rightinthebox.com/images/170x226/202505/bps/product/inc/tdechi1748591685667.jpg, https://litb-cgis.rightinthebox.com/images/170x226/202505/bps/product/inc/fjutbz1748591686767.jpg, https://litb-cgis.rightinthebox.com/images/170x226/202505/bps/product/inc/dhzdfo1748591687746.jpg, https://litb-cgis.rightinthebox.com/images/170x226/202411/bps/product/inc/ucystl1730976095626.jpg, https://litb-cgis.rightinthebox.com/images/170x226/202411/bps/product/inc/tnhcbd1730976082805.jpg",,"['1.', 'Sleeve Length: Short Sleeve', '2.', 'Pattern: Animal', '3.', 'Season: Summer Spring']"
Men's Family Funny Slang T Shirt Short Sleeve T shirt 3D Print Crew Neck Shirt Fashion Daily Street Daily Black Red Blue Summer Spring Clothing Apparel S M L XL XXL XXXL,USD $18.49,Black,"https://litb-cgis.rightinthebox.com/images/170x226/202503/bps/product/inc/ywjulv1741943854519.jpg, https://litb-cgis.rightinthebox.com/images/170x226/202503/bps/product/inc/wpddoj1741943856100.jpg, https://litb-cgis.rightinthebox.com/images/170x226/202503/bps/product/inc/hhidqf1741943857390.jpg, https://litb-cgis.rightinthebox.com/images/170x226/202503/bps/product/inc/bbjkba1741943858640.jpg, https://litb-cgis.rightinthebox.com/images/170x226/202412/bps/product/inc/yjsskf1733530367243.jpg, https://litb-cgis.rightinthebox.com/images/170x226/202410/bps/product/inc/hxpzot1730272369065.jpg","['- Perfect for the Spring and Summer seasons', '- Features a stylish short sleeve design']",
Men's Graphic Cat Slogan T Shirt Short Sleeve T shirt 3D Print Crew Neck Shirt Retro Vintage Casual Street Style Street Sports Outdoor Casual Light Blue Khaki Spring & Summer Clothing Apparel S M L,USD $17.99,Light Blue,"https://litb-cgis.rightinthebox.com/images/170x226/202408/bps/product/inc/nmagjm1722493813706.jpg, https://litb-cgis.rightinthebox.com/images/170x226/202408/bps/product/inc/cnmqbp1722493815057.jpg, https://litb-cgis.rightinthebox.com/images/170x226/202408/bps/product/inc/tsagwd1722493767212.jpg, https://litb-cgis.rightinthebox.com/images/170x226/202408/bps/product/inc/pdpjhr1722493817194.jpg","['- Stylish short sleeve design', '- Perfect for warmer weather', '- Provides a sleek and modern look', '- Great for layering with jackets or cardigans']",
