Product Name,Discount Price,Actual Price,Color,SKU,Image URLs,US Size,CA Size,UK Size,AU Size,EU Size,BR Size,FR Size,RU Size,Style,Type,Material,Neckline,Sleeve Style,Length,Pattern Type,Decoration,Fit Type,Occasion,Package Include,Fabric Elasticity,Sheer,Care Instructions,With Belt
Bow Decor Ruffle Hem Lace Garter Bustier Set,$6.82,$9.1,,SKU: ODF3116-bwir-bl,"""https://image.geeko.ltd/small/2f3e39a4-d047-4499-a4de-838467607856-01447-pc"", ""https://image.geeko.ltd/small/2f3e39a4-d047-4499-a4de-838467607856-01447-pc-sec"", ""https://image.geeko.ltd/small/2f3e39a4-d047-4499-a4de-838467607856-01447-pc-0"", ""https://image.geeko.ltd/small/2f3e39a4-d047-4499-a4de-838467607856-01447-pc-1"", ""https://image.geeko.ltd/small/2f3e39a4-d047-4499-a4de-838467607856-01447-pc-2"", ""https://image.geeko.ltd/small/2f3e39a4-d047-4499-a4de-838467607856-01447-pc-3"", ""https://image.geeko.ltd/small/2f3e39a4-d047-4499-a4de-838467607856-01447-pc-4"", ""https://image.geeko.ltd/small/2f3e39a4-d047-4499-a4de-838467607856-01447-pc-5"", ""https://image.geeko.ltd/small/2f3e39a4-d047-4499-a4de-838467607856-01447-pc-6""","L(8-10), M(6), S(4), XL(12)","L, M, S, XL","L(12-14), M(10), S(8), XL(16)","L(12-14), M(10), S(8), XL(16)","L(40-42), M(38), S(36), XL(44)","G(L), M(M), P(S), GG(XL)","L(40-42), M(38), S(36), XL(44)","L, M, S, XL"," Romantic,Sexy", Sexy Sets, 100%Lace, V-Neck, Sleeveless, Regular, Plain," Bowknot,Ruffles", Skinny, Christmas, 1*Bustier Set (Without Stockings), Slight Stretch, Semi-Sheer," Hand wash, do not dry clean",
Removable Strap Push Up Stick-On Invisible Bra,$6.01,$8.02,,SKU: WW196-bwir2-nu,"""https://image.geeko.ltd/small/78fe2ae9-e343-473b-9bdb-04daed403891-15287-pc"", ""https://image.geeko.ltd/small/78fe2ae9-e343-473b-9bdb-04daed403891-15287-pc-sec"", ""https://image.geeko.ltd/small/78fe2ae9-e343-473b-9bdb-04daed403891-15287-pc-0"", ""https://image.geeko.ltd/small/78fe2ae9-e343-473b-9bdb-04daed403891-15287-pc-1"", ""https://image.geeko.ltd/small/78fe2ae9-e343-473b-9bdb-04daed403891-15287-pc-2""","A, B, C, D","A, B, C, D","A, B, C, D","A, B, C, D","A, B, C, D","A, B, C, D","A, B, C, D","A, B, C, D", Basics, Invisible Bra, Silicone,,,, Plain,,," Daily,Party,Wedding Guest", 1*Invisible Bra,, No,,
Guipure Lace Spaghetti Strap Lingerie Set,$7.15,$9.53,,SKU: YDF3763-bwir2-bk,"""https://image.geeko.ltd/small/573accc6-b057-4763-aeab-8695d6db1d3f-55219-pc"", ""https://image.geeko.ltd/small/573accc6-b057-4763-aeab-8695d6db1d3f-55219-pc-sec"", ""https://image.geeko.ltd/small/573accc6-b057-4763-aeab-8695d6db1d3f-55219-pc-0"", ""https://image.geeko.ltd/small/573accc6-b057-4763-aeab-8695d6db1d3f-55219-pc-1"", ""https://image.geeko.ltd/small/573accc6-b057-4763-aeab-8695d6db1d3f-55219-pc-2"", ""https://image.geeko.ltd/small/573accc6-b057-4763-aeab-8695d6db1d3f-55219-pc-3""","L(8-10), M(6), S(4), XL(12)","L, M, S, XL","L(12-14), M(10), S(8), XL(16)","L(12-14), M(10), S(8), XL(16)","L(40-42), M(38), S(36), XL(44)","G(L), M(M), P(S), GG(XL)","L(40-42), M(38), S(36), XL(44)","L, M, S, XL"," Romantic,Sexy", Sexy Sets, Lace, Low Cut, Spaghetti Strap, Regular, Plain, Cutout, Skinny, Christmas, 1*Lingerie Set, Non-Stretch, Yes," Hand wash, do not dry clean",
Sheer Mesh Stripes Teddy Bodysuit,$6.74,$8.99,Wine Red,SKU: DE5051-bwls1-wr,"""https://image.geeko.ltd/small/0d3af0a3-3cd6-403e-97d7-0f990812096b-71258-pc"", ""https://image.geeko.ltd/small/0d3af0a3-3cd6-403e-97d7-0f990812096b-71258-pc-sec""","L(8-10), M(6), S(4)","L, M, S","L(12-14), M(10), S(8)","L(12-14), M(10), S(8)","L(40-42), M(38), S(36)","G(L), M(M), P(S)","L(40-42), M(38), S(36)","L, M, S", Sexy,, Contrast Mesh, V-Neck, Long Sleeve, Mini, Patchwork,,, Bedroom, 1* Lingerie,,,,
Sheer Mesh Stripes Teddy Bodysuit,$6.74,$8.99,Black,SKU: DE5051-bwls1-bk,"""https://image.geeko.ltd/small/ccea81ee-5364-4d83-a329-4857f7886c94-97754-pc"", ""https://image.geeko.ltd/small/ccea81ee-5364-4d83-a329-4857f7886c94-97754-pc-sec""","L(8-10), M(6), S(4)","L, M, S","L(12-14), M(10), S(8)","L(12-14), M(10), S(8)","L(40-42), M(38), S(36)","G(L), M(M), P(S)","L(40-42), M(38), S(36)","L, M, S", Sexy,, Contrast Mesh, V-Neck, Long Sleeve, Mini, Patchwork,,, Bedroom, 1* Lingerie,,,,
Contrast Lace Sheer Mesh Garter Lingerie Set,$6.17,$8.23,,SKU: ODF1713-bwir2-bk,"""https://image.geeko.ltd/small/d455b3f9-d370-48b8-816f-8c9752ec1416-50277-pc"", ""https://image.geeko.ltd/small/d455b3f9-d370-48b8-816f-8c9752ec1416-50277-pc-sec"", ""https://image.geeko.ltd/small/d455b3f9-d370-48b8-816f-8c9752ec1416-50277-pc-0"", ""https://image.geeko.ltd/small/d455b3f9-d370-48b8-816f-8c9752ec1416-50277-pc-1""","L(8-10), M(6), S(4), XL(12)","L, M, S, XL","L(12-14), M(10), S(8), XL(16)","L(12-14), M(10), S(8), XL(16)","L(40-42), M(38), S(36), XL(44)","G(L), M(M), P(S), GG(XL)","L(40-42), M(38), S(36), XL(44)","L, M, S, XL"," Romantic,Sexy", Sexy Sets, Mesh, Halter, Sleeveless, Regular, Contrast Paneled," Backless,Contrast Lace,Sheer Mesh", Skinny, Home, 1*Lingerie Set (without stockings),,,,
O-Ring Bowknot Decor Lace Lingerie Set,$5.85,$7.8,Blue,SKU: ODF3077-bwir2-bl,"""https://image.geeko.ltd/small/90f0e685-c4fc-445c-8eb5-ea3e06200448-42844-pc"", ""https://image.geeko.ltd/small/90f0e685-c4fc-445c-8eb5-ea3e06200448-42844-pc-sec"", ""https://image.geeko.ltd/small/90f0e685-c4fc-445c-8eb5-ea3e06200448-42844-pc-0"", ""https://image.geeko.ltd/small/90f0e685-c4fc-445c-8eb5-ea3e06200448-42844-pc-1"", ""https://image.geeko.ltd/small/90f0e685-c4fc-445c-8eb5-ea3e06200448-42844-pc-2"", ""https://image.geeko.ltd/small/90f0e685-c4fc-445c-8eb5-ea3e06200448-42844-pc-3"", ""https://image.geeko.ltd/small/90f0e685-c4fc-445c-8eb5-ea3e06200448-42844-pc-4"", ""https://image.geeko.ltd/small/90f0e685-c4fc-445c-8eb5-ea3e06200448-42844-pc-5""","L(8-10), M(6), S(4), XL(12)","L, M, S, XL","L(12-14), M(10), S(8), XL(16)","L(12-14), M(10), S(8), XL(16)","L(40-42), M(38), S(36), XL(44)","G(L), M(M), P(S), GG(XL)","L(40-42), M(38), S(36), XL(44)","L, M, S, XL"," Romantic,Sexy", Sexy Sets," 97%Polyester,3%Spandex", V-Neck, Sleeveless, Regular, Plain, Bowknot, Skinny, Home, 1*Lingerie Set,,,,
O-Ring Bowknot Decor Lace Lingerie Set,$5.85,$7.8,Black,SKU: ODF3077-bwir2-bk,"""https://image.geeko.ltd/small/a0fcee05-ba9b-45c8-aec3-c04ee32a27d4-06747-pc"", ""https://image.geeko.ltd/small/a0fcee05-ba9b-45c8-aec3-c04ee32a27d4-06747-pc-sec"", ""https://image.geeko.ltd/small/a0fcee05-ba9b-45c8-aec3-c04ee32a27d4-06747-pc-0""","L(8-10), M(6), S(4), XL(12)","L, M, S, XL","L(12-14), M(10), S(8), XL(16)","L(12-14), M(10), S(8), XL(16)","L(40-42), M(38), S(36), XL(44)","G(L), M(M), P(S), GG(XL)","L(40-42), M(38), S(36), XL(44)","L, M, S, XL"," Romantic,Sexy", Sexy Sets," 97%Polyester,3%Spandex", V-Neck, Sleeveless, Regular, Plain, Bowknot, Skinny, Home, 1*Lingerie Set,,,,
Contrast Lace Crisscross Babydoll Without Thong,,$9.1,Red,SKU: YY6035-bwir2-r,"""https://image.geeko.ltd/small/0bad479e-4b28-4690-8947-9e2b354eb92d-22823-pc"", ""https://image.geeko.ltd/small/0bad479e-4b28-4690-8947-9e2b354eb92d-22823-pc"", ""https://image.geeko.ltd/small/0bad479e-4b28-4690-8947-9e2b354eb92d-22823-pc-sec"", ""https://image.geeko.ltd/small/0bad479e-4b28-4690-8947-9e2b354eb92d-22823-pc-0"", ""https://image.geeko.ltd/small/0bad479e-4b28-4690-8947-9e2b354eb92d-22823-pc-1"", ""https://image.geeko.ltd/small/0bad479e-4b28-4690-8947-9e2b354eb92d-22823-pc-2"", ""https://image.geeko.ltd/small/0bad479e-4b28-4690-8947-9e2b354eb92d-22823-pc-3"", ""https://image.geeko.ltd/small/0bad479e-4b28-4690-8947-9e2b354eb92d-22823-pc-4"", ""https://image.geeko.ltd/small/0bad479e-4b28-4690-8947-9e2b354eb92d-22823-pc-5""","2XL(16), L(8-10), M(6), S(4), XL(12)","2XL, L, M, S, XL","2XL(20), L(12-14), M(10), S(8), XL(16)","2XL(20), L(12-14), M(10), S(8), XL(16)","2XL(48), L(40-42), M(38), S(36), XL(44)","G2(2XL), G(L), M(M), P(S), GG(XL)","48(2XL), L(40-42), M(38), S(36), XL(44)","2XL, L, M, S, XL"," Romantic,Sexy", Babydolls, 100%Rib-Knit, V-Neck, Spaghetti Strap, Mini, Contrast Paneled," Contrast Lace,Criss Cross,Slit", Regular, Home, 1*Babydoll(Without Thong), Slight Stretch, No, Machine wash or professional dry clean,
Contrast Lace Crisscross Babydoll Without Thong,,$9.1,Green,SKU: YY6035-bwir2-gr,"""https://image.geeko.ltd/small/f94d1bf7-357f-4819-bade-801d45ebb4ec-31074-pc"", ""https://image.geeko.ltd/small/f94d1bf7-357f-4819-bade-801d45ebb4ec-31074-pc"", ""https://image.geeko.ltd/small/f94d1bf7-357f-4819-bade-801d45ebb4ec-31074-pc-sec"", ""https://image.geeko.ltd/small/f94d1bf7-357f-4819-bade-801d45ebb4ec-31074-pc-0"", ""https://image.geeko.ltd/small/f94d1bf7-357f-4819-bade-801d45ebb4ec-31074-pc-1"", ""https://image.geeko.ltd/small/f94d1bf7-357f-4819-bade-801d45ebb4ec-31074-pc-2"", ""https://image.geeko.ltd/small/f94d1bf7-357f-4819-bade-801d45ebb4ec-31074-pc-3"", ""https://image.geeko.ltd/small/f94d1bf7-357f-4819-bade-801d45ebb4ec-31074-pc-4"", ""https://image.geeko.ltd/small/f94d1bf7-357f-4819-bade-801d45ebb4ec-31074-pc-5""","2XL(16), L(8-10), M(6), S(4), XL(12)","2XL, L, M, S, XL","2XL(20), L(12-14), M(10), S(8), XL(16)","2XL(20), L(12-14), M(10), S(8), XL(16)","2XL(48), L(40-42), M(38), S(36), XL(44)","G2(2XL), G(L), M(M), P(S), GG(XL)","48(2XL), L(40-42), M(38), S(36), XL(44)","2XL, L, M, S, XL"," Romantic,Sexy", Babydolls, 100%Rib-Knit, V-Neck, Spaghetti Strap, Mini, Contrast Paneled," Contrast Lace,Criss Cross,Slit", Regular, Home, 1*Babydoll(Without Thong), Slight Stretch, No, Machine wash or professional dry clean,
Butt Lifter Seamless Shapewear Hi-Waist Tummy Control Panty Waist Trainer Body Shaper,$6.49,$8.65,White,SKU: OCSH018-bwbc2-w,"""https://image.geeko.ltd/small/795c5f1e-f2aa-4b0f-8253-1518004c9773-08819-pc"", ""https://image.geeko.ltd/small/795c5f1e-f2aa-4b0f-8253-1518004c9773-08819-pc-sec"", ""https://image.geeko.ltd/small/795c5f1e-f2aa-4b0f-8253-1518004c9773-08819-pc-0"", ""https://image.geeko.ltd/small/795c5f1e-f2aa-4b0f-8253-1518004c9773-08819-pc-1"", ""https://image.geeko.ltd/small/795c5f1e-f2aa-4b0f-8253-1518004c9773-08819-pc-2"", ""https://image.geeko.ltd/small/795c5f1e-f2aa-4b0f-8253-1518004c9773-08819-pc-3"", ""https://image.geeko.ltd/small/795c5f1e-f2aa-4b0f-8253-1518004c9773-08819-pc-4""","2XL(16), L(8-10), M(6), S(4), XL(12)","2XL, L, M, S, XL","2XL(20), L(12-14), M(10), S(8), XL(16)","2XL(20), L(12-14), M(10), S(8), XL(16)","2XL(48), L(40-42), M(38), S(36), XL(44)","G2(2XL), G(L), M(M), P(S), GG(XL)","48(2XL), L(40-42), M(38), S(36), XL(44)","2XL, L, M, S, XL", Basics, Panties, Cotton Blends,,,,," Stretchy, tummy control for shaping & sculpting",," Daily,Wedding Guest", 1*Panty,,,,
Butt Lifter Seamless Shapewear Hi-Waist Tummy Control Panty Waist Trainer Body Shaper,$6.49,$8.65,Black,SKU: OCSH018-bwbc2-bk,"""https://image.geeko.ltd/small/ce6c5995-9b02-49d9-87db-709e2f6c6a7a-08825-pc"", ""https://image.geeko.ltd/small/ce6c5995-9b02-49d9-87db-709e2f6c6a7a-08825-pc-sec"", ""https://image.geeko.ltd/small/ce6c5995-9b02-49d9-87db-709e2f6c6a7a-08825-pc-0"", ""https://image.geeko.ltd/small/ce6c5995-9b02-49d9-87db-709e2f6c6a7a-08825-pc-1"", ""https://image.geeko.ltd/small/ce6c5995-9b02-49d9-87db-709e2f6c6a7a-08825-pc-2"", ""https://image.geeko.ltd/small/ce6c5995-9b02-49d9-87db-709e2f6c6a7a-08825-pc-3"", ""https://image.geeko.ltd/small/ce6c5995-9b02-49d9-87db-709e2f6c6a7a-08825-pc-4""","2XL(16), L(8-10), M(6), S(4), XL(12)","2XL, L, M, S, XL","2XL(20), L(12-14), M(10), S(8), XL(16)","2XL(20), L(12-14), M(10), S(8), XL(16)","2XL(48), L(40-42), M(38), S(36), XL(44)","G2(2XL), G(L), M(M), P(S), GG(XL)","48(2XL), L(40-42), M(38), S(36), XL(44)","2XL, L, M, S, XL", Basics, Panties, Cotton Blends,,,,," Stretchy, tummy control for shaping & sculpting",," Daily,Wedding Guest", 1*Panty,,,,
Butt Lifter Seamless Shapewear Hi-Waist Tummy Control Panty Waist Trainer Body Shaper,$6.49,$8.65,Nude,SKU: OCSH018-bwbc2-nu,"""https://image.geeko.ltd/small/ee034349-dff2-47fb-a398-a79d7cbad100-21317-pc"", ""https://image.geeko.ltd/small/ee034349-dff2-47fb-a398-a79d7cbad100-21317-pc-sec"", ""https://image.geeko.ltd/small/ee034349-dff2-47fb-a398-a79d7cbad100-21317-pc-0"", ""https://image.geeko.ltd/small/ee034349-dff2-47fb-a398-a79d7cbad100-21317-pc-1""","2XL(16), L(8-10), M(6), S(4), XL(12)","2XL, L, M, S, XL","2XL(20), L(12-14), M(10), S(8), XL(16)","2XL(20), L(12-14), M(10), S(8), XL(16)","2XL(48), L(40-42), M(38), S(36), XL(44)","G2(2XL), G(L), M(M), P(S), GG(XL)","48(2XL), L(40-42), M(38), S(36), XL(44)","2XL, L, M, S, XL", Basics, Panties, Cotton Blends,,,,," Stretchy, tummy control for shaping & sculpting",," Daily,Wedding Guest", 1*Panty,,,,
Floral Embroidery Contrast Lace Babydoll,$7.47,$9.96,White,SKU: LY030-bwir2-w,"""https://image.geeko.ltd/small/11aa77f7-c901-46be-aa3b-4cb1ea0c6ba7-14708-pc"", ""https://image.geeko.ltd/small/11aa77f7-c901-46be-aa3b-4cb1ea0c6ba7-14708-pc"", ""https://image.geeko.ltd/small/11aa77f7-c901-46be-aa3b-4cb1ea0c6ba7-14708-pc-sec"", ""https://image.geeko.ltd/small/11aa77f7-c901-46be-aa3b-4cb1ea0c6ba7-14708-pc-0"", ""https://image.geeko.ltd/small/11aa77f7-c901-46be-aa3b-4cb1ea0c6ba7-14708-pc-1"", ""https://image.geeko.ltd/small/11aa77f7-c901-46be-aa3b-4cb1ea0c6ba7-14708-pc-2"", ""https://image.geeko.ltd/small/11aa77f7-c901-46be-aa3b-4cb1ea0c6ba7-14708-pc-3""","L(8-10), M(6), S(4), XL(12)","L, M, S, XL","L(12-14), M(10), S(8), XL(16)","L(12-14), M(10), S(8), XL(16)","L(40-42), M(38), S(36), XL(44)","G(L), M(M), P(S), GG(XL)","L(40-42), M(38), S(36), XL(44)","L, M, S, XL"," Romantic,Sexy", Babydolls," 96%Polyester,4%Elastane", Low Cut, Spaghetti Strap, Mini, Floral," Bowknot,Contrast Lace,Embroidery,Sheer Mesh", Regular, Christmas, 1*Babydoll, Slight Stretch, No," Hand wash, do not dry clean",
Floral Embroidery Contrast Lace Babydoll,$7.47,$9.96,Blue,SKU: LY030-bwir2-bl,"""https://image.geeko.ltd/small/ec8df241-8495-48fe-8b36-08fc3d228510-58163-pc"", ""https://image.geeko.ltd/small/ec8df241-8495-48fe-8b36-08fc3d228510-58163-pc"", ""https://image.geeko.ltd/small/ec8df241-8495-48fe-8b36-08fc3d228510-58163-pc-sec"", ""https://image.geeko.ltd/small/ec8df241-8495-48fe-8b36-08fc3d228510-58163-pc-0"", ""https://image.geeko.ltd/small/ec8df241-8495-48fe-8b36-08fc3d228510-58163-pc-1"", ""https://image.geeko.ltd/small/ec8df241-8495-48fe-8b36-08fc3d228510-58163-pc-2""","L(8-10), M(6), S(4), XL(12)","L, M, S, XL","L(12-14), M(10), S(8), XL(16)","L(12-14), M(10), S(8), XL(16)","L(40-42), M(38), S(36), XL(44)","G(L), M(M), P(S), GG(XL)","L(40-42), M(38), S(36), XL(44)","L, M, S, XL"," Romantic,Sexy", Babydolls," 96%Polyester,4%Elastane", Low Cut, Spaghetti Strap, Mini, Floral," Bowknot,Contrast Lace,Embroidery,Sheer Mesh", Regular, Christmas, 1*Babydoll, Slight Stretch, No," Hand wash, do not dry clean",
Floral Embroidery Contrast Lace Babydoll,$7.47,$9.96,Black,SKU: LY030-bwir2-bk,"""https://image.geeko.ltd/small/05a1818e-b3ff-404b-8279-4ea874ebf39d-03351-pc"", ""https://image.geeko.ltd/small/05a1818e-b3ff-404b-8279-4ea874ebf39d-03351-pc"", ""https://image.geeko.ltd/small/05a1818e-b3ff-404b-8279-4ea874ebf39d-03351-pc-sec"", ""https://image.geeko.ltd/small/05a1818e-b3ff-404b-8279-4ea874ebf39d-03351-pc-0""","L(8-10), M(6), S(4), XL(12)","L, M, S, XL","L(12-14), M(10), S(8), XL(16)","L(12-14), M(10), S(8), XL(16)","L(40-42), M(38), S(36), XL(44)","G(L), M(M), P(S), GG(XL)","L(40-42), M(38), S(36), XL(44)","L, M, S, XL"," Romantic,Sexy", Babydolls," 96%Polyester,4%Elastane", Low Cut, Spaghetti Strap, Mini, Floral," Bowknot,Contrast Lace,Embroidery,Sheer Mesh", Regular, Christmas, 1*Babydoll, Slight Stretch, No," Hand wash, do not dry clean",
Floral Embroidery Contrast Lace Babydoll,$7.47,$9.96,Pink,SKU: LY030-bwir2-pi,"""https://image.geeko.ltd/small/746eebc2-8921-41c7-80f2-d51d649742ec-20498-pc"", ""https://image.geeko.ltd/small/746eebc2-8921-41c7-80f2-d51d649742ec-20498-pc"", ""https://image.geeko.ltd/small/746eebc2-8921-41c7-80f2-d51d649742ec-20498-pc-sec"", ""https://image.geeko.ltd/small/746eebc2-8921-41c7-80f2-d51d649742ec-20498-pc-0"", ""https://image.geeko.ltd/small/746eebc2-8921-41c7-80f2-d51d649742ec-20498-pc-1"", ""https://image.geeko.ltd/small/746eebc2-8921-41c7-80f2-d51d649742ec-20498-pc-2""","L(8-10), M(6), S(4), XL(12)","L, M, S, XL","L(12-14), M(10), S(8), XL(16)","L(12-14), M(10), S(8), XL(16)","L(40-42), M(38), S(36), XL(44)","G(L), M(M), P(S), GG(XL)","L(40-42), M(38), S(36), XL(44)","L, M, S, XL"," Romantic,Sexy", Babydolls," 96%Polyester,4%Elastane", Low Cut, Spaghetti Strap, Mini, Floral," Bowknot,Contrast Lace,Embroidery,Sheer Mesh", Regular, Christmas, 1*Babydoll, Slight Stretch, No," Hand wash, do not dry clean",
Floral Lace Sheer Teddy Bodysuit,$5.62,$7.49,,SKU: DE2978-bwls1-nu,"""https://image.geeko.ltd/small/9b7391bd-2fdd-4ab1-9a5f-db47ebc9432d-17286-pc"", ""https://image.geeko.ltd/small/9b7391bd-2fdd-4ab1-9a5f-db47ebc9432d-17286-pc-sec""","L(8-10), M(6), S(4)","L, M, S","L(12-14), M(10), S(8)","L(12-14), M(10), S(8)","L(40-42), M(38), S(36)","G(L), M(M), P(S)","L(40-42), M(38), S(36)","L, M, S", Sexy,," Lace, 100% Polyester", V-Neck, Spaghetti Strap, Regular, Lace,,, Bedroom, 1*Woman Lingerie,,,,
1Pair Lace Patch Sheer Mesh Stockings,$4.37,$5.83,Black,SKU: HY00600-bwir2-bk,"""https://image.geeko.ltd/small/50dfb9c5-6b9b-488a-8e2a-1e3999fb6747-68884-pc"", ""https://image.geeko.ltd/small/50dfb9c5-6b9b-488a-8e2a-1e3999fb6747-68884-pc-sec"", ""https://image.geeko.ltd/small/50dfb9c5-6b9b-488a-8e2a-1e3999fb6747-68884-pc-0"", ""https://image.geeko.ltd/small/50dfb9c5-6b9b-488a-8e2a-1e3999fb6747-68884-pc-1"", ""https://image.geeko.ltd/small/50dfb9c5-6b9b-488a-8e2a-1e3999fb6747-68884-pc-2""",One Size,One Size,One Size,One Size,One Size,One Size,One Size,One Size," Chic,Sexy", Stockings, 100%Polyamide,,,, Plain,,," Daily,Night Out", 1Pair Stockings,,,,
1Pair Lace Patch Sheer Mesh Stockings,$4.37,$5.83,Red,SKU: HY00600-bwir2-r,"""https://image.geeko.ltd/small/2a7d1c56-f897-4588-a68d-c9acae1dd1c6-69098-pc"", ""https://image.geeko.ltd/small/2a7d1c56-f897-4588-a68d-c9acae1dd1c6-69098-pc-sec"", ""https://image.geeko.ltd/small/2a7d1c56-f897-4588-a68d-c9acae1dd1c6-69098-pc-0"", ""https://image.geeko.ltd/small/2a7d1c56-f897-4588-a68d-c9acae1dd1c6-69098-pc-1""",One Size,One Size,One Size,One Size,One Size,One Size,One Size,One Size," Chic,Sexy", Stockings, 100%Polyamide,,,, Plain,,," Daily,Night Out", 1Pair Stockings,,,,
High Waist Lace-up Floral Lace Panty,$5.98,$7.97,,SKU: HYMY01-bwir2-w,"""https://image.geeko.ltd/small/755baa1c-1394-439b-8489-d1ed40048cad-01413-pc"", ""https://image.geeko.ltd/small/755baa1c-1394-439b-8489-d1ed40048cad-01413-pc-sec"", ""https://image.geeko.ltd/small/755baa1c-1394-439b-8489-d1ed40048cad-01413-pc-0"", ""https://image.geeko.ltd/small/755baa1c-1394-439b-8489-d1ed40048cad-01413-pc-1"", ""https://image.geeko.ltd/small/755baa1c-1394-439b-8489-d1ed40048cad-01413-pc-2"", ""https://image.geeko.ltd/small/755baa1c-1394-439b-8489-d1ed40048cad-01413-pc-3"", ""https://image.geeko.ltd/small/755baa1c-1394-439b-8489-d1ed40048cad-01413-pc-4"", ""https://image.geeko.ltd/small/755baa1c-1394-439b-8489-d1ed40048cad-01413-pc-5"", ""https://image.geeko.ltd/small/755baa1c-1394-439b-8489-d1ed40048cad-01413-pc-6"", ""https://image.geeko.ltd/small/755baa1c-1394-439b-8489-d1ed40048cad-01413-pc-7""","2XL(16), L(8-10), M(6), S(4), XL(12)","2XL, L, M, S, XL","2XL(20), L(12-14), M(10), S(8), XL(16)","2XL(20), L(12-14), M(10), S(8), XL(16)","2XL(48), L(40-42), M(38), S(36), XL(44)","G2(2XL), G(L), M(M), P(S), GG(XL)","48(2XL), L(40-42), M(38), S(36), XL(44)","2XL, L, M, S, XL", Sexy, Panties, Lace,,, Regular, Sheer," Lace-up,Lace", Skinny, Home, 1*Panty,,,,
Sexy See-through Fishnet Sling Bra Sets,,$10.17,,SKU: LH003-bwir2-bk,"""https://image.geeko.ltd/small/a9143fd1-93ec-4a85-9604-e9cfdfc61f6d-01836-pc"", ""https://image.geeko.ltd/small/a9143fd1-93ec-4a85-9604-e9cfdfc61f6d-01836-pc-sec"", ""https://image.geeko.ltd/small/a9143fd1-93ec-4a85-9604-e9cfdfc61f6d-01836-pc-0""","L(8-10), M(6), S(4), XL(12)","L, M, S, XL","L(12-14), M(10), S(8), XL(16)","L(12-14), M(10), S(8), XL(16)","L(40-42), M(38), S(36), XL(44)","G(L), M(M), P(S), GG(XL)","L(40-42), M(38), S(36), XL(44)","L, M, S, XL"," Casual,Sexy", Sexy Sets, Polyester, V-Neck, Sleeveless, Regular, Patchwork, Fishnet, Regular, Daily, 2PCS,,,, No
Sheer Eyelash Lace Teddy Bodysuit,$6.74,$8.99,,SKU: DE3792-bwls1-w,"""https://image.geeko.ltd/small/55175f2a-af94-4c41-85a3-2f31eb798c89-16841-pc"", ""https://image.geeko.ltd/small/55175f2a-af94-4c41-85a3-2f31eb798c89-16841-pc-sec""","L(8-10), M(6), S(4)","L, M, S","L(12-14), M(10), S(8)","L(12-14), M(10), S(8)","L(40-42), M(38), S(36)","G(L), M(M), P(S)","L(40-42), M(38), S(36)","L, M, S", Sexy,, Polyester/Lace, V-Neck, Sleeveless, Regular, Lace,,, Club, 1* Lingerie,,,,
Sheer Leopard Teddy Bodysuit,$6.74,$8.99,,SKU: DE5463-bwls1-bk,"""https://image.geeko.ltd/small/97c1911d-cf82-4738-ba42-4eaaf2f0c66c-58130-pc"", ""https://image.geeko.ltd/small/97c1911d-cf82-4738-ba42-4eaaf2f0c66c-58130-pc-sec""","L(8-10), M(6), S(4)","L, M, S","L(12-14), M(10), S(8)","L(12-14), M(10), S(8)","L(40-42), M(38), S(36)","G(L), M(M), P(S)","L(40-42), M(38), S(36)","L, M, S", Sexy,," Lace, 100% Polyester", V-Neck, Spaghetti Strap, Regular, Leopard,,, Bedroom, 1*Woman Lingerie,,,,
Criss Cross Backless Fishnet Bodystockings,$6.49,$8.65,,SKU: SL1039-bwir2-bk,"""https://image.geeko.ltd/small/f66c7f02-82bb-4222-91ef-2241288d06fc-12537-pc"", ""https://image.geeko.ltd/small/f66c7f02-82bb-4222-91ef-2241288d06fc-12537-pc-sec"", ""https://image.geeko.ltd/small/f66c7f02-82bb-4222-91ef-2241288d06fc-12537-pc-0"", ""https://image.geeko.ltd/small/f66c7f02-82bb-4222-91ef-2241288d06fc-12537-pc-1"", ""https://image.geeko.ltd/small/f66c7f02-82bb-4222-91ef-2241288d06fc-12537-pc-2""",S(4),S,S(8),S(8),S(36),P(S),S(36),S," Romantic,Sexy", Bodystockings," 87%Nylon,13%Spandex", Plunge, Sleeveless, Long, Plain," Backless,Criss Cross,Fishnet", Skinny, Home, 1*Bodystockings (Without Lingerie),,,,
3PCS Floral Embroidered Lace Garter Lingerie Set,$9.42,$12.56,,SKU: ODF0123-bwir2-bk,"""https://image.geeko.ltd/small/6143dee6-329e-4f42-817c-bf9a36fc0fba-01544-pc"", ""https://image.geeko.ltd/small/6143dee6-329e-4f42-817c-bf9a36fc0fba-01544-pc-sec"", ""https://image.geeko.ltd/small/6143dee6-329e-4f42-817c-bf9a36fc0fba-01544-pc-0"", ""https://image.geeko.ltd/small/6143dee6-329e-4f42-817c-bf9a36fc0fba-01544-pc-1"", ""https://image.geeko.ltd/small/6143dee6-329e-4f42-817c-bf9a36fc0fba-01544-pc-2"", ""https://image.geeko.ltd/small/6143dee6-329e-4f42-817c-bf9a36fc0fba-01544-pc-3"", ""https://image.geeko.ltd/small/6143dee6-329e-4f42-817c-bf9a36fc0fba-01544-pc-4"", ""https://image.geeko.ltd/small/6143dee6-329e-4f42-817c-bf9a36fc0fba-01544-pc-5"", ""https://image.geeko.ltd/small/6143dee6-329e-4f42-817c-bf9a36fc0fba-01544-pc-6"", ""https://image.geeko.ltd/small/6143dee6-329e-4f42-817c-bf9a36fc0fba-01544-pc-7""","L(8-10), M(6), S(4), XL(12)","L, M, S, XL","L(12-14), M(10), S(8), XL(16)","L(12-14), M(10), S(8), XL(16)","L(40-42), M(38), S(36), XL(44)","G(L), M(M), P(S), GG(XL)","L(40-42), M(38), S(36), XL(44)","L, M, S, XL"," Romantic,Sexy", Sexy Sets, 100%Polyester," Boat Neck,V-Neck", Spaghetti Strap, Regular, Floral," Embroidery,Lace,Lace-up", Skinny, Christmas, 3PCS Lingerie Set (without stockings), Slight Stretch, Semi-Sheer," Hand wash, do not dry clean",
Bow Decor Ruffle Hem Lace Garter Bustier Set,$6.82,$9.1,,SKU: ODF3116-bwir2-bl,"""https://image.geeko.ltd/small/c36809bd-4607-497a-b82e-b7efa30e21ea-01458-pc"", ""https://image.geeko.ltd/small/c36809bd-4607-497a-b82e-b7efa30e21ea-01458-pc-sec"", ""https://image.geeko.ltd/small/c36809bd-4607-497a-b82e-b7efa30e21ea-01458-pc-0"", ""https://image.geeko.ltd/small/c36809bd-4607-497a-b82e-b7efa30e21ea-01458-pc-1"", ""https://image.geeko.ltd/small/c36809bd-4607-497a-b82e-b7efa30e21ea-01458-pc-2"", ""https://image.geeko.ltd/small/c36809bd-4607-497a-b82e-b7efa30e21ea-01458-pc-3"", ""https://image.geeko.ltd/small/c36809bd-4607-497a-b82e-b7efa30e21ea-01458-pc-4"", ""https://image.geeko.ltd/small/c36809bd-4607-497a-b82e-b7efa30e21ea-01458-pc-5""","L(8-10), M(6), S(4), XL(12)","L, M, S, XL","L(12-14), M(10), S(8), XL(16)","L(12-14), M(10), S(8), XL(16)","L(40-42), M(38), S(36), XL(44)","G(L), M(M), P(S), GG(XL)","L(40-42), M(38), S(36), XL(44)","L, M, S, XL"," Romantic,Sexy", Sexy Sets, 100%Lace, V-Neck, Sleeveless, Regular, Plain," Bowknot,Ruffles", Skinny, Christmas, 1*Bustier Set (Without Stockings), Slight Stretch, Semi-Sheer," Hand wash, do not dry clean",
Cutout Contrast Lace Thong Panty,$4.37,$5.83,Black,SKU: HM5007-bwir2-bk,"""https://image.geeko.ltd/small/2dcf638b-657d-4fea-a935-417aab8b5ea7-03026-pc"", ""https://image.geeko.ltd/small/2dcf638b-657d-4fea-a935-417aab8b5ea7-03026-pc-sec"", ""https://image.geeko.ltd/small/2dcf638b-657d-4fea-a935-417aab8b5ea7-03026-pc-0""","2XL(16), 3XL(18), L(8-10), M(6), S(4), XL(12)","2XL, 3XL, L, M, S, XL","2XL(20), 3XL(22), L(12-14), M(10), S(8), XL(16)","2XL(20), 3XL(22), L(12-14), M(10), S(8), XL(16)","2XL(48), 3XL(50), L(40-42), M(38), S(36), XL(44)","G2(2XL), G3(3XL), G(L), M(M), P(S), GG(XL)","48(2XL), 50(3XL), L(40-42), M(38), S(36), XL(44)","2XL, 3XL, L, M, S, XL", Sexy, Thong, Polyester,,, Regular, Plain," Contrast Lace,Cutout", Regular, Daily, 1*Thong,,,,
Cutout Contrast Lace Thong Panty,$4.37,$5.83,White,SKU: HM5007-bwir2-w,"""https://image.geeko.ltd/small/8cc26957-6602-4bb7-bc53-c1f5efaedf37-03190-pc"", ""https://image.geeko.ltd/small/8cc26957-6602-4bb7-bc53-c1f5efaedf37-03190-pc-sec"", ""https://image.geeko.ltd/small/8cc26957-6602-4bb7-bc53-c1f5efaedf37-03190-pc-0"", ""https://image.geeko.ltd/small/8cc26957-6602-4bb7-bc53-c1f5efaedf37-03190-pc-1"", ""https://image.geeko.ltd/small/8cc26957-6602-4bb7-bc53-c1f5efaedf37-03190-pc-2"", ""https://image.geeko.ltd/small/8cc26957-6602-4bb7-bc53-c1f5efaedf37-03190-pc-3"", ""https://image.geeko.ltd/small/8cc26957-6602-4bb7-bc53-c1f5efaedf37-03190-pc-4"", ""https://image.geeko.ltd/small/8cc26957-6602-4bb7-bc53-c1f5efaedf37-03190-pc-5""","2XL(16), 3XL(18), L(8-10), M(6), S(4), XL(12)","2XL, 3XL, L, M, S, XL","2XL(20), 3XL(22), L(12-14), M(10), S(8), XL(16)","2XL(20), 3XL(22), L(12-14), M(10), S(8), XL(16)","2XL(48), 3XL(50), L(40-42), M(38), S(36), XL(44)","G2(2XL), G3(3XL), G(L), M(M), P(S), GG(XL)","48(2XL), 50(3XL), L(40-42), M(38), S(36), XL(44)","2XL, 3XL, L, M, S, XL", Sexy, Thong, Polyester,,, Regular, Plain," Contrast Lace,Cutout", Regular, Daily, 1*Thong,,,,
Floral Pattern Sheer Mesh Patch Babydoll,$9.07,$12.09,,SKU: SQY3110-bwir2-gr,"""https://image.geeko.ltd/small/b81fb6f0-c953-4963-9b20-22d319f18060-01225-pc"", ""https://image.geeko.ltd/small/b81fb6f0-c953-4963-9b20-22d319f18060-01225-pc"", ""https://image.geeko.ltd/small/b81fb6f0-c953-4963-9b20-22d319f18060-01225-pc-sec"", ""https://image.geeko.ltd/small/b81fb6f0-c953-4963-9b20-22d319f18060-01225-pc-0"", ""https://image.geeko.ltd/small/b81fb6f0-c953-4963-9b20-22d319f18060-01225-pc-1"", ""https://image.geeko.ltd/small/b81fb6f0-c953-4963-9b20-22d319f18060-01225-pc-2"", ""https://image.geeko.ltd/small/b81fb6f0-c953-4963-9b20-22d319f18060-01225-pc-3"", ""https://image.geeko.ltd/small/b81fb6f0-c953-4963-9b20-22d319f18060-01225-pc-4""","L(8-10), M(6), S(4)","L, M, S","L(12-14), M(10), S(8)","L(12-14), M(10), S(8)","L(40-42), M(38), S(36)","G(L), M(M), P(S)","L(40-42), M(38), S(36)","L, M, S"," Romantic,Sexy", Babydolls, Polyester, V-Neck, Spaghetti Strap, Mini, Floral," Embroidery,Sheer Mesh", Regular, Home, 1*Babydoll(With Choker & Panty & Wristbands), Slight Stretch, Semi-Sheer," Hand wash, do not dry clean",
Contrast Lace Crisscross Babydoll Without Thong,,$9.1,,SKU: YY6035-bwir-gr,"""https://image.geeko.ltd/small/cade03f7-84aa-4207-b4b2-feae32f8244c-01674-pc"", ""https://image.geeko.ltd/small/cade03f7-84aa-4207-b4b2-feae32f8244c-01674-pc"", ""https://image.geeko.ltd/small/cade03f7-84aa-4207-b4b2-feae32f8244c-01674-pc-sec"", ""https://image.geeko.ltd/small/cade03f7-84aa-4207-b4b2-feae32f8244c-01674-pc-0"", ""https://image.geeko.ltd/small/cade03f7-84aa-4207-b4b2-feae32f8244c-01674-pc-1"", ""https://image.geeko.ltd/small/cade03f7-84aa-4207-b4b2-feae32f8244c-01674-pc-2"", ""https://image.geeko.ltd/small/cade03f7-84aa-4207-b4b2-feae32f8244c-01674-pc-3"", ""https://image.geeko.ltd/small/cade03f7-84aa-4207-b4b2-feae32f8244c-01674-pc-4"", ""https://image.geeko.ltd/small/cade03f7-84aa-4207-b4b2-feae32f8244c-01674-pc-5"", ""https://image.geeko.ltd/small/cade03f7-84aa-4207-b4b2-feae32f8244c-01674-pc-6"", ""https://image.geeko.ltd/small/cade03f7-84aa-4207-b4b2-feae32f8244c-01674-pc-7"", ""https://image.geeko.ltd/small/cade03f7-84aa-4207-b4b2-feae32f8244c-01674-pc-8""","2XL(16), L(8-10), M(6), S(4), XL(12)","2XL, L, M, S, XL","2XL(20), L(12-14), M(10), S(8), XL(16)","2XL(20), L(12-14), M(10), S(8), XL(16)","2XL(48), L(40-42), M(38), S(36), XL(44)","G2(2XL), G(L), M(M), P(S), GG(XL)","48(2XL), L(40-42), M(38), S(36), XL(44)","2XL, L, M, S, XL"," Romantic,Sexy", Babydolls, 100%Rib-Knit, V-Neck, Spaghetti Strap, Mini, Contrast Paneled," Contrast Lace,Criss Cross,Slit", Regular, Home, 1*Babydoll(Without Thong), Slight Stretch, No, Machine wash or professional dry clean,
Pearls Decor Multi Straps Lace Lingerie Set,$5.85,$7.8,,SKU: ODF3660-bwir2-bk,"""https://image.geeko.ltd/small/208c4c0e-c5ce-48a4-a325-a8b5d1836d13-27224-pc"", ""https://image.geeko.ltd/small/208c4c0e-c5ce-48a4-a325-a8b5d1836d13-27224-pc"", ""https://image.geeko.ltd/small/208c4c0e-c5ce-48a4-a325-a8b5d1836d13-27224-pc-sec"", ""https://image.geeko.ltd/small/208c4c0e-c5ce-48a4-a325-a8b5d1836d13-27224-pc-0"", ""https://image.geeko.ltd/small/208c4c0e-c5ce-48a4-a325-a8b5d1836d13-27224-pc-1"", ""https://image.geeko.ltd/small/208c4c0e-c5ce-48a4-a325-a8b5d1836d13-27224-pc-2"", ""https://image.geeko.ltd/small/208c4c0e-c5ce-48a4-a325-a8b5d1836d13-27224-pc-3"", ""https://image.geeko.ltd/small/208c4c0e-c5ce-48a4-a325-a8b5d1836d13-27224-pc-4""","L(8-10), M(6), S(4), XL(12)","L, M, S, XL","L(12-14), M(10), S(8), XL(16)","L(12-14), M(10), S(8), XL(16)","L(40-42), M(38), S(36), XL(44)","G(L), M(M), P(S), GG(XL)","L(40-42), M(38), S(36), XL(44)","L, M, S, XL"," Romantic,Sexy", Sexy Sets, Polyester, Low Cut, Sleeveless, Regular, Plain," Contrast Lace,Pearls", Skinny, Home, 1*Bra Set, Non-Stretch, Semi-Sheer," Hand wash, do not dry clean",
Floral Lace Sheer Crisscross Teddy Bodysuit,$5.62,$7.49,,SKU: DE4178-bwls1-w,"""https://image.geeko.ltd/small/ec9e0e36-c07d-4b81-a636-c4e936288fd3-36896-pc"", ""https://image.geeko.ltd/small/ec9e0e36-c07d-4b81-a636-c4e936288fd3-36896-pc-sec""","L(8-10), M(6), S(4)","L, M, S","L(12-14), M(10), S(8)","L(12-14), M(10), S(8)","L(40-42), M(38), S(36)","G(L), M(M), P(S)","L(40-42), M(38), S(36)","L, M, S", Sexy,," Lace, 100% Polyester", V-Neck, Spaghetti Strap, Regular, Lace,,, Bedroom, 1*Woman Lingerie,,,,
Cutout Spaghetti Strap Lace Lingerie Set,$6.16,$8.21,,SKU: T1162-bwir2-bk,"""https://image.geeko.ltd/small/b082c1d7-a2c8-46ff-81fb-7c9ef1db3d85-12579-pc"", ""https://image.geeko.ltd/small/b082c1d7-a2c8-46ff-81fb-7c9ef1db3d85-12579-pc-sec"", ""https://image.geeko.ltd/small/b082c1d7-a2c8-46ff-81fb-7c9ef1db3d85-12579-pc-0"", ""https://image.geeko.ltd/small/b082c1d7-a2c8-46ff-81fb-7c9ef1db3d85-12579-pc-1"", ""https://image.geeko.ltd/small/b082c1d7-a2c8-46ff-81fb-7c9ef1db3d85-12579-pc-2"", ""https://image.geeko.ltd/small/b082c1d7-a2c8-46ff-81fb-7c9ef1db3d85-12579-pc-3"", ""https://image.geeko.ltd/small/b082c1d7-a2c8-46ff-81fb-7c9ef1db3d85-12579-pc-4""","L(8-10), M(6), S(4), XL(12)","L, M, S, XL","L(12-14), M(10), S(8), XL(16)","L(12-14), M(10), S(8), XL(16)","L(40-42), M(38), S(36), XL(44)","G(L), M(M), P(S), GG(XL)","L(40-42), M(38), S(36), XL(44)","L, M, S, XL"," Romantic,Sexy", Sexy Sets, Lace, V-Neck, Spaghetti Strap, Regular, Plain," Cutout,Lace", Skinny, Home, 1*Lingerie Set, Slight Stretch, No," Hand wash, do not dry clean",
ChicMe ShapeSculpt Shapewear Bodysuit Butt Lifting Tummy Control Panties Body Shaper Stretch Slimming Bra Thong Body Suits,$11.05,$14.73,Black,SKU: AQ2024-bwls2-bk,"""https://image.geeko.ltd/small/00a8f4c5-85eb-4d45-a2f3-5c137010ce72-02484-pc"", ""https://image.geeko.ltd/small/00a8f4c5-85eb-4d45-a2f3-5c137010ce72-02484-pc"", ""https://image.geeko.ltd/small/00a8f4c5-85eb-4d45-a2f3-5c137010ce72-02484-pc-sec"", ""https://image.geeko.ltd/small/00a8f4c5-85eb-4d45-a2f3-5c137010ce72-02484-pc-0"", ""https://image.geeko.ltd/small/00a8f4c5-85eb-4d45-a2f3-5c137010ce72-02484-pc-1""","2XL, 3XL, L, M, S, XL",,,,,,,," Basics,Casual"," Push Up,Shapewear"," 85%Polyamide,15%Spandex",,,, Plain," Stretchy, tummy control for shaping & sculpting",," Daily,Wedding Guest", 1*Shapewear,, No," Hand wash, do not dry clean",
ChicMe ShapeSculpt Shapewear Bodysuit Butt Lifting Tummy Control Panties Body Shaper Stretch Slimming Bra Thong Body Suits,$11.05,$14.73,Nude,SKU: AQ2024-bwls2-nu,"""https://image.geeko.ltd/small/b138cfa4-e416-4ccc-bc35-ed07564bd698-02488-pc"", ""https://image.geeko.ltd/small/b138cfa4-e416-4ccc-bc35-ed07564bd698-02488-pc"", ""https://image.geeko.ltd/small/b138cfa4-e416-4ccc-bc35-ed07564bd698-02488-pc-sec"", ""https://image.geeko.ltd/small/b138cfa4-e416-4ccc-bc35-ed07564bd698-02488-pc-0"", ""https://image.geeko.ltd/small/b138cfa4-e416-4ccc-bc35-ed07564bd698-02488-pc-1"", ""https://image.geeko.ltd/small/b138cfa4-e416-4ccc-bc35-ed07564bd698-02488-pc-2"", ""https://image.geeko.ltd/small/b138cfa4-e416-4ccc-bc35-ed07564bd698-02488-pc-3""","2XL, 3XL, L, M, S, XL",,,,,,,," Basics,Casual"," Push Up,Shapewear"," 85%Polyamide,15%Spandex",,,, Plain," Stretchy, tummy control for shaping & sculpting",," Daily,Wedding Guest", 1*Shapewear,, No," Hand wash, do not dry clean",
Sheer Lace Flower Applique Lingerie Set,$5.62,$7.49,,SKU: DE4042-bwls1-w,"""https://image.geeko.ltd/small/a22d9c9c-3bc2-4dfe-a8ff-6eb11d912082-82912-pc"", ""https://image.geeko.ltd/small/a22d9c9c-3bc2-4dfe-a8ff-6eb11d912082-82912-pc-sec""","L(8-10), M(6), S(4)","L, M, S","L(12-14), M(10), S(8)","L(12-14), M(10), S(8)","L(40-42), M(38), S(36)","G(L), M(M), P(S)","L(40-42), M(38), S(36)","L, M, S", Sexy,," Lace, 100% Polyester", V-Neck, Spaghetti Strap, Regular, Patchwork,,, Bedroom, 1* Lingerie Set,,,,
Fluffy Embellished Velvet Christmas Set,$8.99,$11.99,,SKU: DE5100-bwls1-r,"""https://image.geeko.ltd/small/1cf4afed-e64e-4733-9bf3-51100797d432-71078-pc"", ""https://image.geeko.ltd/small/1cf4afed-e64e-4733-9bf3-51100797d432-71078-pc-sec""","L(8-10), M(6), S(4)","L, M, S","L(12-14), M(10), S(8)","L(12-14), M(10), S(8)","L(40-42), M(38), S(36)","G(L), M(M), P(S)","L(40-42), M(38), S(36)","L, M, S", Sexy,," Velvet,100% Polyester", Hooded, Sleeveless, Regular, Patchwork,,, Bedroom, Top & Underwear Sets,,,,
Crisscross Backless Embroidery Lace Crotchless Teddy,$5.20,$6.93,,SKU: JX0618-bwir2-wr,"""https://image.geeko.ltd/small/b9943314-0a23-4a9b-8b86-868b26887e38-14485-pc"", ""https://image.geeko.ltd/small/b9943314-0a23-4a9b-8b86-868b26887e38-14485-pc"", ""https://image.geeko.ltd/small/b9943314-0a23-4a9b-8b86-868b26887e38-14485-pc-sec"", ""https://image.geeko.ltd/small/b9943314-0a23-4a9b-8b86-868b26887e38-14485-pc-0"", ""https://image.geeko.ltd/small/b9943314-0a23-4a9b-8b86-868b26887e38-14485-pc-1"", ""https://image.geeko.ltd/small/b9943314-0a23-4a9b-8b86-868b26887e38-14485-pc-2"", ""https://image.geeko.ltd/small/b9943314-0a23-4a9b-8b86-868b26887e38-14485-pc-3""","2XL(16), L(8-10), M(6), S(4), XL(12)","2XL, L, M, S, XL","2XL(20), L(12-14), M(10), S(8), XL(16)","2XL(20), L(12-14), M(10), S(8), XL(16)","2XL(48), L(40-42), M(38), S(36), XL(44)","G2(2XL), G(L), M(M), P(S), GG(XL)","48(2XL), L(40-42), M(38), S(36), XL(44)","2XL, L, M, S, XL"," Romantic,Sexy", Teddies, Lace, Plunge, Sleeveless, Regular, Plain," Backless,Bowknot,Criss Cross,Embroidery,Lace,Scallop", Skinny, Home, 1*Teddy,, Yes," Hand wash, do not dry clean",
Bowknot Decor Crochet Lace Skinny Panty,$4.87,$6.49,,SKU: AQ3888-bwir2-bk,"""https://image.geeko.ltd/small/ed5043e3-36d7-4871-b977-4ac5d1845392-02241-pc"", ""https://image.geeko.ltd/small/ed5043e3-36d7-4871-b977-4ac5d1845392-02241-pc-sec"", ""https://image.geeko.ltd/small/ed5043e3-36d7-4871-b977-4ac5d1845392-02241-pc-0"", ""https://image.geeko.ltd/small/ed5043e3-36d7-4871-b977-4ac5d1845392-02241-pc-1"", ""https://image.geeko.ltd/small/ed5043e3-36d7-4871-b977-4ac5d1845392-02241-pc-2"", ""https://image.geeko.ltd/small/ed5043e3-36d7-4871-b977-4ac5d1845392-02241-pc-3""","L(8-10), M(6), S(4), XL(12)","L, M, S, XL","L(12-14), M(10), S(8), XL(16)","L(12-14), M(10), S(8), XL(16)","L(40-42), M(38), S(36), XL(44)","G(L), M(M), P(S), GG(XL)","L(40-42), M(38), S(36), XL(44)","L, M, S, XL", Chic, Panties, Lace,,, Regular, Plain, Lace, Skinny, Daily, 1*Panty,,,,
Eyelash Lace See Through Lingerie Set,$6.74,$8.99,,SKU: DE3902-bwls1-bk,"""https://image.geeko.ltd/small/bb42456f-754e-4e86-97fb-94184802b2b3-95749-pc"", ""https://image.geeko.ltd/small/bb42456f-754e-4e86-97fb-94184802b2b3-95749-pc-sec""","L(8-10), M(6), S(4)","L, M, S","L(12-14), M(10), S(8)","L(12-14), M(10), S(8)","L(40-42), M(38), S(36)","G(L), M(M), P(S)","L(40-42), M(38), S(36)","L, M, S", Sexy,, Lace/Polyester, Sweetheart Neck, Spaghetti Strap, Regular, Solid,,, Bedroom, 1*Woman Lingerie Sets,,,,
Sheer Mesh Bandage Teddy Bodysuit,$6.74,$8.99,,SKU: DE5085-bwls1-wr,"""https://image.geeko.ltd/small/ecf5bf66-3603-45a9-b98c-3016ae34aefc-10281-pc"", ""https://image.geeko.ltd/small/ecf5bf66-3603-45a9-b98c-3016ae34aefc-10281-pc-sec""","L(8-10), M(6), S(4)","L, M, S","L(12-14), M(10), S(8)","L(12-14), M(10), S(8)","L(40-42), M(38), S(36)","G(L), M(M), P(S)","L(40-42), M(38), S(36)","L, M, S", Sexy,, Contrast Mesh, Square Neck, Thick Strap, Regular, Patchwork,,, Bedroom, 1*Woman Lingerie,,,,
Fluffy Splicing Lace Sheer Babydoll Dress,$6.74,$8.99,,SKU: DE5081-bwls1-r,"""https://image.geeko.ltd/small/092f178e-5eea-48f6-a93e-117e7191e47d-38799-pc"", ""https://image.geeko.ltd/small/092f178e-5eea-48f6-a93e-117e7191e47d-38799-pc-sec""","L(8-10), M(6), S(4)","L, M, S","L(12-14), M(10), S(8)","L(12-14), M(10), S(8)","L(40-42), M(38), S(36)","G(L), M(M), P(S)","L(40-42), M(38), S(36)","L, M, S", Sexy,," Lace, 100% Polyester", V-Neck, Spaghetti Strap, Mini, Patchwork, Lace,, Bedroom, 1* Dress,,,,
Floral Lace Halter Ring Bandage Sleeveless Bra Top,$5.85,$7.8,,SKU: S02100-bwir2-bk,"""https://image.geeko.ltd/small/ecbccf19-f1ae-4e3e-a046-b9de3533e6ca-34771-pc"", ""https://image.geeko.ltd/small/ecbccf19-f1ae-4e3e-a046-b9de3533e6ca-34771-pc-sec"", ""https://image.geeko.ltd/small/ecbccf19-f1ae-4e3e-a046-b9de3533e6ca-34771-pc-0""","L(8-10), M(6), S(4), XL(12)","L, M, S, XL","L(12-14), M(10), S(8), XL(16)","L(12-14), M(10), S(8), XL(16)","L(40-42), M(38), S(36), XL(44)","G(L), M(M), P(S), GG(XL)","L(40-42), M(38), S(36), XL(44)","L, M, S, XL"," Casual,Sexy", Regular, Polyester, Halter, Sleeveless, Regular, Plain, Lace, Regular, Daily,,,,, No
Solid Cut-out Skinny Glitter Stockings,$5.20,$6.93,,SKU: kd17-bwir2-bk,"""https://image.geeko.ltd/small/d2b41570-010c-4080-b8eb-930b5d68f18e-04579-pc"", ""https://image.geeko.ltd/small/d2b41570-010c-4080-b8eb-930b5d68f18e-04579-pc-sec"", ""https://image.geeko.ltd/small/d2b41570-010c-4080-b8eb-930b5d68f18e-04579-pc-0""",M(6),M,M(10),M(10),M(38),M(M),M(38),M, Sexy, Regular, Polyester,,, Long," Plain,Glitter", Cutout,, Daily,,,,, No
Eyelash Lace & Mesh Splicing Halter Teddies,$6.74,$8.99,,SKU: DE4900-bwls1-bk,"""https://image.geeko.ltd/small/d8613892-450a-4363-9f44-e2947c8d61a1-53966-pc"", ""https://image.geeko.ltd/small/d8613892-450a-4363-9f44-e2947c8d61a1-53966-pc-sec""","L(8-10), M(6), S(4)","L, M, S","L(12-14), M(10), S(8)","L(12-14), M(10), S(8)","L(40-42), M(38), S(36)","G(L), M(M), P(S)","L(40-42), M(38), S(36)","L, M, S", Sexy,, Polyester/Lace, Halter, Sleeveless, Mini, Lace,,, beadroom, 1* Lingerie,,,,
