Product Name,Discount Price,Actual Price,Color,SKU,Image URLs,US Size,UK Size,EU Size,BR Size,MX Size,CA Size,Style,Type,Material,Pattern Type,Decoration,Occasion,Toe,Heel Height,Package Include,HEEL HEIGHT
Sequins Lace-up Muffin Sneakers,$22.42,$29.89,Silver,SKU: LZTA018-bwsd2-si,"""https://image.geeko.ltd/small/d5751d80-80bb-4621-b26e-dfba42182433-54076-pc"", ""https://image.geeko.ltd/small/d5751d80-80bb-4621-b26e-dfba42182433-54076-pc"", ""https://image.geeko.ltd/small/d5751d80-80bb-4621-b26e-dfba42182433-54076-pc-sec"", ""https://image.geeko.ltd/small/d5751d80-80bb-4621-b26e-dfba42182433-54076-pc-0""","US6, US7, US8, US8.5, US9.5, US10, US11","UK3.5, UK4.5, UK5.5, UK6, UK6.5, UK7.5, UK8.5","37, 38, 39, 40, 41, 42, 43","BR34, BR35, BR36, BR37, BR38, BR39, BR40","EUR37(23.5), EUR38(24), EUR39(25), EUR40(25.5), EUR41(26), EUR42(26.5), EUR43(27)","CA6, CA7, CA8, CA8.5, CA9.5, CA10.5, CA11", Casual, Sneakers, Sequin, Plain, Contrast Sequin, Daily, Round Toe, Flat, 1*Sneakers,
Sequins Lace-up Muffin Sneakers,$22.42,$29.89,Blue,SKU: LZTA018-bwsd2-bl,"""https://image.geeko.ltd/small/eeee5811-37cf-4ece-940a-db3de4753802-20209-pc"", ""https://image.geeko.ltd/small/eeee5811-37cf-4ece-940a-db3de4753802-20209-pc"", ""https://image.geeko.ltd/small/eeee5811-37cf-4ece-940a-db3de4753802-20209-pc-sec"", ""https://image.geeko.ltd/small/eeee5811-37cf-4ece-940a-db3de4753802-20209-pc-0""","US6, US7, US8, US8.5, US9.5, US10, US11","UK3.5, UK4.5, UK5.5, UK6, UK6.5, UK7.5, UK8.5","37, 38, 39, 40, 41, 42, 43","BR34, BR35, BR36, BR37, BR38, BR39, BR40","EUR37(23.5), EUR38(24), EUR39(25), EUR40(25.5), EUR41(26), EUR42(26.5), EUR43(27)","CA6, CA7, CA8, CA8.5, CA9.5, CA10.5, CA11", Casual, Sneakers, Sequin, Plain, Contrast Sequin, Daily, Round Toe, Flat, 1*Sneakers,
Rhinestone Floral Pattern Hollow Out Flip Flops Slippers,$6.99,$12.4,Black,SKU: LZT5334A3-bwsd-bk,"""https://image.geeko.ltd/small/9d90f687-3862-4ed6-a24b-146dbe91d9d1-01967-pc"", ""https://image.geeko.ltd/small/9d90f687-3862-4ed6-a24b-146dbe91d9d1-01967-pc"", ""https://image.geeko.ltd/small/9d90f687-3862-4ed6-a24b-146dbe91d9d1-01967-pc-sec"", ""https://image.geeko.ltd/small/9d90f687-3862-4ed6-a24b-146dbe91d9d1-01967-pc-0""","US5.5, US6, US7, US8.5, US8, US9.5, US10, US11, US11.5, US12","UK3, UK3.5, UK4.5, UK6, UK5.5, UK6.5, UK7.5, UK8.5, UK9.5, UK10","36, 37, 38, 40, 39, 41, 42, 43, 44, 45","BR33, BR34, BR35, BR37, BR36, BR38, BR39, BR40, BR41, BR42","EUR36(23), EUR37(23.5), EUR38(24), EUR40(25.5), EUR39(25), EUR41(26), EUR42(26.5), EUR43(27), EUR44(27.5), EUR45(28)","CA5.5, CA6, CA7, CA8.5, CA8, CA9.5, CA10.5, CA11, CA11.5, CA12", Chic, Slippers,, Floral,," Beach,Daily,Vacation", Toe Post, Flat, 1*Slippers,
Rhinestone Floral Pattern Hollow Out Flip Flops Slippers,$6.99,$12.4,Gold,SKU: LZT5334A3-bwsd-gd,"""https://image.geeko.ltd/small/a9b0c734-edf3-4f6c-ad46-6ee52c5c9bea-41761-pc"", ""https://image.geeko.ltd/small/a9b0c734-edf3-4f6c-ad46-6ee52c5c9bea-41761-pc"", ""https://image.geeko.ltd/small/a9b0c734-edf3-4f6c-ad46-6ee52c5c9bea-41761-pc-sec"", ""https://image.geeko.ltd/small/a9b0c734-edf3-4f6c-ad46-6ee52c5c9bea-41761-pc-0""","US5.5, US6, US7, US8.5, US8, US9.5, US10, US11.5, US11, US12","UK3, UK3.5, UK4.5, UK6, UK5.5, UK6.5, UK7.5, UK9.5, UK8.5, UK10","36, 37, 38, 40, 39, 41, 42, 44, 43, 45","BR33, BR34, BR35, BR37, BR36, BR38, BR39, BR41, BR40, BR42","EUR36(23), EUR37(23.5), EUR38(24), EUR40(25.5), EUR39(25), EUR41(26), EUR42(26.5), EUR44(27.5), EUR43(27), EUR45(28)","CA5.5, CA6, CA7, CA8.5, CA8, CA9.5, CA10.5, CA11.5, CA11, CA12", Chic, Slippers,, Floral,," Beach,Daily,Vacation", Toe Post, Flat, 1*Slippers,
Rhinestone Floral Pattern Hollow Out Flip Flops Slippers,$6.99,$12.4,Silver,SKU: LZT5334A3-bwsd-si,"""https://image.geeko.ltd/small/e2f7eae0-7846-4152-83fb-2da66629154f-39827-pc"", ""https://image.geeko.ltd/small/e2f7eae0-7846-4152-83fb-2da66629154f-39827-pc"", ""https://image.geeko.ltd/small/e2f7eae0-7846-4152-83fb-2da66629154f-39827-pc-sec"", ""https://image.geeko.ltd/small/e2f7eae0-7846-4152-83fb-2da66629154f-39827-pc-0""","US5.5, US6, US7, US8.5, US8, US9.5, US10, US11.5, US11, US12","UK3, UK3.5, UK4.5, UK6, UK5.5, UK6.5, UK7.5, UK9.5, UK8.5, UK10","36, 37, 38, 40, 39, 41, 42, 44, 43, 45","BR33, BR34, BR35, BR37, BR36, BR38, BR39, BR41, BR40, BR42","EUR36(23), EUR37(23.5), EUR38(24), EUR40(25.5), EUR39(25), EUR41(26), EUR42(26.5), EUR44(27.5), EUR43(27), EUR45(28)","CA5.5, CA6, CA7, CA8.5, CA8, CA9.5, CA10.5, CA11.5, CA11, CA12", Chic, Slippers,, Floral,," Beach,Daily,Vacation", Toe Post, Flat, 1*Slippers,
Rhinestone Floral Pattern Hollow Out Flip Flops Slippers,$6.99,$12.4,Hot Pink,SKU: LZT5334A3-bwsd-hp,"""https://image.geeko.ltd/small/012ba951-14c8-425d-bc39-eddbec2f84c9-34285-pc"", ""https://image.geeko.ltd/small/012ba951-14c8-425d-bc39-eddbec2f84c9-34285-pc"", ""https://image.geeko.ltd/small/012ba951-14c8-425d-bc39-eddbec2f84c9-34285-pc-sec"", ""https://image.geeko.ltd/small/012ba951-14c8-425d-bc39-eddbec2f84c9-34285-pc-0"", ""https://image.geeko.ltd/small/012ba951-14c8-425d-bc39-eddbec2f84c9-34285-pc-1"", ""https://image.geeko.ltd/small/012ba951-14c8-425d-bc39-eddbec2f84c9-34285-pc-2"", ""https://image.geeko.ltd/small/012ba951-14c8-425d-bc39-eddbec2f84c9-34285-pc-3"", ""https://image.geeko.ltd/small/012ba951-14c8-425d-bc39-eddbec2f84c9-34285-pc-4""","US5.5, US6, US7, US8, US8.5, US9.5, US10, US11.5, US11, US12","UK3, UK3.5, UK4.5, UK5.5, UK6, UK6.5, UK7.5, UK9.5, UK8.5, UK10","36, 37, 38, 39, 40, 41, 42, 44, 43, 45","BR33, BR34, BR35, BR36, BR37, BR38, BR39, BR41, BR40, BR42","EUR36(23), EUR37(23.5), EUR38(24), EUR39(25), EUR40(25.5), EUR41(26), EUR42(26.5), EUR44(27.5), EUR43(27), EUR45(28)","CA5.5, CA6, CA7, CA8, CA8.5, CA9.5, CA10.5, CA11.5, CA11, CA12", Chic, Slippers,, Floral,," Beach,Daily,Vacation", Toe Post, Flat, 1*Slippers,
Rhinestone Floral Pattern Hollow Out Flip Flops Slippers,$6.99,$12.4,Green,SKU: LZT5334A3-bwsd-gr,"""https://image.geeko.ltd/small/a47d4775-24fc-4baa-a06d-b512c64b2ad8-56009-pc"", ""https://image.geeko.ltd/small/a47d4775-24fc-4baa-a06d-b512c64b2ad8-56009-pc"", ""https://image.geeko.ltd/small/a47d4775-24fc-4baa-a06d-b512c64b2ad8-56009-pc-sec"", ""https://image.geeko.ltd/small/a47d4775-24fc-4baa-a06d-b512c64b2ad8-56009-pc-0"", ""https://image.geeko.ltd/small/a47d4775-24fc-4baa-a06d-b512c64b2ad8-56009-pc-1"", ""https://image.geeko.ltd/small/a47d4775-24fc-4baa-a06d-b512c64b2ad8-56009-pc-2""","US5.5, US6, US7, US8.5, US8, US9.5, US10, US11, US11.5, US12","UK3, UK3.5, UK4.5, UK6, UK5.5, UK6.5, UK7.5, UK8.5, UK9.5, UK10","36, 37, 38, 40, 39, 41, 42, 43, 44, 45","BR33, BR34, BR35, BR37, BR36, BR38, BR39, BR40, BR41, BR42","EUR36(23), EUR37(23.5), EUR38(24), EUR40(25.5), EUR39(25), EUR41(26), EUR42(26.5), EUR43(27), EUR44(27.5), EUR45(28)","CA5.5, CA6, CA7, CA8.5, CA8, CA9.5, CA10.5, CA11, CA11.5, CA12", Chic, Slippers,, Floral,," Beach,Daily,Vacation", Toe Post, Flat, 1*Slippers,
Floral Pattern Toe Post Sandals,,$15.81,White,SKU: LZT5366-bwsd2-w,"""https://image.geeko.ltd/small/ade1c3cc-0a87-49e2-99e2-9b2b76a468cb-03622-pc"", ""https://image.geeko.ltd/small/ade1c3cc-0a87-49e2-99e2-9b2b76a468cb-03622-pc"", ""https://image.geeko.ltd/small/ade1c3cc-0a87-49e2-99e2-9b2b76a468cb-03622-pc-sec"", ""https://image.geeko.ltd/small/ade1c3cc-0a87-49e2-99e2-9b2b76a468cb-03622-pc-0"", ""https://image.geeko.ltd/small/ade1c3cc-0a87-49e2-99e2-9b2b76a468cb-03622-pc-1"", ""https://image.geeko.ltd/small/ade1c3cc-0a87-49e2-99e2-9b2b76a468cb-03622-pc-2""","US6, US7, US8.5, US8, US9.5, US10","UK3.5, UK4.5, UK6, UK5.5, UK6.5, UK7.5","37, 38, 40, 39, 41, 42","BR34, BR35, BR37, BR36, BR38, BR39","EUR37(23.5), EUR38(24), EUR40(25.5), EUR39(25), EUR41(26), EUR42(26.5)","CA6, CA7, CA8.5, CA8, CA9.5, CA10.5"," Casual,Chic", Flat Sandals, PU, Floral,," Daily,Vacation", Toe Post, Flat, 1*Sandals,
Floral Pattern Toe Post Sandals,,$15.81,Apricot,SKU: LZT5366-bwsd2-Ap,"""https://image.geeko.ltd/small/d7041fdc-dc8a-4873-8884-9bb8de18382b-21968-pc"", ""https://image.geeko.ltd/small/d7041fdc-dc8a-4873-8884-9bb8de18382b-21968-pc"", ""https://image.geeko.ltd/small/d7041fdc-dc8a-4873-8884-9bb8de18382b-21968-pc-sec"", ""https://image.geeko.ltd/small/d7041fdc-dc8a-4873-8884-9bb8de18382b-21968-pc-0"", ""https://image.geeko.ltd/small/d7041fdc-dc8a-4873-8884-9bb8de18382b-21968-pc-1"", ""https://image.geeko.ltd/small/d7041fdc-dc8a-4873-8884-9bb8de18382b-21968-pc-2""","US6, US7, US8.5, US8, US9.5, US10","UK3.5, UK4.5, UK6, UK5.5, UK6.5, UK7.5","37, 38, 40, 39, 41, 42","BR34, BR35, BR37, BR36, BR38, BR39","EUR37(23.5), EUR38(24), EUR40(25.5), EUR39(25), EUR41(26), EUR42(26.5)","CA6, CA7, CA8.5, CA8, CA9.5, CA10.5"," Casual,Chic", Flat Sandals, PU, Floral,," Daily,Vacation", Toe Post, Flat, 1*Sandals,
Lace Up Plain Platform Sneakers Octopus Trainers,$20.38,$27.17,Gray,SKU: LZT5575-bwsd2-ga,"""https://image.geeko.ltd/small/16d32877-34b4-476e-90f0-b129a0ffb8af-10229-pc"", ""https://image.geeko.ltd/small/16d32877-34b4-476e-90f0-b129a0ffb8af-10229-pc"", ""https://image.geeko.ltd/small/16d32877-34b4-476e-90f0-b129a0ffb8af-10229-pc-sec"", ""https://image.geeko.ltd/small/16d32877-34b4-476e-90f0-b129a0ffb8af-10229-pc-0"", ""https://image.geeko.ltd/small/16d32877-34b4-476e-90f0-b129a0ffb8af-10229-pc-1""","US6, US7, US8, US8.5, US9.5, US10, US11","UK3.5, UK4.5, UK5.5, UK6, UK6.5, UK7.5, UK8.5","37, 38, 39, 40, 41, 42, 43","BR34, BR35, BR36, BR37, BR38, BR39, BR40","EUR37(23.5), EUR38(24), EUR39(25), EUR40(25.5), EUR41(26), EUR42(26.5), EUR43(27)","CA6, CA7, CA8, CA8.5, CA9.5, CA10.5, CA11", Casual, Sneakers, Rib-Knit, Plain, Lace-up,, Round Toe, Flat, 1*Sneakers,
Lace Up Plain Platform Sneakers Octopus Trainers,$20.38,$27.17,Black,SKU: LZT5575-bwsd2-bk,"""https://image.geeko.ltd/small/b99649b7-3db3-4464-8b32-89b9d4c5e777-37941-pc"", ""https://image.geeko.ltd/small/b99649b7-3db3-4464-8b32-89b9d4c5e777-37941-pc"", ""https://image.geeko.ltd/small/b99649b7-3db3-4464-8b32-89b9d4c5e777-37941-pc-sec"", ""https://image.geeko.ltd/small/b99649b7-3db3-4464-8b32-89b9d4c5e777-37941-pc-0"", ""https://image.geeko.ltd/small/b99649b7-3db3-4464-8b32-89b9d4c5e777-37941-pc-1""","US6, US7, US8.5, US8, US9.5, US10, US11","UK3.5, UK4.5, UK6, UK5.5, UK6.5, UK7.5, UK8.5","37, 38, 40, 39, 41, 42, 43","BR34, BR35, BR37, BR36, BR38, BR39, BR40","EUR37(23.5), EUR38(24), EUR40(25.5), EUR39(25), EUR41(26), EUR42(26.5), EUR43(27)","CA6, CA7, CA8.5, CA8, CA9.5, CA10.5, CA11", Casual, Sneakers, Rib-Knit, Plain, Lace-up,, Round Toe, Flat, 1*Sneakers,
Rhinestone Square Toe Wedding Shoes,$9.38,$12.51,Gold,SKU: LZT5471-bwsd-gd,"""https://image.geeko.ltd/small/0fbeac70-3fba-416d-9104-c7fe397151de-65102-pc"", ""https://image.geeko.ltd/small/0fbeac70-3fba-416d-9104-c7fe397151de-65102-pc"", ""https://image.geeko.ltd/small/0fbeac70-3fba-416d-9104-c7fe397151de-65102-pc-sec"", ""https://image.geeko.ltd/small/0fbeac70-3fba-416d-9104-c7fe397151de-65102-pc-0"", ""https://image.geeko.ltd/small/0fbeac70-3fba-416d-9104-c7fe397151de-65102-pc-1""","US4.5, US5.5, US6, US7, US8.5, US8, US9.5, US10","UK2, UK3, UK3.5, UK4.5, UK6, UK5.5, UK6.5, UK7.5","35, 36, 37, 38, 40, 39, 41, 42","BR32, BR33, BR34, BR35, BR37, BR36, BR38, BR39","EUR35(22.5), EUR36(23), EUR37(23.5), EUR38(24), EUR40(25.5), EUR39(25), EUR41(26), EUR42(26.5)","CA5, CA5.5, CA6, CA7, CA8.5, CA8, CA9.5, CA10.5", Chic, Heeled-Sandals, PU, Geometric, Rhinestone," Daily,Party,Wedding Guest", Square Toe, Low Heel, 1*Sandals,
Rhinestone Square Toe Wedding Shoes,$9.38,$12.51,Silver,SKU: LZT5471-bwsd-si,"""https://image.geeko.ltd/small/738a192b-9efb-47f6-8062-2d649d1ed982-27843-pc"", ""https://image.geeko.ltd/small/738a192b-9efb-47f6-8062-2d649d1ed982-27843-pc"", ""https://image.geeko.ltd/small/738a192b-9efb-47f6-8062-2d649d1ed982-27843-pc-sec"", ""https://image.geeko.ltd/small/738a192b-9efb-47f6-8062-2d649d1ed982-27843-pc-0"", ""https://image.geeko.ltd/small/738a192b-9efb-47f6-8062-2d649d1ed982-27843-pc-1"", ""https://image.geeko.ltd/small/738a192b-9efb-47f6-8062-2d649d1ed982-27843-pc-2"", ""https://image.geeko.ltd/small/738a192b-9efb-47f6-8062-2d649d1ed982-27843-pc-3""","US4.5, US5.5, US6, US7, US8, US8.5, US9.5, US10","UK2, UK3, UK3.5, UK4.5, UK5.5, UK6, UK6.5, UK7.5","35, 36, 37, 38, 39, 40, 41, 42","BR32, BR33, BR34, BR35, BR36, BR37, BR38, BR39","EUR35(22.5), EUR36(23), EUR37(23.5), EUR38(24), EUR39(25), EUR40(25.5), EUR41(26), EUR42(26.5)","CA5, CA5.5, CA6, CA7, CA8, CA8.5, CA9.5, CA10.5", Chic, Heeled-Sandals, PU, Geometric, Rhinestone," Daily,Party,Wedding Guest", Square Toe, Low Heel, 1*Sandals,
Zipper Knee-High Thin Heel Boots Pointed Toe Long Sexy Stiletto Heel,$43.51,$58.01,,SKU: LZT2250-bwsd-bk,"""https://image.geeko.ltd/small/6b07b320-0b79-4a2a-86e5-66ee5f79743d-54598-pc"", ""https://image.geeko.ltd/small/6b07b320-0b79-4a2a-86e5-66ee5f79743d-54598-pc"", ""https://image.geeko.ltd/small/6b07b320-0b79-4a2a-86e5-66ee5f79743d-54598-pc-sec"", ""https://image.geeko.ltd/small/6b07b320-0b79-4a2a-86e5-66ee5f79743d-54598-pc-0"", ""https://image.geeko.ltd/small/6b07b320-0b79-4a2a-86e5-66ee5f79743d-54598-pc-1"", ""https://image.geeko.ltd/small/6b07b320-0b79-4a2a-86e5-66ee5f79743d-54598-pc-2""","US6, US7, US8, US8.5, US9.5, US10, US11","UK3.5, UK4.5, UK5.5, UK6, UK6.5, UK7.5, UK8.5","37, 38, 39, 40, 41, 42, 43","BR34, BR35, BR36, BR37, BR38, BR39, BR40","EUR37(23.5), EUR38(24), EUR39(25), EUR40(25.5), EUR41(26), EUR42(26.5), EUR43(27)","CA6, CA7, CA8, CA8.5, CA9.5, CA10.5, CA11", Sexy, Boots, 100%PU, Plain,," Daily,Night Out,Party", Point Toe, High Heel, 1*Woman Shoes, 11.5cm
Floral Pattern Embroidery Dot Print Sneakers,,$21.76,Lighted Blue,SKU: LZT2935-bwsd-lb,"""https://image.geeko.ltd/small/05ad7e5d-f338-4a4b-b0aa-f448911ed4c3-06203-pc"", ""https://image.geeko.ltd/small/05ad7e5d-f338-4a4b-b0aa-f448911ed4c3-06203-pc"", ""https://image.geeko.ltd/small/05ad7e5d-f338-4a4b-b0aa-f448911ed4c3-06203-pc-sec"", ""https://image.geeko.ltd/small/05ad7e5d-f338-4a4b-b0aa-f448911ed4c3-06203-pc-0"", ""https://image.geeko.ltd/small/05ad7e5d-f338-4a4b-b0aa-f448911ed4c3-06203-pc-1"", ""https://image.geeko.ltd/small/05ad7e5d-f338-4a4b-b0aa-f448911ed4c3-06203-pc-2"", ""https://image.geeko.ltd/small/05ad7e5d-f338-4a4b-b0aa-f448911ed4c3-06203-pc-3""","US5.5, US6, US7, US8.5, US8","UK3, UK3.5, UK4.5, UK6, UK5.5","36, 37, 38, 40, 39","BR33, BR34, BR35, BR37, BR36","EUR36(23), EUR37(23.5), EUR38(24), EUR40(25.5), EUR39(25)","CA5.5, CA6, CA7, CA8.5, CA8", Fashion, Sneakers," Polyester,Mesh", Contrast Paneled,, Daily, Round Toe, Flat, 1*Sneakers,
Floral Pattern Embroidery Dot Print Sneakers,,$21.76,Dark Blue,SKU: LZT2935-bwsd-db,"""https://image.geeko.ltd/small/b0fe3656-7e61-422d-8461-6fb99383cf2b-93230-pc"", ""https://image.geeko.ltd/small/b0fe3656-7e61-422d-8461-6fb99383cf2b-93230-pc"", ""https://image.geeko.ltd/small/b0fe3656-7e61-422d-8461-6fb99383cf2b-93230-pc-sec"", ""https://image.geeko.ltd/small/b0fe3656-7e61-422d-8461-6fb99383cf2b-93230-pc-0"", ""https://image.geeko.ltd/small/b0fe3656-7e61-422d-8461-6fb99383cf2b-93230-pc-1"", ""https://image.geeko.ltd/small/b0fe3656-7e61-422d-8461-6fb99383cf2b-93230-pc-2"", ""https://image.geeko.ltd/small/b0fe3656-7e61-422d-8461-6fb99383cf2b-93230-pc-3""","US5.5, US6, US7, US8.5, US8","UK3, UK3.5, UK4.5, UK6, UK5.5","36, 37, 38, 40, 39","BR33, BR34, BR35, BR37, BR36","EUR36(23), EUR37(23.5), EUR38(24), EUR40(25.5), EUR39(25)","CA5.5, CA6, CA7, CA8.5, CA8", Fashion, Sneakers," Polyester,Mesh", Contrast Paneled,, Daily, Round Toe, Flat, 1*Sneakers,
Plants Print Buckled Point Toe Chunky Sandals,$26.09,$34.78,Blue,SKU: LZT7188A1-bwsd-bl,"""https://image.geeko.ltd/small/956a62bb-f7c0-4b44-8666-1c36c219d505-02773-pc"", ""https://image.geeko.ltd/small/956a62bb-f7c0-4b44-8666-1c36c219d505-02773-pc"", ""https://image.geeko.ltd/small/956a62bb-f7c0-4b44-8666-1c36c219d505-02773-pc-sec"", ""https://image.geeko.ltd/small/956a62bb-f7c0-4b44-8666-1c36c219d505-02773-pc-0""","US6, US7, US8, US8.5, US9.5, US10, US11","UK3.5, UK4.5, UK5.5, UK6, UK6.5, UK7.5, UK8.5","37, 38, 39, 40, 41, 42, 43","BR34, BR35, BR36, BR37, BR38, BR39, BR40","EUR37(23.5), EUR38(24), EUR39(25), EUR40(25.5), EUR41(26), EUR42(26.5), EUR43(27)","CA6, CA7, CA8, CA8.5, CA9.5, CA10.5, CA11", Chic, Chunky,, Plants,, Vacation, Point Toe, Low Heel, 1*Chunky,
Plants Print Buckled Point Toe Chunky Sandals,$26.09,$34.78,Orange&Blue,SKU: LZT7188A1-bwsd-orbl,"""https://image.geeko.ltd/small/07904553-eb30-47ec-81a5-df409cc62c27-54672-pc"", ""https://image.geeko.ltd/small/07904553-eb30-47ec-81a5-df409cc62c27-54672-pc"", ""https://image.geeko.ltd/small/07904553-eb30-47ec-81a5-df409cc62c27-54672-pc-sec"", ""https://image.geeko.ltd/small/07904553-eb30-47ec-81a5-df409cc62c27-54672-pc-0"", ""https://image.geeko.ltd/small/07904553-eb30-47ec-81a5-df409cc62c27-54672-pc-1"", ""https://image.geeko.ltd/small/07904553-eb30-47ec-81a5-df409cc62c27-54672-pc-2""","US6, US7, US8, US8.5, US9.5, US10, US11","UK3.5, UK4.5, UK5.5, UK6, UK6.5, UK7.5, UK8.5","37, 38, 39, 40, 41, 42, 43","BR34, BR35, BR36, BR37, BR38, BR39, BR40","EUR37(23.5), EUR38(24), EUR39(25), EUR40(25.5), EUR41(26), EUR42(26.5), EUR43(27)","CA6, CA7, CA8, CA8.5, CA9.5, CA10.5, CA11", Chic, Chunky,, Plants,, Vacation, Point Toe, Low Heel, 1*Chunky,
Plants Print Buckled Point Toe Chunky Sandals,$26.09,$34.78,Yellow,SKU: LZT7188A1-bwsd-y,"""https://image.geeko.ltd/small/436f738a-f1f1-4ba0-948e-ce2c8d84d4a6-66865-pc"", ""https://image.geeko.ltd/small/436f738a-f1f1-4ba0-948e-ce2c8d84d4a6-66865-pc"", ""https://image.geeko.ltd/small/436f738a-f1f1-4ba0-948e-ce2c8d84d4a6-66865-pc-sec"", ""https://image.geeko.ltd/small/436f738a-f1f1-4ba0-948e-ce2c8d84d4a6-66865-pc-0""","US6, US7, US8, US8.5, US9.5, US10, US11","UK3.5, UK4.5, UK5.5, UK6, UK6.5, UK7.5, UK8.5","37, 38, 39, 40, 41, 42, 43","BR34, BR35, BR36, BR37, BR38, BR39, BR40","EUR37(23.5), EUR38(24), EUR39(25), EUR40(25.5), EUR41(26), EUR42(26.5), EUR43(27)","CA6, CA7, CA8, CA8.5, CA9.5, CA10.5, CA11", Chic, Chunky,, Plants,, Vacation, Point Toe, Low Heel, 1*Chunky,
Braided Floral Pattern Toe Post Beach Flip Flops,,$17.71,White,SKU: LZT5380-bwsd2-w,"""https://image.geeko.ltd/small/2767f315-ce1c-49e4-9722-42bb6805d865-39244-pc"", ""https://image.geeko.ltd/small/2767f315-ce1c-49e4-9722-42bb6805d865-39244-pc"", ""https://image.geeko.ltd/small/2767f315-ce1c-49e4-9722-42bb6805d865-39244-pc-sec"", ""https://image.geeko.ltd/small/2767f315-ce1c-49e4-9722-42bb6805d865-39244-pc-0"", ""https://image.geeko.ltd/small/2767f315-ce1c-49e4-9722-42bb6805d865-39244-pc-1"", ""https://image.geeko.ltd/small/2767f315-ce1c-49e4-9722-42bb6805d865-39244-pc-2"", ""https://image.geeko.ltd/small/2767f315-ce1c-49e4-9722-42bb6805d865-39244-pc-3"", ""https://image.geeko.ltd/small/2767f315-ce1c-49e4-9722-42bb6805d865-39244-pc-4"", ""https://image.geeko.ltd/small/2767f315-ce1c-49e4-9722-42bb6805d865-39244-pc-5""","US6, US7, US8.5, US8, US9.5, US10, US11","UK3.5, UK4.5, UK6, UK5.5, UK6.5, UK7.5, UK8.5","37, 38, 40, 39, 41, 42, 43","BR34, BR35, BR37, BR36, BR38, BR39, BR40","EUR37(23.5), EUR38(24), EUR40(25.5), EUR39(25), EUR41(26), EUR42(26.5), EUR43(27)","CA6, CA7, CA8.5, CA8, CA9.5, CA10.5, CA11", Chic, Flip Flops,, Floral,," Daily,Vacation", Toe Post, Flat, 1*Flip Flops,
Braided Floral Pattern Toe Post Beach Flip Flops,,$17.71,Black,SKU: LZT5380-bwsd2-bk,"""https://image.geeko.ltd/small/a3816b76-6773-4de0-a2a9-a30eff0626f0-20899-pc"", ""https://image.geeko.ltd/small/a3816b76-6773-4de0-a2a9-a30eff0626f0-20899-pc"", ""https://image.geeko.ltd/small/a3816b76-6773-4de0-a2a9-a30eff0626f0-20899-pc-sec"", ""https://image.geeko.ltd/small/a3816b76-6773-4de0-a2a9-a30eff0626f0-20899-pc-0""","US6, US7, US8, US8.5, US9.5, US10, US11","UK3.5, UK4.5, UK5.5, UK6, UK6.5, UK7.5, UK8.5","37, 38, 39, 40, 41, 42, 43","BR34, BR35, BR36, BR37, BR38, BR39, BR40","EUR37(23.5), EUR38(24), EUR39(25), EUR40(25.5), EUR41(26), EUR42(26.5), EUR43(27)","CA6, CA7, CA8, CA8.5, CA9.5, CA10.5, CA11", Chic, Flip Flops,, Floral,," Daily,Vacation", Toe Post, Flat, 1*Flip Flops,
Braided Floral Pattern Toe Post Beach Flip Flops,,$17.71,Apricot,SKU: LZT5380-bwsd2-Ap,"""https://image.geeko.ltd/small/81bcdd8d-7912-4fc7-8f9f-a3c079805941-23163-pc"", ""https://image.geeko.ltd/small/81bcdd8d-7912-4fc7-8f9f-a3c079805941-23163-pc"", ""https://image.geeko.ltd/small/81bcdd8d-7912-4fc7-8f9f-a3c079805941-23163-pc-sec"", ""https://image.geeko.ltd/small/81bcdd8d-7912-4fc7-8f9f-a3c079805941-23163-pc-0"", ""https://image.geeko.ltd/small/81bcdd8d-7912-4fc7-8f9f-a3c079805941-23163-pc-1"", ""https://image.geeko.ltd/small/81bcdd8d-7912-4fc7-8f9f-a3c079805941-23163-pc-2"", ""https://image.geeko.ltd/small/81bcdd8d-7912-4fc7-8f9f-a3c079805941-23163-pc-3"", ""https://image.geeko.ltd/small/81bcdd8d-7912-4fc7-8f9f-a3c079805941-23163-pc-4""","US6, US7, US8, US8.5, US9.5, US10, US11","UK3.5, UK4.5, UK5.5, UK6, UK6.5, UK7.5, UK8.5","37, 38, 39, 40, 41, 42, 43","BR34, BR35, BR36, BR37, BR38, BR39, BR40","EUR37(23.5), EUR38(24), EUR39(25), EUR40(25.5), EUR41(26), EUR42(26.5), EUR43(27)","CA6, CA7, CA8, CA8.5, CA9.5, CA10.5, CA11", Chic, Flip Flops,, Floral,," Daily,Vacation", Toe Post, Flat, 1*Flip Flops,
Lace-Up Skeleton Zipper Detail Casual Sneakers,,$33.4,,SKU: LZT2733-bwsd2-lb,"""https://image.geeko.ltd/small/3cce8bf3-9398-4953-9739-5d0570cdbace-10647-pc"", ""https://image.geeko.ltd/small/3cce8bf3-9398-4953-9739-5d0570cdbace-10647-pc"", ""https://image.geeko.ltd/small/3cce8bf3-9398-4953-9739-5d0570cdbace-10647-pc-sec"", ""https://image.geeko.ltd/small/3cce8bf3-9398-4953-9739-5d0570cdbace-10647-pc-0"", ""https://image.geeko.ltd/small/3cce8bf3-9398-4953-9739-5d0570cdbace-10647-pc-1""","US6, US7, US8.5, US8, US9.5, US10, US11","UK3.5, UK4.5, UK6, UK5.5, UK6.5, UK7.5, UK8.5","37, 38, 40, 39, 41, 42, 43","BR34, BR35, BR37, BR36, BR38, BR39, BR40","EUR37(23.5), EUR38(24), EUR40(25.5), EUR39(25), EUR41(26), EUR42(26.5), EUR43(27)","CA6, CA7, CA8.5, CA8, CA9.5, CA10.5, CA11", Day Looks, Sneakers, 100%Canvas," Patchwork,Denim Blue",, Daily,,, 1*Sneakers,
Breathable Lace-up Round Toe Sneakers,$22.36,$29.81,,SKU: LZT8157-bwsd-w,"""https://image.geeko.ltd/small/33174014-e05e-4044-a9a4-c3a35a97ef4d-55514-pc"", ""https://image.geeko.ltd/small/33174014-e05e-4044-a9a4-c3a35a97ef4d-55514-pc"", ""https://image.geeko.ltd/small/33174014-e05e-4044-a9a4-c3a35a97ef4d-55514-pc-sec"", ""https://image.geeko.ltd/small/33174014-e05e-4044-a9a4-c3a35a97ef4d-55514-pc-0"", ""https://image.geeko.ltd/small/33174014-e05e-4044-a9a4-c3a35a97ef4d-55514-pc-1"", ""https://image.geeko.ltd/small/33174014-e05e-4044-a9a4-c3a35a97ef4d-55514-pc-2"", ""https://image.geeko.ltd/small/33174014-e05e-4044-a9a4-c3a35a97ef4d-55514-pc-3"", ""https://image.geeko.ltd/small/33174014-e05e-4044-a9a4-c3a35a97ef4d-55514-pc-4"", ""https://image.geeko.ltd/small/33174014-e05e-4044-a9a4-c3a35a97ef4d-55514-pc-5""","US6, US7, US8.5, US8, US9.5, US10, US11, US11.5","UK3.5, UK4.5, UK6, UK5.5, UK6.5, UK7.5, UK8.5, UK9.5","37, 38, 40, 39, 41, 42, 43, 44","BR34, BR35, BR37, BR36, BR38, BR39, BR40, BR41","EUR37(23.5), EUR38(24), EUR40(25.5), EUR39(25), EUR41(26), EUR42(26.5), EUR43(27), EUR44(27.5)","CA6, CA7, CA8.5, CA8, CA9.5, CA10.5, CA11, CA11.5", Chic, Sneakers,, Plain,, Daily, Round Toe, Flat, 1*Sneakers,
Hollow Out Toe Post Beach Wedge Flip Flops,$16.03,$21.37,Nude,SKU: LZTA005-bwsd-nu,"""https://image.geeko.ltd/small/86f92dbc-d697-4929-a517-3548831b3a46-75371-pc"", ""https://image.geeko.ltd/small/86f92dbc-d697-4929-a517-3548831b3a46-75371-pc"", ""https://image.geeko.ltd/small/86f92dbc-d697-4929-a517-3548831b3a46-75371-pc-sec"", ""https://image.geeko.ltd/small/86f92dbc-d697-4929-a517-3548831b3a46-75371-pc-0"", ""https://image.geeko.ltd/small/86f92dbc-d697-4929-a517-3548831b3a46-75371-pc-1"", ""https://image.geeko.ltd/small/86f92dbc-d697-4929-a517-3548831b3a46-75371-pc-2"", ""https://image.geeko.ltd/small/86f92dbc-d697-4929-a517-3548831b3a46-75371-pc-3""","US5.5, US6, US7, US8.5, US8, US9.5, US10, US11","UK3, UK3.5, UK4.5, UK6, UK5.5, UK6.5, UK7.5, UK8.5","36, 37, 38, 40, 39, 41, 42, 43","BR33, BR34, BR35, BR37, BR36, BR38, BR39, BR40","EUR36(23), EUR37(23.5), EUR38(24), EUR40(25.5), EUR39(25), EUR41(26), EUR42(26.5), EUR43(27)","CA5.5, CA6, CA7, CA8.5, CA8, CA9.5, CA10.5, CA11", Chic, Flip Flops, PU, Plain, Hollow-out," Beach,Daily,Vacation", Toe Post, Low Heel, 1*Flip Flops,
Hollow Out Toe Post Beach Wedge Flip Flops,$16.03,$21.37,Black,SKU: LZTA005-bwsd-bk,"""https://image.geeko.ltd/small/b0e4dd1f-ab3b-4c28-8c97-03e31e803735-01917-pc"", ""https://image.geeko.ltd/small/b0e4dd1f-ab3b-4c28-8c97-03e31e803735-01917-pc"", ""https://image.geeko.ltd/small/b0e4dd1f-ab3b-4c28-8c97-03e31e803735-01917-pc-sec"", ""https://image.geeko.ltd/small/b0e4dd1f-ab3b-4c28-8c97-03e31e803735-01917-pc-0"", ""https://image.geeko.ltd/small/b0e4dd1f-ab3b-4c28-8c97-03e31e803735-01917-pc-1"", ""https://image.geeko.ltd/small/b0e4dd1f-ab3b-4c28-8c97-03e31e803735-01917-pc-2"", ""https://image.geeko.ltd/small/b0e4dd1f-ab3b-4c28-8c97-03e31e803735-01917-pc-3""","US5.5, US6, US7, US8, US8.5, US9.5, US10, US11","UK3, UK3.5, UK4.5, UK5.5, UK6, UK6.5, UK7.5, UK8.5","36, 37, 38, 39, 40, 41, 42, 43","BR33, BR34, BR35, BR36, BR37, BR38, BR39, BR40","EUR36(23), EUR37(23.5), EUR38(24), EUR39(25), EUR40(25.5), EUR41(26), EUR42(26.5), EUR43(27)","CA5.5, CA6, CA7, CA8, CA8.5, CA9.5, CA10.5, CA11", Chic, Flip Flops, PU, Plain, Hollow-out," Beach,Daily,Vacation", Toe Post, Low Heel, 1*Flip Flops,
Floral Pattern Flip Flops Comfortable Casual Summer Beach Slippers,,$11.33,Black,SKU: LZT5334-bwsd-bk,"""https://image.geeko.ltd/small/84db65ca-e32d-46e2-8e5e-267d40771a91-34430-pc"", ""https://image.geeko.ltd/small/84db65ca-e32d-46e2-8e5e-267d40771a91-34430-pc"", ""https://image.geeko.ltd/small/84db65ca-e32d-46e2-8e5e-267d40771a91-34430-pc-sec"", ""https://image.geeko.ltd/small/84db65ca-e32d-46e2-8e5e-267d40771a91-34430-pc-0"", ""https://image.geeko.ltd/small/84db65ca-e32d-46e2-8e5e-267d40771a91-34430-pc-1"", ""https://image.geeko.ltd/small/84db65ca-e32d-46e2-8e5e-267d40771a91-34430-pc-2"", ""https://image.geeko.ltd/small/84db65ca-e32d-46e2-8e5e-267d40771a91-34430-pc-3"", ""https://image.geeko.ltd/small/84db65ca-e32d-46e2-8e5e-267d40771a91-34430-pc-4""","US5.5, US6, US7, US8, US8.5, US9.5, US10, US11.5, US11, US12","UK3, UK3.5, UK4.5, UK5.5, UK6, UK6.5, UK7.5, UK9.5, UK8.5, UK10","36, 37, 38, 39, 40, 41, 42, 44, 43, 45","BR33, BR34, BR35, BR36, BR37, BR38, BR39, BR41, BR40, BR42","EUR36(23), EUR37(23.5), EUR38(24), EUR39(25), EUR40(25.5), EUR41(26), EUR42(26.5), EUR44(27.5), EUR43(27), EUR45(28)","CA5.5, CA6, CA7, CA8, CA8.5, CA9.5, CA10.5, CA11.5, CA11, CA12", Chic, Flip Flops,, Floral, Cutout, Daily," Round Toe,Toe Post", Flat, 1*Flip Flops,
Floral Pattern Flip Flops Comfortable Casual Summer Beach Slippers,,$11.33,Silver,SKU: LZT5334-bwsd-si,"""https://image.geeko.ltd/small/c204a5c5-087e-4e0c-8bb4-c391dc158d32-18199-pc"", ""https://image.geeko.ltd/small/c204a5c5-087e-4e0c-8bb4-c391dc158d32-18199-pc"", ""https://image.geeko.ltd/small/c204a5c5-087e-4e0c-8bb4-c391dc158d32-18199-pc-sec"", ""https://image.geeko.ltd/small/c204a5c5-087e-4e0c-8bb4-c391dc158d32-18199-pc-0"", ""https://image.geeko.ltd/small/c204a5c5-087e-4e0c-8bb4-c391dc158d32-18199-pc-1"", ""https://image.geeko.ltd/small/c204a5c5-087e-4e0c-8bb4-c391dc158d32-18199-pc-2"", ""https://image.geeko.ltd/small/c204a5c5-087e-4e0c-8bb4-c391dc158d32-18199-pc-3""","US5.5, US6, US7, US8, US8.5, US9.5, US10, US11, US11.5, US12","UK3, UK3.5, UK4.5, UK5.5, UK6, UK6.5, UK7.5, UK8.5, UK9.5, UK10","36, 37, 38, 39, 40, 41, 42, 43, 44, 45","BR33, BR34, BR35, BR36, BR37, BR38, BR39, BR40, BR41, BR42","EUR36(23), EUR37(23.5), EUR38(24), EUR39(25), EUR40(25.5), EUR41(26), EUR42(26.5), EUR43(27), EUR44(27.5), EUR45(28)","CA5.5, CA6, CA7, CA8, CA8.5, CA9.5, CA10.5, CA11, CA11.5, CA12", Chic, Flip Flops,, Floral, Cutout, Daily," Round Toe,Toe Post", Flat, 1*Flip Flops,
Floral Pattern Flip Flops Comfortable Casual Summer Beach Slippers,,$11.33,Gold,SKU: LZT5334-bwsd-gd,"""https://image.geeko.ltd/small/ef2c9aaf-4546-4226-9034-7de1eb0cd8bc-01685-pc"", ""https://image.geeko.ltd/small/ef2c9aaf-4546-4226-9034-7de1eb0cd8bc-01685-pc"", ""https://image.geeko.ltd/small/ef2c9aaf-4546-4226-9034-7de1eb0cd8bc-01685-pc-sec"", ""https://image.geeko.ltd/small/ef2c9aaf-4546-4226-9034-7de1eb0cd8bc-01685-pc-0"", ""https://image.geeko.ltd/small/ef2c9aaf-4546-4226-9034-7de1eb0cd8bc-01685-pc-1"", ""https://image.geeko.ltd/small/ef2c9aaf-4546-4226-9034-7de1eb0cd8bc-01685-pc-2"", ""https://image.geeko.ltd/small/ef2c9aaf-4546-4226-9034-7de1eb0cd8bc-01685-pc-3""","US5.5, US6, US7, US8.5, US8, US9.5, US10, US11.5, US11, US12","UK3, UK3.5, UK4.5, UK6, UK5.5, UK6.5, UK7.5, UK9.5, UK8.5, UK10","36, 37, 38, 40, 39, 41, 42, 44, 43, 45","BR33, BR34, BR35, BR37, BR36, BR38, BR39, BR41, BR40, BR42","EUR36(23), EUR37(23.5), EUR38(24), EUR40(25.5), EUR39(25), EUR41(26), EUR42(26.5), EUR44(27.5), EUR43(27), EUR45(28)","CA5.5, CA6, CA7, CA8.5, CA8, CA9.5, CA10.5, CA11.5, CA11, CA12", Chic, Flip Flops,, Floral, Cutout, Daily," Round Toe,Toe Post", Flat, 1*Flip Flops,
Floral Pattern Flip Flops Comfortable Casual Summer Beach Slippers,,$11.33,Green,SKU: LZT5334-bwsd-gr,"""https://image.geeko.ltd/small/be38e091-80e2-4bf3-bcb7-38ac43cb1bb1-02070-pc"", ""https://image.geeko.ltd/small/be38e091-80e2-4bf3-bcb7-38ac43cb1bb1-02070-pc"", ""https://image.geeko.ltd/small/be38e091-80e2-4bf3-bcb7-38ac43cb1bb1-02070-pc-sec"", ""https://image.geeko.ltd/small/be38e091-80e2-4bf3-bcb7-38ac43cb1bb1-02070-pc-0"", ""https://image.geeko.ltd/small/be38e091-80e2-4bf3-bcb7-38ac43cb1bb1-02070-pc-1"", ""https://image.geeko.ltd/small/be38e091-80e2-4bf3-bcb7-38ac43cb1bb1-02070-pc-2"", ""https://image.geeko.ltd/small/be38e091-80e2-4bf3-bcb7-38ac43cb1bb1-02070-pc-3"", ""https://image.geeko.ltd/small/be38e091-80e2-4bf3-bcb7-38ac43cb1bb1-02070-pc-4""","US5.5, US6, US7, US8.5, US8, US9.5, US10, US11, US11.5, US12","UK3, UK3.5, UK4.5, UK6, UK5.5, UK6.5, UK7.5, UK8.5, UK9.5, UK10","36, 37, 38, 40, 39, 41, 42, 43, 44, 45","BR33, BR34, BR35, BR37, BR36, BR38, BR39, BR40, BR41, BR42","EUR36(23), EUR37(23.5), EUR38(24), EUR40(25.5), EUR39(25), EUR41(26), EUR42(26.5), EUR43(27), EUR44(27.5), EUR45(28)","CA5.5, CA6, CA7, CA8.5, CA8, CA9.5, CA10.5, CA11, CA11.5, CA12", Chic, Flip Flops,, Floral, Cutout, Daily," Round Toe,Toe Post", Flat, 1*Flip Flops,
Colorblock Lace-up Knit Breathable Sneakers Octopus Trainers,$19.42,$25.9,,SKU: LZT4295-bwsd2-mu,"""https://image.geeko.ltd/small/f5236cde-526c-4f37-965f-8b87b5161a75-96320-pc"", ""https://image.geeko.ltd/small/f5236cde-526c-4f37-965f-8b87b5161a75-96320-pc-sec"", ""https://image.geeko.ltd/small/f5236cde-526c-4f37-965f-8b87b5161a75-96320-pc-0""","US6, US7, US8.5, US8, US9.5, US10, US11.5, US11","UK3.5, UK4.5, UK6, UK5.5, UK6.5, UK7.5, UK9.5, UK8.5","37, 38, 40, 39, 41, 42, 44, 43","BR34, BR35, BR37, BR36, BR38, BR39, BR41, BR40","EUR37(23.5), EUR38(24), EUR40(25.5), EUR39(25), EUR41(26), EUR42(26.5), EUR44(27.5), EUR43(27)","CA6, CA7, CA8.5, CA8, CA9.5, CA10.5, CA11.5, CA11"," Chic,Sporty", Sneakers, Rib-Knit, Colorblock,, Daily, Round Toe, Flat, 1*Sneakers,
Ombre Floral Pattern Strappy Wedge Sandals,$19.76,$26.35,Multicolor,SKU: LZT8194-bwsd-mu,"""https://image.geeko.ltd/small/932913c2-4096-4c69-a241-bfee384cf7a8-03807-pc"", ""https://image.geeko.ltd/small/932913c2-4096-4c69-a241-bfee384cf7a8-03807-pc"", ""https://image.geeko.ltd/small/932913c2-4096-4c69-a241-bfee384cf7a8-03807-pc-sec"", ""https://image.geeko.ltd/small/932913c2-4096-4c69-a241-bfee384cf7a8-03807-pc-0"", ""https://image.geeko.ltd/small/932913c2-4096-4c69-a241-bfee384cf7a8-03807-pc-1"", ""https://image.geeko.ltd/small/932913c2-4096-4c69-a241-bfee384cf7a8-03807-pc-2"", ""https://image.geeko.ltd/small/932913c2-4096-4c69-a241-bfee384cf7a8-03807-pc-3"", ""https://image.geeko.ltd/small/932913c2-4096-4c69-a241-bfee384cf7a8-03807-pc-4"", ""https://image.geeko.ltd/small/932913c2-4096-4c69-a241-bfee384cf7a8-03807-pc-5"", ""https://image.geeko.ltd/small/932913c2-4096-4c69-a241-bfee384cf7a8-03807-pc-6"", ""https://image.geeko.ltd/small/932913c2-4096-4c69-a241-bfee384cf7a8-03807-pc-7""","US6, US7, US8, US8.5, US9.5, US10, US11","UK3.5, UK4.5, UK5.5, UK6, UK6.5, UK7.5, UK8.5","37, 38, 39, 40, 41, 42, 43","BR34, BR35, BR36, BR37, BR38, BR39, BR40","EUR37(23.5), EUR38(24), EUR39(25), EUR40(25.5), EUR41(26), EUR42(26.5), EUR43(27)","CA6, CA7, CA8, CA8.5, CA9.5, CA10.5, CA11", Chic, Wedge Shoes,," Floral,Ombre",, Daily, Peep Toe, High Heel, 1*Wedge Sandals,
Ombre Floral Pattern Strappy Wedge Sandals,$19.76,$26.35,Hot Pink,SKU: LZT8194-bwsd-hp,"""https://image.geeko.ltd/small/402f39d4-fe48-40bc-bf7b-9563204b97d5-51759-pc"", ""https://image.geeko.ltd/small/402f39d4-fe48-40bc-bf7b-9563204b97d5-51759-pc"", ""https://image.geeko.ltd/small/402f39d4-fe48-40bc-bf7b-9563204b97d5-51759-pc-sec"", ""https://image.geeko.ltd/small/402f39d4-fe48-40bc-bf7b-9563204b97d5-51759-pc-0"", ""https://image.geeko.ltd/small/402f39d4-fe48-40bc-bf7b-9563204b97d5-51759-pc-1"", ""https://image.geeko.ltd/small/402f39d4-fe48-40bc-bf7b-9563204b97d5-51759-pc-2""","US6, US7, US8.5, US8, US9.5, US10, US11","UK3.5, UK4.5, UK6, UK5.5, UK6.5, UK7.5, UK8.5","37, 38, 40, 39, 41, 42, 43","BR34, BR35, BR37, BR36, BR38, BR39, BR40","EUR37(23.5), EUR38(24), EUR40(25.5), EUR39(25), EUR41(26), EUR42(26.5), EUR43(27)","CA6, CA7, CA8.5, CA8, CA9.5, CA10.5, CA11", Chic, Wedge Shoes,," Floral,Ombre",, Daily, Peep Toe, High Heel, 1*Wedge Sandals,
Ombre Floral Pattern Strappy Wedge Sandals,$19.76,$26.35,Green,SKU: LZT8194-bwsd-gr,"""https://image.geeko.ltd/small/f633138f-df18-49bd-9556-d5d03de77461-06144-pc"", ""https://image.geeko.ltd/small/f633138f-df18-49bd-9556-d5d03de77461-06144-pc"", ""https://image.geeko.ltd/small/f633138f-df18-49bd-9556-d5d03de77461-06144-pc-sec"", ""https://image.geeko.ltd/small/f633138f-df18-49bd-9556-d5d03de77461-06144-pc-0"", ""https://image.geeko.ltd/small/f633138f-df18-49bd-9556-d5d03de77461-06144-pc-1"", ""https://image.geeko.ltd/small/f633138f-df18-49bd-9556-d5d03de77461-06144-pc-2""","US6, US7, US8, US8.5, US9.5, US10, US11","UK3.5, UK4.5, UK5.5, UK6, UK6.5, UK7.5, UK8.5","37, 38, 39, 40, 41, 42, 43","BR34, BR35, BR36, BR37, BR38, BR39, BR40","EUR37(23.5), EUR38(24), EUR39(25), EUR40(25.5), EUR41(26), EUR42(26.5), EUR43(27)","CA6, CA7, CA8, CA8.5, CA9.5, CA10.5, CA11", Chic, Wedge Shoes,," Floral,Ombre",, Daily, Peep Toe, High Heel, 1*Wedge Sandals,
Ombre Floral Pattern Strappy Wedge Sandals,$19.76,$26.35,Red,SKU: LZT8194-bwsd-r,"""https://image.geeko.ltd/small/ed2b2267-9f6f-4453-827f-599f4d3eb51e-34642-pc"", ""https://image.geeko.ltd/small/ed2b2267-9f6f-4453-827f-599f4d3eb51e-34642-pc"", ""https://image.geeko.ltd/small/ed2b2267-9f6f-4453-827f-599f4d3eb51e-34642-pc-sec"", ""https://image.geeko.ltd/small/ed2b2267-9f6f-4453-827f-599f4d3eb51e-34642-pc-0"", ""https://image.geeko.ltd/small/ed2b2267-9f6f-4453-827f-599f4d3eb51e-34642-pc-1""","US6, US7, US8.5, US8, US9.5, US10, US11","UK3.5, UK4.5, UK6, UK5.5, UK6.5, UK7.5, UK8.5","37, 38, 40, 39, 41, 42, 43","BR34, BR35, BR37, BR36, BR38, BR39, BR40","EUR37(23.5), EUR38(24), EUR40(25.5), EUR39(25), EUR41(26), EUR42(26.5), EUR43(27)","CA6, CA7, CA8.5, CA8, CA9.5, CA10.5, CA11", Chic, Wedge Shoes,," Floral,Ombre",, Daily, Peep Toe, High Heel, 1*Wedge Sandals,
Croc Embossed Rhinestone Chunky Heels,,$29.56,Purple,SKU: LZT1609-bwsd-pu,"""https://image.geeko.ltd/small/15a6dffd-a9ff-4ca0-b525-725038ae3820-01840-pc"", ""https://image.geeko.ltd/small/15a6dffd-a9ff-4ca0-b525-725038ae3820-01840-pc"", ""https://image.geeko.ltd/small/15a6dffd-a9ff-4ca0-b525-725038ae3820-01840-pc-sec"", ""https://image.geeko.ltd/small/15a6dffd-a9ff-4ca0-b525-725038ae3820-01840-pc-0"", ""https://image.geeko.ltd/small/15a6dffd-a9ff-4ca0-b525-725038ae3820-01840-pc-1"", ""https://image.geeko.ltd/small/15a6dffd-a9ff-4ca0-b525-725038ae3820-01840-pc-2"", ""https://image.geeko.ltd/small/15a6dffd-a9ff-4ca0-b525-725038ae3820-01840-pc-3"", ""https://image.geeko.ltd/small/15a6dffd-a9ff-4ca0-b525-725038ae3820-01840-pc-4"", ""https://image.geeko.ltd/small/15a6dffd-a9ff-4ca0-b525-725038ae3820-01840-pc-5"", ""https://image.geeko.ltd/small/15a6dffd-a9ff-4ca0-b525-725038ae3820-01840-pc-6""","US6, US7, US8.5, US8, US9.5, US10, US11","UK3.5, UK4.5, UK6, UK5.5, UK6.5, UK7.5, UK8.5","37, 38, 40, 39, 41, 42, 43","BR34, BR35, BR37, BR36, BR38, BR39, BR40","EUR37(23.5), EUR38(24), EUR40(25.5), EUR39(25), EUR41(26), EUR42(26.5), EUR43(27)","CA6, CA7, CA8.5, CA8, CA9.5, CA10.5, CA11", Chic, Heeled-Sandals, 100%PU, Colorblock,, Daily, Peep Toe, Low Heel, 1* Sandals, 5.5cm
Croc Embossed Rhinestone Chunky Heels,,$29.56,White,SKU: LZT1609-bwsd-w,"""https://image.geeko.ltd/small/83d09f28-f952-4468-a3d3-d7569dc861e4-01640-pc"", ""https://image.geeko.ltd/small/83d09f28-f952-4468-a3d3-d7569dc861e4-01640-pc"", ""https://image.geeko.ltd/small/83d09f28-f952-4468-a3d3-d7569dc861e4-01640-pc-sec"", ""https://image.geeko.ltd/small/83d09f28-f952-4468-a3d3-d7569dc861e4-01640-pc-0"", ""https://image.geeko.ltd/small/83d09f28-f952-4468-a3d3-d7569dc861e4-01640-pc-1"", ""https://image.geeko.ltd/small/83d09f28-f952-4468-a3d3-d7569dc861e4-01640-pc-2"", ""https://image.geeko.ltd/small/83d09f28-f952-4468-a3d3-d7569dc861e4-01640-pc-3"", ""https://image.geeko.ltd/small/83d09f28-f952-4468-a3d3-d7569dc861e4-01640-pc-4"", ""https://image.geeko.ltd/small/83d09f28-f952-4468-a3d3-d7569dc861e4-01640-pc-5""","US6, US7, US8.5, US8, US9.5, US10, US11","UK3.5, UK4.5, UK6, UK5.5, UK6.5, UK7.5, UK8.5","37, 38, 40, 39, 41, 42, 43","BR34, BR35, BR37, BR36, BR38, BR39, BR40","EUR37(23.5), EUR38(24), EUR40(25.5), EUR39(25), EUR41(26), EUR42(26.5), EUR43(27)","CA6, CA7, CA8.5, CA8, CA9.5, CA10.5, CA11", Chic, Heeled-Sandals, 100%PU, Colorblock,, Daily, Peep Toe, Low Heel, 1* Sandals, 5.5cm
Croc Embossed Rhinestone Chunky Heels,,$29.56,Black,SKU: LZT1609-bwsd-bk,"""https://image.geeko.ltd/small/e87c3fdc-8d13-43de-8c59-257cc748c56c-01788-pc"", ""https://image.geeko.ltd/small/e87c3fdc-8d13-43de-8c59-257cc748c56c-01788-pc"", ""https://image.geeko.ltd/small/e87c3fdc-8d13-43de-8c59-257cc748c56c-01788-pc-sec"", ""https://image.geeko.ltd/small/e87c3fdc-8d13-43de-8c59-257cc748c56c-01788-pc-0"", ""https://image.geeko.ltd/small/e87c3fdc-8d13-43de-8c59-257cc748c56c-01788-pc-1"", ""https://image.geeko.ltd/small/e87c3fdc-8d13-43de-8c59-257cc748c56c-01788-pc-2"", ""https://image.geeko.ltd/small/e87c3fdc-8d13-43de-8c59-257cc748c56c-01788-pc-3"", ""https://image.geeko.ltd/small/e87c3fdc-8d13-43de-8c59-257cc748c56c-01788-pc-4"", ""https://image.geeko.ltd/small/e87c3fdc-8d13-43de-8c59-257cc748c56c-01788-pc-5"", ""https://image.geeko.ltd/small/e87c3fdc-8d13-43de-8c59-257cc748c56c-01788-pc-6""","US6, US7, US8, US8.5, US9.5, US10, US11","UK3.5, UK4.5, UK5.5, UK6, UK6.5, UK7.5, UK8.5","37, 38, 39, 40, 41, 42, 43","BR34, BR35, BR36, BR37, BR38, BR39, BR40","EUR37(23.5), EUR38(24), EUR39(25), EUR40(25.5), EUR41(26), EUR42(26.5), EUR43(27)","CA6, CA7, CA8, CA8.5, CA9.5, CA10.5, CA11", Chic, Heeled-Sandals, 100%PU, Colorblock,, Daily, Peep Toe, Low Heel, 1* Sandals, 5.5cm
Ombre Square Toe Strappy Sandals,$15.07,$20.09,Multicolor,SKU: LZT8195-bwsd-mu,"""https://image.geeko.ltd/small/3c01facd-b6fa-4d37-9878-95691e39ec88-01597-pc"", ""https://image.geeko.ltd/small/3c01facd-b6fa-4d37-9878-95691e39ec88-01597-pc"", ""https://image.geeko.ltd/small/3c01facd-b6fa-4d37-9878-95691e39ec88-01597-pc-sec"", ""https://image.geeko.ltd/small/3c01facd-b6fa-4d37-9878-95691e39ec88-01597-pc-0"", ""https://image.geeko.ltd/small/3c01facd-b6fa-4d37-9878-95691e39ec88-01597-pc-1"", ""https://image.geeko.ltd/small/3c01facd-b6fa-4d37-9878-95691e39ec88-01597-pc-2"", ""https://image.geeko.ltd/small/3c01facd-b6fa-4d37-9878-95691e39ec88-01597-pc-3""","US6, US7, US8, US8.5, US9.5, US10, US11","UK3.5, UK4.5, UK5.5, UK6, UK6.5, UK7.5, UK8.5","37, 38, 39, 40, 41, 42, 43","BR34, BR35, BR36, BR37, BR38, BR39, BR40","EUR37(23.5), EUR38(24), EUR39(25), EUR40(25.5), EUR41(26), EUR42(26.5), EUR43(27)","CA6, CA7, CA8, CA8.5, CA9.5, CA10.5, CA11", Chic, Flat Sandals,, Ombre,, Daily," Open Toe,Square Toe", Flat, 1*Sandals,
Ombre Square Toe Strappy Sandals,$15.07,$20.09,Gold,SKU: LZT8195-bwsd-gd,"""https://image.geeko.ltd/small/6dce9f89-d288-42e6-8d23-01d91e9d67b0-01603-pc"", ""https://image.geeko.ltd/small/6dce9f89-d288-42e6-8d23-01d91e9d67b0-01603-pc"", ""https://image.geeko.ltd/small/6dce9f89-d288-42e6-8d23-01d91e9d67b0-01603-pc-sec"", ""https://image.geeko.ltd/small/6dce9f89-d288-42e6-8d23-01d91e9d67b0-01603-pc-0"", ""https://image.geeko.ltd/small/6dce9f89-d288-42e6-8d23-01d91e9d67b0-01603-pc-1"", ""https://image.geeko.ltd/small/6dce9f89-d288-42e6-8d23-01d91e9d67b0-01603-pc-2"", ""https://image.geeko.ltd/small/6dce9f89-d288-42e6-8d23-01d91e9d67b0-01603-pc-3"", ""https://image.geeko.ltd/small/6dce9f89-d288-42e6-8d23-01d91e9d67b0-01603-pc-4""","US6, US7, US8, US8.5, US9.5, US10, US11","UK3.5, UK4.5, UK5.5, UK6, UK6.5, UK7.5, UK8.5","37, 38, 39, 40, 41, 42, 43","BR34, BR35, BR36, BR37, BR38, BR39, BR40","EUR37(23.5), EUR38(24), EUR39(25), EUR40(25.5), EUR41(26), EUR42(26.5), EUR43(27)","CA6, CA7, CA8, CA8.5, CA9.5, CA10.5, CA11", Chic, Flat Sandals,, Ombre,, Daily," Open Toe,Square Toe", Flat, 1*Sandals,
Bowknot Design Peep Toe Sandals,,$20.84,Black,SKU: LZT8126-bwsd-bk,"""https://image.geeko.ltd/small/87dcb004-03e7-4679-89b4-a746692aada1-57439-pc"", ""https://image.geeko.ltd/small/87dcb004-03e7-4679-89b4-a746692aada1-57439-pc"", ""https://image.geeko.ltd/small/87dcb004-03e7-4679-89b4-a746692aada1-57439-pc-sec"", ""https://image.geeko.ltd/small/87dcb004-03e7-4679-89b4-a746692aada1-57439-pc-0"", ""https://image.geeko.ltd/small/87dcb004-03e7-4679-89b4-a746692aada1-57439-pc-1"", ""https://image.geeko.ltd/small/87dcb004-03e7-4679-89b4-a746692aada1-57439-pc-2"", ""https://image.geeko.ltd/small/87dcb004-03e7-4679-89b4-a746692aada1-57439-pc-3"", ""https://image.geeko.ltd/small/87dcb004-03e7-4679-89b4-a746692aada1-57439-pc-4"", ""https://image.geeko.ltd/small/87dcb004-03e7-4679-89b4-a746692aada1-57439-pc-5"", ""https://image.geeko.ltd/small/87dcb004-03e7-4679-89b4-a746692aada1-57439-pc-6""","US6, US7, US8, US8.5, US9.5, US10, US11","UK3.5, UK4.5, UK5.5, UK6, UK6.5, UK7.5, UK8.5","37, 38, 39, 40, 41, 42, 43","BR34, BR35, BR36, BR37, BR38, BR39, BR40","EUR37(23.5), EUR38(24), EUR39(25), EUR40(25.5), EUR41(26), EUR42(26.5), EUR43(27)","CA6, CA7, CA8, CA8.5, CA9.5, CA10.5, CA11", Chic, Flat Sandals,, Plain,," Beach,Daily,Vacation", Peep Toe, Flat, 1*Sandals,
Bowknot Design Peep Toe Sandals,,$20.84,Apricot,SKU: LZT8126-bwsd-Ap,"""https://image.geeko.ltd/small/6c102494-04cc-4674-9c8a-1723b06f9247-92063-pc"", ""https://image.geeko.ltd/small/6c102494-04cc-4674-9c8a-1723b06f9247-92063-pc"", ""https://image.geeko.ltd/small/6c102494-04cc-4674-9c8a-1723b06f9247-92063-pc-sec"", ""https://image.geeko.ltd/small/6c102494-04cc-4674-9c8a-1723b06f9247-92063-pc-0"", ""https://image.geeko.ltd/small/6c102494-04cc-4674-9c8a-1723b06f9247-92063-pc-1"", ""https://image.geeko.ltd/small/6c102494-04cc-4674-9c8a-1723b06f9247-92063-pc-2"", ""https://image.geeko.ltd/small/6c102494-04cc-4674-9c8a-1723b06f9247-92063-pc-3""","US6, US7, US8.5, US8, US9.5, US10, US11","UK3.5, UK4.5, UK6, UK5.5, UK6.5, UK7.5, UK8.5","37, 38, 40, 39, 41, 42, 43","BR34, BR35, BR37, BR36, BR38, BR39, BR40","EUR37(23.5), EUR38(24), EUR40(25.5), EUR39(25), EUR41(26), EUR42(26.5), EUR43(27)","CA6, CA7, CA8.5, CA8, CA9.5, CA10.5, CA11", Chic, Flat Sandals,, Plain,," Beach,Daily,Vacation", Peep Toe, Flat, 1*Sandals,
Glitter Cross Strap Buckled Latin Dance Pumps,,$26.97,Black,SKU: LZT7386A1-bwsd-bk,"""https://image.geeko.ltd/small/638e8219-90d6-4c77-8a04-3a9f14d9e034-42836-pc"", ""https://image.geeko.ltd/small/638e8219-90d6-4c77-8a04-3a9f14d9e034-42836-pc"", ""https://image.geeko.ltd/small/638e8219-90d6-4c77-8a04-3a9f14d9e034-42836-pc-sec"", ""https://image.geeko.ltd/small/638e8219-90d6-4c77-8a04-3a9f14d9e034-42836-pc-0"", ""https://image.geeko.ltd/small/638e8219-90d6-4c77-8a04-3a9f14d9e034-42836-pc-1""","US6, US7, US8, US8.5, US9.5, US10, US11.5, US11","UK3.5, UK4.5, UK5.5, UK6, UK6.5, UK7.5, UK9.5, UK8.5","37, 38, 39, 40, 41, 42, 44, 43","BR34, BR35, BR36, BR37, BR38, BR39, BR41, BR40","EUR37(23.5), EUR38(24), EUR39(25), EUR40(25.5), EUR41(26), EUR42(26.5), EUR44(27.5), EUR43(27)","CA6, CA7, CA8, CA8.5, CA9.5, CA10.5, CA11.5, CA11", Chic, Pumps,, Contrast Paneled,," Daily,Party", Point Toe, Low Heel, 1*Pumps,
Glitter Cross Strap Buckled Latin Dance Pumps,,$26.97,Gold,SKU: LZT7386A1-bwsd-gd,"""https://image.geeko.ltd/small/cac50bf2-b860-401f-974b-7abff4156ee8-01700-pc"", ""https://image.geeko.ltd/small/cac50bf2-b860-401f-974b-7abff4156ee8-01700-pc"", ""https://image.geeko.ltd/small/cac50bf2-b860-401f-974b-7abff4156ee8-01700-pc-sec"", ""https://image.geeko.ltd/small/cac50bf2-b860-401f-974b-7abff4156ee8-01700-pc-0"", ""https://image.geeko.ltd/small/cac50bf2-b860-401f-974b-7abff4156ee8-01700-pc-1"", ""https://image.geeko.ltd/small/cac50bf2-b860-401f-974b-7abff4156ee8-01700-pc-2""","US6, US7, US8.5, US8, US9.5, US10, US11.5, US11","UK3.5, UK4.5, UK6, UK5.5, UK6.5, UK7.5, UK9.5, UK8.5","37, 38, 40, 39, 41, 42, 44, 43","BR34, BR35, BR37, BR36, BR38, BR39, BR41, BR40","EUR37(23.5), EUR38(24), EUR40(25.5), EUR39(25), EUR41(26), EUR42(26.5), EUR44(27.5), EUR43(27)","CA6, CA7, CA8.5, CA8, CA9.5, CA10.5, CA11.5, CA11", Chic, Pumps,, Contrast Paneled,," Daily,Party", Point Toe, Low Heel, 1*Pumps,
Platform Sandals Summer Braided Knit O-Ring Cutout Open Toe Slide Sandals,,$31.12,Hot Pink,SKU: LZT3706-bwsd-hp,"""https://image.geeko.ltd/small/58bf6c56-f4ba-44f6-890a-4bf8468f7093-58828-pc"", ""https://image.geeko.ltd/small/58bf6c56-f4ba-44f6-890a-4bf8468f7093-58828-pc"", ""https://image.geeko.ltd/small/58bf6c56-f4ba-44f6-890a-4bf8468f7093-58828-pc-sec"", ""https://image.geeko.ltd/small/58bf6c56-f4ba-44f6-890a-4bf8468f7093-58828-pc-0"", ""https://image.geeko.ltd/small/58bf6c56-f4ba-44f6-890a-4bf8468f7093-58828-pc-1"", ""https://image.geeko.ltd/small/58bf6c56-f4ba-44f6-890a-4bf8468f7093-58828-pc-2""","US6, US7, US8, US8.5, US9.5, US10, US11","UK3.5, UK4.5, UK5.5, UK6, UK6.5, UK7.5, UK8.5","37, 38, 39, 40, 41, 42, 43","BR34, BR35, BR36, BR37, BR38, BR39, BR40","EUR37(23.5), EUR38(24), EUR39(25), EUR40(25.5), EUR41(26), EUR42(26.5), EUR43(27)","CA6, CA7, CA8, CA8.5, CA9.5, CA10.5, CA11", Casual, Flat Sandals,, Plain, Cutout, Daily,,, 1*Sandals,
Platform Sandals Summer Braided Knit O-Ring Cutout Open Toe Slide Sandals,,$31.12,White,SKU: LZT3706-bwsd-w,"""https://image.geeko.ltd/small/c810fd2f-15a5-47cd-b8a1-9c577d7e5752-06211-pc"", ""https://image.geeko.ltd/small/c810fd2f-15a5-47cd-b8a1-9c577d7e5752-06211-pc"", ""https://image.geeko.ltd/small/c810fd2f-15a5-47cd-b8a1-9c577d7e5752-06211-pc-sec"", ""https://image.geeko.ltd/small/c810fd2f-15a5-47cd-b8a1-9c577d7e5752-06211-pc-0"", ""https://image.geeko.ltd/small/c810fd2f-15a5-47cd-b8a1-9c577d7e5752-06211-pc-1"", ""https://image.geeko.ltd/small/c810fd2f-15a5-47cd-b8a1-9c577d7e5752-06211-pc-2"", ""https://image.geeko.ltd/small/c810fd2f-15a5-47cd-b8a1-9c577d7e5752-06211-pc-3"", ""https://image.geeko.ltd/small/c810fd2f-15a5-47cd-b8a1-9c577d7e5752-06211-pc-4"", ""https://image.geeko.ltd/small/c810fd2f-15a5-47cd-b8a1-9c577d7e5752-06211-pc-5"", ""https://image.geeko.ltd/small/c810fd2f-15a5-47cd-b8a1-9c577d7e5752-06211-pc-6"", ""https://image.geeko.ltd/small/c810fd2f-15a5-47cd-b8a1-9c577d7e5752-06211-pc-7"", ""https://image.geeko.ltd/small/c810fd2f-15a5-47cd-b8a1-9c577d7e5752-06211-pc-8""","US6, US7, US8, US8.5, US9.5, US10, US11","UK3.5, UK4.5, UK5.5, UK6, UK6.5, UK7.5, UK8.5","37, 38, 39, 40, 41, 42, 43","BR34, BR35, BR36, BR37, BR38, BR39, BR40","EUR37(23.5), EUR38(24), EUR39(25), EUR40(25.5), EUR41(26), EUR42(26.5), EUR43(27)","CA6, CA7, CA8, CA8.5, CA9.5, CA10.5, CA11", Casual, Flat Sandals,, Plain, Cutout, Daily,,, 1*Sandals,
Croc Embossed Rhinestone Chunky Heels,,$29.56,Purple,SKU: LZT1609-bwsd-pu,"""https://image.geeko.ltd/small/15a6dffd-a9ff-4ca0-b525-725038ae3820-01840-pc"", ""https://image.geeko.ltd/small/15a6dffd-a9ff-4ca0-b525-725038ae3820-01840-pc"", ""https://image.geeko.ltd/small/15a6dffd-a9ff-4ca0-b525-725038ae3820-01840-pc-sec"", ""https://image.geeko.ltd/small/15a6dffd-a9ff-4ca0-b525-725038ae3820-01840-pc-0"", ""https://image.geeko.ltd/small/15a6dffd-a9ff-4ca0-b525-725038ae3820-01840-pc-1"", ""https://image.geeko.ltd/small/15a6dffd-a9ff-4ca0-b525-725038ae3820-01840-pc-2"", ""https://image.geeko.ltd/small/15a6dffd-a9ff-4ca0-b525-725038ae3820-01840-pc-3"", ""https://image.geeko.ltd/small/15a6dffd-a9ff-4ca0-b525-725038ae3820-01840-pc-4"", ""https://image.geeko.ltd/small/15a6dffd-a9ff-4ca0-b525-725038ae3820-01840-pc-5"", ""https://image.geeko.ltd/small/15a6dffd-a9ff-4ca0-b525-725038ae3820-01840-pc-6""","US6, US7, US8.5, US8, US9.5, US10, US11","UK3.5, UK4.5, UK6, UK5.5, UK6.5, UK7.5, UK8.5","37, 38, 40, 39, 41, 42, 43","BR34, BR35, BR37, BR36, BR38, BR39, BR40","EUR37(23.5), EUR38(24), EUR40(25.5), EUR39(25), EUR41(26), EUR42(26.5), EUR43(27)","CA6, CA7, CA8.5, CA8, CA9.5, CA10.5, CA11", Chic, Heeled-Sandals, 100%PU, Colorblock,, Daily, Peep Toe, Low Heel, 1* Sandals, 5.5cm
Croc Embossed Rhinestone Chunky Heels,,$29.56,White,SKU: LZT1609-bwsd-w,"""https://image.geeko.ltd/small/83d09f28-f952-4468-a3d3-d7569dc861e4-01640-pc"", ""https://image.geeko.ltd/small/83d09f28-f952-4468-a3d3-d7569dc861e4-01640-pc"", ""https://image.geeko.ltd/small/83d09f28-f952-4468-a3d3-d7569dc861e4-01640-pc-sec"", ""https://image.geeko.ltd/small/83d09f28-f952-4468-a3d3-d7569dc861e4-01640-pc-0"", ""https://image.geeko.ltd/small/83d09f28-f952-4468-a3d3-d7569dc861e4-01640-pc-1"", ""https://image.geeko.ltd/small/83d09f28-f952-4468-a3d3-d7569dc861e4-01640-pc-2"", ""https://image.geeko.ltd/small/83d09f28-f952-4468-a3d3-d7569dc861e4-01640-pc-3"", ""https://image.geeko.ltd/small/83d09f28-f952-4468-a3d3-d7569dc861e4-01640-pc-4"", ""https://image.geeko.ltd/small/83d09f28-f952-4468-a3d3-d7569dc861e4-01640-pc-5""","US6, US7, US8.5, US8, US9.5, US10, US11","UK3.5, UK4.5, UK6, UK5.5, UK6.5, UK7.5, UK8.5","37, 38, 40, 39, 41, 42, 43","BR34, BR35, BR37, BR36, BR38, BR39, BR40","EUR37(23.5), EUR38(24), EUR40(25.5), EUR39(25), EUR41(26), EUR42(26.5), EUR43(27)","CA6, CA7, CA8.5, CA8, CA9.5, CA10.5, CA11", Chic, Heeled-Sandals, 100%PU, Colorblock,, Daily, Peep Toe, Low Heel, 1* Sandals, 5.5cm
Croc Embossed Rhinestone Chunky Heels,,$29.56,Black,SKU: LZT1609-bwsd-bk,"""https://image.geeko.ltd/small/e87c3fdc-8d13-43de-8c59-257cc748c56c-01788-pc"", ""https://image.geeko.ltd/small/e87c3fdc-8d13-43de-8c59-257cc748c56c-01788-pc"", ""https://image.geeko.ltd/small/e87c3fdc-8d13-43de-8c59-257cc748c56c-01788-pc-sec"", ""https://image.geeko.ltd/small/e87c3fdc-8d13-43de-8c59-257cc748c56c-01788-pc-0"", ""https://image.geeko.ltd/small/e87c3fdc-8d13-43de-8c59-257cc748c56c-01788-pc-1"", ""https://image.geeko.ltd/small/e87c3fdc-8d13-43de-8c59-257cc748c56c-01788-pc-2"", ""https://image.geeko.ltd/small/e87c3fdc-8d13-43de-8c59-257cc748c56c-01788-pc-3"", ""https://image.geeko.ltd/small/e87c3fdc-8d13-43de-8c59-257cc748c56c-01788-pc-4"", ""https://image.geeko.ltd/small/e87c3fdc-8d13-43de-8c59-257cc748c56c-01788-pc-5"", ""https://image.geeko.ltd/small/e87c3fdc-8d13-43de-8c59-257cc748c56c-01788-pc-6""","US6, US7, US8, US8.5, US9.5, US10, US11","UK3.5, UK4.5, UK5.5, UK6, UK6.5, UK7.5, UK8.5","37, 38, 39, 40, 41, 42, 43","BR34, BR35, BR36, BR37, BR38, BR39, BR40","EUR37(23.5), EUR38(24), EUR39(25), EUR40(25.5), EUR41(26), EUR42(26.5), EUR43(27)","CA6, CA7, CA8, CA8.5, CA9.5, CA10.5, CA11", Chic, Heeled-Sandals, 100%PU, Colorblock,, Daily, Peep Toe, Low Heel, 1* Sandals, 5.5cm
Ombre Floral Pattern Square Toe Slippers,$13.95,$18.6,,SKU: LZT8196-bwsd-mu,"""https://image.geeko.ltd/small/db3e943f-a6d3-46f5-ad76-ee9f65793aeb-66488-pc"", ""https://image.geeko.ltd/small/db3e943f-a6d3-46f5-ad76-ee9f65793aeb-66488-pc"", ""https://image.geeko.ltd/small/db3e943f-a6d3-46f5-ad76-ee9f65793aeb-66488-pc-sec"", ""https://image.geeko.ltd/small/db3e943f-a6d3-46f5-ad76-ee9f65793aeb-66488-pc-0"", ""https://image.geeko.ltd/small/db3e943f-a6d3-46f5-ad76-ee9f65793aeb-66488-pc-1"", ""https://image.geeko.ltd/small/db3e943f-a6d3-46f5-ad76-ee9f65793aeb-66488-pc-2"", ""https://image.geeko.ltd/small/db3e943f-a6d3-46f5-ad76-ee9f65793aeb-66488-pc-3"", ""https://image.geeko.ltd/small/db3e943f-a6d3-46f5-ad76-ee9f65793aeb-66488-pc-4"", ""https://image.geeko.ltd/small/db3e943f-a6d3-46f5-ad76-ee9f65793aeb-66488-pc-5"", ""https://image.geeko.ltd/small/db3e943f-a6d3-46f5-ad76-ee9f65793aeb-66488-pc-6""","US6, US7, US8, US8.5, US9.5, US10, US11","UK3.5, UK4.5, UK5.5, UK6, UK6.5, UK7.5, UK8.5","37, 38, 39, 40, 41, 42, 43","BR34, BR35, BR36, BR37, BR38, BR39, BR40","EUR37(23.5), EUR38(24), EUR39(25), EUR40(25.5), EUR41(26), EUR42(26.5), EUR43(27)","CA6, CA7, CA8, CA8.5, CA9.5, CA10.5, CA11", Chic, Slippers,," Floral,Ombre",," Daily,Vacation"," Open Toe,Square Toe", Flat, 1*Slippers,
Croc Embossed Rhinestone Chunky Heels,,$29.56,Purple,SKU: LZT1609-bwsd-pu,"""https://image.geeko.ltd/small/15a6dffd-a9ff-4ca0-b525-725038ae3820-01840-pc"", ""https://image.geeko.ltd/small/15a6dffd-a9ff-4ca0-b525-725038ae3820-01840-pc"", ""https://image.geeko.ltd/small/15a6dffd-a9ff-4ca0-b525-725038ae3820-01840-pc-sec"", ""https://image.geeko.ltd/small/15a6dffd-a9ff-4ca0-b525-725038ae3820-01840-pc-0"", ""https://image.geeko.ltd/small/15a6dffd-a9ff-4ca0-b525-725038ae3820-01840-pc-1"", ""https://image.geeko.ltd/small/15a6dffd-a9ff-4ca0-b525-725038ae3820-01840-pc-2"", ""https://image.geeko.ltd/small/15a6dffd-a9ff-4ca0-b525-725038ae3820-01840-pc-3"", ""https://image.geeko.ltd/small/15a6dffd-a9ff-4ca0-b525-725038ae3820-01840-pc-4"", ""https://image.geeko.ltd/small/15a6dffd-a9ff-4ca0-b525-725038ae3820-01840-pc-5"", ""https://image.geeko.ltd/small/15a6dffd-a9ff-4ca0-b525-725038ae3820-01840-pc-6""","US6, US7, US8.5, US8, US9.5, US10, US11","UK3.5, UK4.5, UK6, UK5.5, UK6.5, UK7.5, UK8.5","37, 38, 40, 39, 41, 42, 43","BR34, BR35, BR37, BR36, BR38, BR39, BR40","EUR37(23.5), EUR38(24), EUR40(25.5), EUR39(25), EUR41(26), EUR42(26.5), EUR43(27)","CA6, CA7, CA8.5, CA8, CA9.5, CA10.5, CA11", Chic, Heeled-Sandals, 100%PU, Colorblock,, Daily, Peep Toe, Low Heel, 1* Sandals, 5.5cm
Croc Embossed Rhinestone Chunky Heels,,$29.56,White,SKU: LZT1609-bwsd-w,"""https://image.geeko.ltd/small/83d09f28-f952-4468-a3d3-d7569dc861e4-01640-pc"", ""https://image.geeko.ltd/small/83d09f28-f952-4468-a3d3-d7569dc861e4-01640-pc"", ""https://image.geeko.ltd/small/83d09f28-f952-4468-a3d3-d7569dc861e4-01640-pc-sec"", ""https://image.geeko.ltd/small/83d09f28-f952-4468-a3d3-d7569dc861e4-01640-pc-0"", ""https://image.geeko.ltd/small/83d09f28-f952-4468-a3d3-d7569dc861e4-01640-pc-1"", ""https://image.geeko.ltd/small/83d09f28-f952-4468-a3d3-d7569dc861e4-01640-pc-2"", ""https://image.geeko.ltd/small/83d09f28-f952-4468-a3d3-d7569dc861e4-01640-pc-3"", ""https://image.geeko.ltd/small/83d09f28-f952-4468-a3d3-d7569dc861e4-01640-pc-4"", ""https://image.geeko.ltd/small/83d09f28-f952-4468-a3d3-d7569dc861e4-01640-pc-5""","US6, US7, US8.5, US8, US9.5, US10, US11","UK3.5, UK4.5, UK6, UK5.5, UK6.5, UK7.5, UK8.5","37, 38, 40, 39, 41, 42, 43","BR34, BR35, BR37, BR36, BR38, BR39, BR40","EUR37(23.5), EUR38(24), EUR40(25.5), EUR39(25), EUR41(26), EUR42(26.5), EUR43(27)","CA6, CA7, CA8.5, CA8, CA9.5, CA10.5, CA11", Chic, Heeled-Sandals, 100%PU, Colorblock,, Daily, Peep Toe, Low Heel, 1* Sandals, 5.5cm
Croc Embossed Rhinestone Chunky Heels,,$29.56,Black,SKU: LZT1609-bwsd-bk,"""https://image.geeko.ltd/small/e87c3fdc-8d13-43de-8c59-257cc748c56c-01788-pc"", ""https://image.geeko.ltd/small/e87c3fdc-8d13-43de-8c59-257cc748c56c-01788-pc"", ""https://image.geeko.ltd/small/e87c3fdc-8d13-43de-8c59-257cc748c56c-01788-pc-sec"", ""https://image.geeko.ltd/small/e87c3fdc-8d13-43de-8c59-257cc748c56c-01788-pc-0"", ""https://image.geeko.ltd/small/e87c3fdc-8d13-43de-8c59-257cc748c56c-01788-pc-1"", ""https://image.geeko.ltd/small/e87c3fdc-8d13-43de-8c59-257cc748c56c-01788-pc-2"", ""https://image.geeko.ltd/small/e87c3fdc-8d13-43de-8c59-257cc748c56c-01788-pc-3"", ""https://image.geeko.ltd/small/e87c3fdc-8d13-43de-8c59-257cc748c56c-01788-pc-4"", ""https://image.geeko.ltd/small/e87c3fdc-8d13-43de-8c59-257cc748c56c-01788-pc-5"", ""https://image.geeko.ltd/small/e87c3fdc-8d13-43de-8c59-257cc748c56c-01788-pc-6""","US6, US7, US8, US8.5, US9.5, US10, US11","UK3.5, UK4.5, UK5.5, UK6, UK6.5, UK7.5, UK8.5","37, 38, 39, 40, 41, 42, 43","BR34, BR35, BR36, BR37, BR38, BR39, BR40","EUR37(23.5), EUR38(24), EUR39(25), EUR40(25.5), EUR41(26), EUR42(26.5), EUR43(27)","CA6, CA7, CA8, CA8.5, CA9.5, CA10.5, CA11", Chic, Heeled-Sandals, 100%PU, Colorblock,, Daily, Peep Toe, Low Heel, 1* Sandals, 5.5cm
Rainbow Ombre Colorblock Braided Boho Slippers,$10.81,$14.41,,SKU: LZT8234-bwsd-or,"""https://image.geeko.ltd/small/f93231fa-06d1-4e6c-a94c-b90ffa782482-97436-pc"", ""https://image.geeko.ltd/small/f93231fa-06d1-4e6c-a94c-b90ffa782482-97436-pc-sec"", ""https://image.geeko.ltd/small/f93231fa-06d1-4e6c-a94c-b90ffa782482-97436-pc-0"", ""https://image.geeko.ltd/small/f93231fa-06d1-4e6c-a94c-b90ffa782482-97436-pc-1"", ""https://image.geeko.ltd/small/f93231fa-06d1-4e6c-a94c-b90ffa782482-97436-pc-2"", ""https://image.geeko.ltd/small/f93231fa-06d1-4e6c-a94c-b90ffa782482-97436-pc-3"", ""https://image.geeko.ltd/small/f93231fa-06d1-4e6c-a94c-b90ffa782482-97436-pc-4""","US6, US7, US8, US8.5, US9.5, US10, US11","UK3.5, UK4.5, UK5.5, UK6, UK6.5, UK7.5, UK8.5","37, 38, 39, 40, 41, 42, 43","BR34, BR35, BR36, BR37, BR38, BR39, BR40","EUR37(23.5), EUR38(24), EUR39(25), EUR40(25.5), EUR41(26), EUR42(26.5), EUR43(27)","CA6, CA7, CA8, CA8.5, CA9.5, CA10.5, CA11"," Boho,Chic", Slippers,," Colorblock,Ombre",," Beach,Daily,Vacation"," Open Toe,Square Toe", Flat, 1*Slippers,
Ruched Detail Slip-on Casual Work Loafers,,$17.92,,SKU: LZT6636-bwsd-bl,"""https://image.geeko.ltd/small/1ee37227-269c-4f6c-a5b7-489c825a7c1b-44729-pc"", ""https://image.geeko.ltd/small/1ee37227-269c-4f6c-a5b7-489c825a7c1b-44729-pc"", ""https://image.geeko.ltd/small/1ee37227-269c-4f6c-a5b7-489c825a7c1b-44729-pc-sec"", ""https://image.geeko.ltd/small/1ee37227-269c-4f6c-a5b7-489c825a7c1b-44729-pc-0"", ""https://image.geeko.ltd/small/1ee37227-269c-4f6c-a5b7-489c825a7c1b-44729-pc-1"", ""https://image.geeko.ltd/small/1ee37227-269c-4f6c-a5b7-489c825a7c1b-44729-pc-2"", ""https://image.geeko.ltd/small/1ee37227-269c-4f6c-a5b7-489c825a7c1b-44729-pc-3""","US6, US7, US8, US8.5, US9.5, US10, US11.5, US11","UK3.5, UK4.5, UK5.5, UK6, UK6.5, UK7.5, UK9.5, UK8.5","37, 38, 39, 40, 41, 42, 44, 43","BR34, BR35, BR36, BR37, BR38, BR39, BR41, BR40","EUR37(23.5), EUR38(24), EUR39(25), EUR40(25.5), EUR41(26), EUR42(26.5), EUR44(27.5), EUR43(27)","CA6, CA7, CA8, CA8.5, CA9.5, CA10.5, CA11.5, CA11"," Casual,Elegant", Slip-On, 100%PU," Plain,Tie Dye",," Daily,Work", Round Toe, Flat, 1*Loafers,
Floral Print Lace-up Fringe Hem Sneakers,,$24.74,,SKU: LZT6961-bwsd2-pi,"""https://image.geeko.ltd/small/409c756d-d85e-423a-900d-a36c4c886ffe-15247-pc"", ""https://image.geeko.ltd/small/409c756d-d85e-423a-900d-a36c4c886ffe-15247-pc-sec"", ""https://image.geeko.ltd/small/409c756d-d85e-423a-900d-a36c4c886ffe-15247-pc-0""","US6, US7, US8.5, US8, US9.5, US10, US11","UK3.5, UK4.5, UK6, UK5.5, UK6.5, UK7.5, UK8.5","37, 38, 40, 39, 41, 42, 43","BR34, BR35, BR37, BR36, BR38, BR39, BR40","EUR37(23.5), EUR38(24), EUR40(25.5), EUR39(25), EUR41(26), EUR42(26.5), EUR43(27)","CA6, CA7, CA8.5, CA8, CA9.5, CA10.5, CA11", Chic, Sneakers, Canvas, Floral,, Daily, Round Toe, Flat, 1*Sneakers,
Lace Up Plain Platform Sneakers Octopus Trainers,$20.38,$27.17,Gray,SKU: LZT5575-bwsd-ga,"""https://image.geeko.ltd/small/7ff628d0-5088-4dcb-9e16-7c2f17b074ac-31518-pc"", ""https://image.geeko.ltd/small/7ff628d0-5088-4dcb-9e16-7c2f17b074ac-31518-pc"", ""https://image.geeko.ltd/small/7ff628d0-5088-4dcb-9e16-7c2f17b074ac-31518-pc-sec"", ""https://image.geeko.ltd/small/7ff628d0-5088-4dcb-9e16-7c2f17b074ac-31518-pc-0"", ""https://image.geeko.ltd/small/7ff628d0-5088-4dcb-9e16-7c2f17b074ac-31518-pc-1""","US6, US7, US8.5, US8, US9.5, US10, US11","UK3.5, UK4.5, UK6, UK5.5, UK6.5, UK7.5, UK8.5","37, 38, 40, 39, 41, 42, 43","BR34, BR35, BR37, BR36, BR38, BR39, BR40","EUR37(23.5), EUR38(24), EUR40(25.5), EUR39(25), EUR41(26), EUR42(26.5), EUR43(27)","CA6, CA7, CA8.5, CA8, CA9.5, CA10.5, CA11", Casual, Sneakers, Rib-Knit, Plain, Lace-up,, Round Toe, Flat, 1*Sneakers,
Lace Up Plain Platform Sneakers Octopus Trainers,$20.38,$27.17,Black,SKU: LZT5575-bwsd-bk,"""https://image.geeko.ltd/small/a0df2f83-a434-4dc9-9c87-f9a00bff7649-73091-pc"", ""https://image.geeko.ltd/small/a0df2f83-a434-4dc9-9c87-f9a00bff7649-73091-pc"", ""https://image.geeko.ltd/small/a0df2f83-a434-4dc9-9c87-f9a00bff7649-73091-pc-sec"", ""https://image.geeko.ltd/small/a0df2f83-a434-4dc9-9c87-f9a00bff7649-73091-pc-0"", ""https://image.geeko.ltd/small/a0df2f83-a434-4dc9-9c87-f9a00bff7649-73091-pc-1""","US6, US7, US8.5, US8, US9.5, US10, US11","UK3.5, UK4.5, UK6, UK5.5, UK6.5, UK7.5, UK8.5","37, 38, 40, 39, 41, 42, 43","BR34, BR35, BR37, BR36, BR38, BR39, BR40","EUR37(23.5), EUR38(24), EUR40(25.5), EUR39(25), EUR41(26), EUR42(26.5), EUR43(27)","CA6, CA7, CA8.5, CA8, CA9.5, CA10.5, CA11", Casual, Sneakers, Rib-Knit, Plain, Lace-up,, Round Toe, Flat, 1*Sneakers,
Star Print Studded Fringe Hem Sandals,$17.35,$23.13,Black,SKU: LZT6515-bwsd-bk,"""https://image.geeko.ltd/small/856c952a-d42b-497a-869f-af5344459fee-02607-pc"", ""https://image.geeko.ltd/small/856c952a-d42b-497a-869f-af5344459fee-02607-pc"", ""https://image.geeko.ltd/small/856c952a-d42b-497a-869f-af5344459fee-02607-pc-sec"", ""https://image.geeko.ltd/small/856c952a-d42b-497a-869f-af5344459fee-02607-pc-0"", ""https://image.geeko.ltd/small/856c952a-d42b-497a-869f-af5344459fee-02607-pc-1"", ""https://image.geeko.ltd/small/856c952a-d42b-497a-869f-af5344459fee-02607-pc-2"", ""https://image.geeko.ltd/small/856c952a-d42b-497a-869f-af5344459fee-02607-pc-3""","US6, US7, US8.5, US8, US9.5, US10, US11","UK3.5, UK4.5, UK6, UK5.5, UK6.5, UK7.5, UK8.5","37, 38, 40, 39, 41, 42, 43","BR34, BR35, BR37, BR36, BR38, BR39, BR40","EUR37(23.5), EUR38(24), EUR40(25.5), EUR39(25), EUR41(26), EUR42(26.5), EUR43(27)","CA6, CA7, CA8.5, CA8, CA9.5, CA10.5, CA11", Chic, Flat Sandals,, Star," Fringe,Zipper", Daily," Round Toe,Toe Post", Flat, 1*Sandals,
Star Print Studded Fringe Hem Sandals,$17.35,$23.13,Beige,SKU: LZT6515-bwsd-be,"""https://image.geeko.ltd/small/b16469a0-b166-48de-9547-ac6efb4ba03a-02418-pc"", ""https://image.geeko.ltd/small/b16469a0-b166-48de-9547-ac6efb4ba03a-02418-pc"", ""https://image.geeko.ltd/small/b16469a0-b166-48de-9547-ac6efb4ba03a-02418-pc-sec"", ""https://image.geeko.ltd/small/b16469a0-b166-48de-9547-ac6efb4ba03a-02418-pc-0"", ""https://image.geeko.ltd/small/b16469a0-b166-48de-9547-ac6efb4ba03a-02418-pc-1""","US6, US7, US8.5, US8, US9.5, US10, US11","UK3.5, UK4.5, UK6, UK5.5, UK6.5, UK7.5, UK8.5","37, 38, 40, 39, 41, 42, 43","BR34, BR35, BR37, BR36, BR38, BR39, BR40","EUR37(23.5), EUR38(24), EUR40(25.5), EUR39(25), EUR41(26), EUR42(26.5), EUR43(27)","CA6, CA7, CA8.5, CA8, CA9.5, CA10.5, CA11", Chic, Flat Sandals,, Star," Fringe,Zipper", Daily," Round Toe,Toe Post", Flat, 1*Sandals,
