Product Name,Price,Color,Image URLs,Highlights
Mother's Day Women's T Shirt Graphic Letter Casual Short Sleeve Round Neck Regular Tops Daily Print White Pink Sky Blue Summer,$19.99,,"https://litb-cgis.rightinthebox.com/images/170x226/202503/bps/product/inc/aqkzid1742825993098.jpg,https://litb-cgis.rightinthebox.com/images/170x226/202503/bps/product/inc/rohneq1742298549544.jpg,https://litb-cgis.rightinthebox.com/images/170x226/202503/bps/product/inc/vyiivq1742825995244.jpg,https://litb-cgis.rightinthebox.com/images/170x226/202503/bps/product/inc/xszcoz1742825996120.jpg","['- Stunning print design that will capture attention', '- Unique and eye-catching print to stand out from the crowd', '- Beautifully designed with intricate details', '- Printed with high-quality materials for a polished finished look']"
Mother's Day Women's T Shirt Graphic Letter Casual Short Sleeve Round Neck Regular Tops Daily Print White Pink Sky Blue Summer,$19.99,Sky Blue,"https://litb-cgis.rightinthebox.com/images/170x226/202503/bps/product/inc/aqkzid1742825993098.jpg,https://litb-cgis.rightinthebox.com/images/170x226/202503/bps/product/inc/rohneq1742298549544.jpg,https://litb-cgis.rightinthebox.com/images/170x226/202503/bps/product/inc/vyiivq1742825995244.jpg,https://litb-cgis.rightinthebox.com/images/170x226/202503/bps/product/inc/xszcoz1742825996120.jpg","['- Stunning print design that will capture attention', '- Unique and eye-catching print to stand out from the crowd', '- Beautifully designed with intricate details', '- Printed with high-quality materials for a polished finished look']"
Mother's Day Women's T Shirt Graphic Letter Casual Short Sleeve Round Neck Regular Tops Daily Print White Pink Sky Blue Summer,$19.99,Pink,"https://litb-cgis.rightinthebox.com/images/170x226/202503/bps/product/inc/aqkzid1742825993098.jpg,https://litb-cgis.rightinthebox.com/images/170x226/202503/bps/product/inc/rohneq1742298549544.jpg,https://litb-cgis.rightinthebox.com/images/170x226/202503/bps/product/inc/vyiivq1742825995244.jpg,https://litb-cgis.rightinthebox.com/images/170x226/202503/bps/product/inc/xszcoz1742825996120.jpg","['- Stunning print design that will capture attention', '- Unique and eye-catching print to stand out from the crowd', '- Beautifully designed with intricate details', '- Printed with high-quality materials for a polished finished look']"
Mother's Day Women's Mini Dress A Line Dress Summer Dress Off The Shoulder Dress Casual Semi Formal Party Daily Holiday Loose Fit Graphic Letter Sleeveless U Neck Black Gray Summer,$21.99,,"https://litb-cgis.rightinthebox.com/images/170x226/202503/bps/product/inc/tqataj1742203956826.jpg,https://litb-cgis.rightinthebox.com/images/170x226/202503/bps/product/inc/opywpg1742203958071.jpg,https://litb-cgis.rightinthebox.com/images/170x226/202503/bps/product/inc/mojwyj1742203959135.jpg,https://litb-cgis.rightinthebox.com/images/170x226/202503/bps/product/inc/wdbgon1742203960266.jpg","['- Loose Fit for comfortable wear', '- Eye-catching Print design', '- Flattering U Neckline for a feminine touch']"
Mother's Day Women's Mini Dress A Line Dress Summer Dress Off The Shoulder Dress Casual Semi Formal Party Daily Holiday Loose Fit Graphic Letter Sleeveless U Neck Black Gray Summer,$21.99,Gray,"https://litb-cgis.rightinthebox.com/images/170x226/202503/bps/product/inc/tqataj1742203956826.jpg,https://litb-cgis.rightinthebox.com/images/170x226/202503/bps/product/inc/opywpg1742203958071.jpg,https://litb-cgis.rightinthebox.com/images/170x226/202503/bps/product/inc/mojwyj1742203959135.jpg,https://litb-cgis.rightinthebox.com/images/170x226/202503/bps/product/inc/wdbgon1742203960266.jpg","['- Loose Fit for comfortable wear', '- Eye-catching Print design', '- Flattering U Neckline for a feminine touch']"
Women's T Shirt Letter Fashion Casual Long Sleeve Crew Neck Regular Tops Daily Print Black Spring Fall,$19.99,,"https://litb-cgis.rightinthebox.com/images/170x226/202411/bps/product/inc/jwvioz1731747640846.jpg,https://litb-cgis.rightinthebox.com/images/170x226/202411/bps/product/inc/qojibz1731747641634.jpg,https://litb-cgis.rightinthebox.com/images/170x226/202411/bps/product/inc/iehwqw1731747642393.jpg,https://litb-cgis.rightinthebox.com/images/170x226/202411/bps/product/inc/xbtwho1731580541172.jpg","[""[Fabric]: Crafted from premium polyester, this women's t-shirt offers a micro-elastic fit, ensuring ultimate comfort and ease of movement. The fabric is designed to be breathable and durable, making it suitable for both spring and fall seasons."", '[Fit & Style]: With a relaxed fit and a casual, fashion-forward design, this long-sleeve t-shirt is perfect for everyday wear. The crew neckline adds a classic touch, while the loose fit provides versatility and comfort.', '[Design Highlights]: Featuring a bold letter print that reads ""I HAVE TWO TITLES MOM & Grandma AND I ROCK THEM BOTH,"" this t-shirt is a perfect statement piece for proud moms and grandmas. The long sleeves provide extra coverage for cooler weather, making it a stylish choice for any casual outing.', '[Occasions]: Ideal for daily wear, this versatile t-shirt pairs effortlessly with jeans or casual pants, making it an excellent choice for casual gatherings, weekend outings, or relaxed family events. Its unique graphic print also makes it an ideal gift for family-focused occasions.', '[Size Range]: Available in sizes S, M, L, XL, and 2XL, this t-shirt ensures a comfortable fit for a variety of body types, allowing everyone to express their pride in being both a mom and a grandma.']"
Mother's Day Women's Camisole Tank Top Floral Graphic Daily Casual Sleeveless Crew Neck Regular Tops Daily Print Black Summer GOD MOTHER,$19.99,,"https://litb-cgis.rightinthebox.com/images/170x226/202503/bps/product/inc/tvifhf1741752335940.jpg,https://litb-cgis.rightinthebox.com/images/170x226/202503/bps/product/inc/coclce1741752337362.jpg","['Design: Stunning print that will make you stand out from the crowd', 'Neckline: Classic and flattering crew neck design']"
Mother's Day Women's Camisole Tank Top Graphic Letter Stylish Casual Sleeveless V Neck Regular Tops Daily Print Black White Pink Green Summer,$17.99,,"https://litb-cgis.rightinthebox.com/images/170x226/202503/bps/product/inc/cnpehb1742298598050.jpg,https://litb-cgis.rightinthebox.com/images/170x226/202503/bps/product/inc/oivuar1742298599335.jpg,https://litb-cgis.rightinthebox.com/images/170x226/202503/bps/product/inc/kstjio1742298600097.jpg,https://litb-cgis.rightinthebox.com/images/170x226/202503/bps/product/inc/koucwm1742298601537.jpg","['- Unique print design', '- Flattering V neck neckline', '- Stylish and eye-catching design']"
Mother's Day Women's Camisole Tank Top Graphic Letter Stylish Casual Sleeveless V Neck Regular Tops Daily Print Black White Pink Green Summer,$17.99,Black,"https://litb-cgis.rightinthebox.com/images/170x226/202503/bps/product/inc/cnpehb1742298598050.jpg,https://litb-cgis.rightinthebox.com/images/170x226/202503/bps/product/inc/oivuar1742298599335.jpg,https://litb-cgis.rightinthebox.com/images/170x226/202503/bps/product/inc/kstjio1742298600097.jpg,https://litb-cgis.rightinthebox.com/images/170x226/202503/bps/product/inc/koucwm1742298601537.jpg","['- Unique print design', '- Flattering V neck neckline', '- Stylish and eye-catching design']"
Mother's Day Women's Camisole Tank Top Graphic Letter Stylish Casual Sleeveless V Neck Regular Tops Daily Print Black White Pink Green Summer,$17.99,Green,"https://litb-cgis.rightinthebox.com/images/170x226/202503/bps/product/inc/cnpehb1742298598050.jpg,https://litb-cgis.rightinthebox.com/images/170x226/202503/bps/product/inc/oivuar1742298599335.jpg,https://litb-cgis.rightinthebox.com/images/170x226/202503/bps/product/inc/kstjio1742298600097.jpg,https://litb-cgis.rightinthebox.com/images/170x226/202503/bps/product/inc/koucwm1742298601537.jpg","['- Unique print design', '- Flattering V neck neckline', '- Stylish and eye-catching design']"
Mother's Day Women's Camisole Tank Top Graphic Letter Stylish Casual Sleeveless V Neck Regular Tops Daily Print Black White Pink Green Summer,$17.99,Pink,"https://litb-cgis.rightinthebox.com/images/170x226/202503/bps/product/inc/cnpehb1742298598050.jpg,https://litb-cgis.rightinthebox.com/images/170x226/202503/bps/product/inc/oivuar1742298599335.jpg,https://litb-cgis.rightinthebox.com/images/170x226/202503/bps/product/inc/kstjio1742298600097.jpg,https://litb-cgis.rightinthebox.com/images/170x226/202503/bps/product/inc/koucwm1742298601537.jpg","['- Unique print design', '- Flattering V neck neckline', '- Stylish and eye-catching design']"
Mother's Day Women's Mini Dress A Line Dress Summer Dress Slip Dress Off The Shoulder Dress Vacation Casual Daily Regular Fit Graphic Letter Sleeveless V Neck Black White Summer,$19.99,,"https://litb-cgis.rightinthebox.com/images/170x226/202503/bps/product/inc/yehnvp1742203969043.jpg,https://litb-cgis.rightinthebox.com/images/170x226/202503/bps/product/inc/cxwevx1742203970318.jpg","['- Elegant print design', '- Flattering V Neck neckline']"
Mother's Day Women's Mini Dress A Line Dress Summer Dress Slip Dress Off The Shoulder Dress Vacation Casual Daily Regular Fit Graphic Letter Sleeveless V Neck Black White Summer,$19.99,Black,"https://litb-cgis.rightinthebox.com/images/170x226/202503/bps/product/inc/yehnvp1742203969043.jpg,https://litb-cgis.rightinthebox.com/images/170x226/202503/bps/product/inc/cxwevx1742203970318.jpg","['- Elegant print design', '- Flattering V Neck neckline']"
Mother's Day Women's T Shirt Graphic Letter Cross Casual Short Sleeve Round Neck Regular Tops Daily Print Black Royal Blue Gray Summer,$19.99,,"https://litb-cgis.rightinthebox.com/images/170x226/202503/bps/product/inc/uelikb1742298540773.jpg,https://litb-cgis.rightinthebox.com/images/170x226/202503/bps/product/inc/vwaado1742298542056.jpg,https://litb-cgis.rightinthebox.com/images/170x226/202503/bps/product/inc/drikty1742298543197.jpg,https://litb-cgis.rightinthebox.com/images/170x226/202503/bps/product/inc/addtpm1742298544113.jpg",['Create beautiful and eye-catching designs with ease using our print feature. Stand out from the crowd and attract customers with your unique and creative products.']
Mother's Day Women's T Shirt Graphic Letter Cross Casual Short Sleeve Round Neck Regular Tops Daily Print Black Royal Blue Gray Summer,$19.99,Royal Blue,"https://litb-cgis.rightinthebox.com/images/170x226/202503/bps/product/inc/uelikb1742298540773.jpg,https://litb-cgis.rightinthebox.com/images/170x226/202503/bps/product/inc/vwaado1742298542056.jpg,https://litb-cgis.rightinthebox.com/images/170x226/202503/bps/product/inc/drikty1742298543197.jpg,https://litb-cgis.rightinthebox.com/images/170x226/202503/bps/product/inc/addtpm1742298544113.jpg",['Create beautiful and eye-catching designs with ease using our print feature. Stand out from the crowd and attract customers with your unique and creative products.']
Mother's Day Women's T Shirt Graphic Letter Cross Casual Short Sleeve Round Neck Regular Tops Daily Print Black Royal Blue Gray Summer,$19.99,Gray,"https://litb-cgis.rightinthebox.com/images/170x226/202503/bps/product/inc/uelikb1742298540773.jpg,https://litb-cgis.rightinthebox.com/images/170x226/202503/bps/product/inc/vwaado1742298542056.jpg,https://litb-cgis.rightinthebox.com/images/170x226/202503/bps/product/inc/drikty1742298543197.jpg,https://litb-cgis.rightinthebox.com/images/170x226/202503/bps/product/inc/addtpm1742298544113.jpg",['Create beautiful and eye-catching designs with ease using our print feature. Stand out from the crowd and attract customers with your unique and creative products.']
Mother's Day Women's T Shirt Graphic Letter Casual Short Sleeve Round Neck Regular Tops Daily Print Black Purple Green Summer,$19.99,,"https://litb-cgis.rightinthebox.com/images/170x226/202503/bps/product/inc/uripph1742826026160.jpg,https://litb-cgis.rightinthebox.com/images/170x226/202503/bps/product/inc/mkoduh1742825965853.jpg,https://litb-cgis.rightinthebox.com/images/170x226/202503/bps/product/inc/izllpm1742826027495.jpg,https://litb-cgis.rightinthebox.com/images/170x226/202503/bps/product/inc/fvkgqr1742826028545.jpg","['- Aesthetic Design: Featuring a vibrant and eye-catching print', '- Unique Style: Add a touch of personality and flair to your outfits', '- Trendy Look: Stay ahead of the fashion curve with this stylish design', '- Versatile: Perfect for pairing with a variety of clothing items', '- High-Quality: Made with durable materials to ensure long-lasting wear']"
Mother's Day Women's T Shirt Graphic Letter Casual Short Sleeve Round Neck Regular Tops Daily Print Black Purple Green Summer,$19.99,Green,"https://litb-cgis.rightinthebox.com/images/170x226/202503/bps/product/inc/uripph1742826026160.jpg,https://litb-cgis.rightinthebox.com/images/170x226/202503/bps/product/inc/mkoduh1742825965853.jpg,https://litb-cgis.rightinthebox.com/images/170x226/202503/bps/product/inc/izllpm1742826027495.jpg,https://litb-cgis.rightinthebox.com/images/170x226/202503/bps/product/inc/fvkgqr1742826028545.jpg","['- Aesthetic Design: Featuring a vibrant and eye-catching print', '- Unique Style: Add a touch of personality and flair to your outfits', '- Trendy Look: Stay ahead of the fashion curve with this stylish design', '- Versatile: Perfect for pairing with a variety of clothing items', '- High-Quality: Made with durable materials to ensure long-lasting wear']"
Mother's Day Women's T Shirt Graphic Letter Casual Short Sleeve Round Neck Regular Tops Daily Print Black Purple Green Summer,$19.99,Purple,"https://litb-cgis.rightinthebox.com/images/170x226/202503/bps/product/inc/uripph1742826026160.jpg,https://litb-cgis.rightinthebox.com/images/170x226/202503/bps/product/inc/mkoduh1742825965853.jpg,https://litb-cgis.rightinthebox.com/images/170x226/202503/bps/product/inc/izllpm1742826027495.jpg,https://litb-cgis.rightinthebox.com/images/170x226/202503/bps/product/inc/fvkgqr1742826028545.jpg","['- Aesthetic Design: Featuring a vibrant and eye-catching print', '- Unique Style: Add a touch of personality and flair to your outfits', '- Trendy Look: Stay ahead of the fashion curve with this stylish design', '- Versatile: Perfect for pairing with a variety of clothing items', '- High-Quality: Made with durable materials to ensure long-lasting wear']"
Mother's Day Women's T Shirt Floral Graphic Letter Casual Short Sleeve Round Neck Regular Tops Daily Print White Pink Blue Summer,$19.99,,"https://litb-cgis.rightinthebox.com/images/170x226/202503/bps/product/inc/mxyshi1742298554679.jpg,https://litb-cgis.rightinthebox.com/images/170x226/202503/bps/product/inc/dehfvy1742298555778.jpg,https://litb-cgis.rightinthebox.com/images/170x226/202503/bps/product/inc/bhnaxi1742298556591.jpg,https://litb-cgis.rightinthebox.com/images/170x226/202503/bps/product/inc/fpbrob1742298557793.jpg",['Stunning and vibrant designs that will catch the eye of customers.']
Mother's Day Women's T Shirt Floral Graphic Letter Casual Short Sleeve Round Neck Regular Tops Daily Print White Pink Blue Summer,$19.99,White,"https://litb-cgis.rightinthebox.com/images/170x226/202503/bps/product/inc/mxyshi1742298554679.jpg,https://litb-cgis.rightinthebox.com/images/170x226/202503/bps/product/inc/dehfvy1742298555778.jpg,https://litb-cgis.rightinthebox.com/images/170x226/202503/bps/product/inc/bhnaxi1742298556591.jpg,https://litb-cgis.rightinthebox.com/images/170x226/202503/bps/product/inc/fpbrob1742298557793.jpg",['Stunning and vibrant designs that will catch the eye of customers.']
Mother's Day Women's T Shirt Floral Graphic Letter Casual Short Sleeve Round Neck Regular Tops Daily Print White Pink Blue Summer,$19.99,Blue,"https://litb-cgis.rightinthebox.com/images/170x226/202503/bps/product/inc/mxyshi1742298554679.jpg,https://litb-cgis.rightinthebox.com/images/170x226/202503/bps/product/inc/dehfvy1742298555778.jpg,https://litb-cgis.rightinthebox.com/images/170x226/202503/bps/product/inc/bhnaxi1742298556591.jpg,https://litb-cgis.rightinthebox.com/images/170x226/202503/bps/product/inc/fpbrob1742298557793.jpg",['Stunning and vibrant designs that will catch the eye of customers.']
Mother's Day Women's Shirt Graphic Graffiti Elegant Short Sleeve Cap Sleeve Shirt Collar Long Tops Daily Rainbow Summer Spring,$25.99,,"https://litb-cgis.rightinthebox.com/images/170x226/202503/bps/product/inc/mpgrqt1741784620607.jpg,https://litb-cgis.rightinthebox.com/images/170x226/202503/bps/product/inc/wqwfve1741784622132.jpg,https://litb-cgis.rightinthebox.com/images/170x226/202503/bps/product/inc/feijgv1741784624275.jpg","['- The neckline features a stylish shirt collar design', '- Adds a touch of sophistication to any outfit', '- Perfect for both casual and formal occasions']"
Mother's Day Women's Camisole Tank Top Graphic Letter Stylish Casual Sleeveless V Neck Regular Tops Daily Print Black White Pink Summer,$17.99,,"https://litb-cgis.rightinthebox.com/images/170x226/202503/bps/product/inc/samdll1742298605402.jpg,https://litb-cgis.rightinthebox.com/images/170x226/202503/bps/product/inc/atmmpy1742298580419.jpg,https://litb-cgis.rightinthebox.com/images/170x226/202503/bps/product/inc/acellt1742298607288.jpg,https://litb-cgis.rightinthebox.com/images/170x226/202503/bps/product/inc/tsfqxk1742298608512.jpg","['- Stylish print design', '- Flattering V neckline']"
Mother's Day Women's Camisole Tank Top Graphic Letter Stylish Casual Sleeveless V Neck Regular Tops Daily Print Black White Pink Summer,$17.99,White,"https://litb-cgis.rightinthebox.com/images/170x226/202503/bps/product/inc/samdll1742298605402.jpg,https://litb-cgis.rightinthebox.com/images/170x226/202503/bps/product/inc/atmmpy1742298580419.jpg,https://litb-cgis.rightinthebox.com/images/170x226/202503/bps/product/inc/acellt1742298607288.jpg,https://litb-cgis.rightinthebox.com/images/170x226/202503/bps/product/inc/tsfqxk1742298608512.jpg","['- Stylish print design', '- Flattering V neckline']"
Mother's Day Women's Camisole Tank Top Graphic Letter Stylish Casual Sleeveless V Neck Regular Tops Daily Print Black White Pink Summer,$17.99,Pink,"https://litb-cgis.rightinthebox.com/images/170x226/202503/bps/product/inc/samdll1742298605402.jpg,https://litb-cgis.rightinthebox.com/images/170x226/202503/bps/product/inc/atmmpy1742298580419.jpg,https://litb-cgis.rightinthebox.com/images/170x226/202503/bps/product/inc/acellt1742298607288.jpg,https://litb-cgis.rightinthebox.com/images/170x226/202503/bps/product/inc/tsfqxk1742298608512.jpg","['- Stylish print design', '- Flattering V neckline']"
Mother's Day Women's T Shirt Heart Graphic Stylish Casual Short Sleeve Round Neck Regular Tops Daily Weekend Print White Summer Spring,$19.99,,"https://litb-cgis.rightinthebox.com/images/170x226/202503/bps/product/inc/hjvbxo1741950928859.jpg,https://litb-cgis.rightinthebox.com/images/170x226/202503/bps/product/inc/tnuhud1741950623229.jpg,https://litb-cgis.rightinthebox.com/images/170x226/202503/bps/product/inc/mokyte1741950931439.jpg","['- Stunning print design', '- Eye-catching and unique prints', '- Elevate your style with our print designs', '- Stand out from the crowd with our trendy prints', '- Add a touch of personality with our printed products']"
Mother's Day Women's T Shirt Cotton Shirt Mom Graphic Dog Casual Short Sleeve Round Neck Regular Tops Daily Print Black White Summer,$19.99,,"https://litb-cgis.rightinthebox.com/images/170x226/202503/bps/product/inc/wbspev1741694445703.jpg,https://litb-cgis.rightinthebox.com/images/170x226/202503/bps/product/inc/lmjqgs1741602928406.jpg,https://litb-cgis.rightinthebox.com/images/170x226/202503/bps/product/inc/lhxfzn1741694448299.jpg,https://litb-cgis.rightinthebox.com/images/170x226/202503/bps/product/inc/hrpxti1741694450128.jpg","['- Unique and eye-catching design', '- Vibrant and beautiful print', '- Stand out from the crowd with our stylish designs', '- Add a touch of personality to your wardrobe with our printed products', '- Perfect for adding a pop of color to any outfit']"
Mother's Day Women's T Shirt Cotton Shirt Mom Graphic Dog Casual Short Sleeve Round Neck Regular Tops Daily Print Black White Summer,$19.99,White,"https://litb-cgis.rightinthebox.com/images/170x226/202503/bps/product/inc/wbspev1741694445703.jpg,https://litb-cgis.rightinthebox.com/images/170x226/202503/bps/product/inc/lmjqgs1741602928406.jpg,https://litb-cgis.rightinthebox.com/images/170x226/202503/bps/product/inc/lhxfzn1741694448299.jpg,https://litb-cgis.rightinthebox.com/images/170x226/202503/bps/product/inc/hrpxti1741694450128.jpg","['- Unique and eye-catching design', '- Vibrant and beautiful print', '- Stand out from the crowd with our stylish designs', '- Add a touch of personality to your wardrobe with our printed products', '- Perfect for adding a pop of color to any outfit']"
Mother's Day Women's T Shirt Graphic Letter Casual Short Sleeve Round Neck Regular Tops Daily Weekend Print Black Summer Spring MOM,$19.99,,"https://litb-cgis.rightinthebox.com/images/170x226/202503/bps/product/inc/nilxep1742204052653.jpg,https://litb-cgis.rightinthebox.com/images/170x226/202503/bps/product/inc/mqldmx1741950170919.jpg","['- Unique and eye-catching graphic designs', '- High-quality printing for a professional finish', '- Customize your products with personalized prints', '- Stand out from the crowd with our stylish design options']"
Mother's Day Women's T Shirt Graphic Letter Stylish Casual Short Sleeve Crew Neck Regular Tops Daily Weekend Print Wine Summer Spring,$19.99,,"https://litb-cgis.rightinthebox.com/images/170x226/202503/bps/product/inc/alqrgf1741528075159.jpg,https://litb-cgis.rightinthebox.com/images/170x226/202503/bps/product/inc/lrukei1741528076513.jpg,https://litb-cgis.rightinthebox.com/images/170x226/202503/bps/product/inc/cahzge1741528077526.jpg","['- High-quality print design', '- Stylish crew neckline']"
Mother's Day Women's T Shirt Cotton Shirt Heart Mom Graphic Casual Short Sleeve Round Neck Regular Tops Daily Print Black White Summer,$19.99,,"https://litb-cgis.rightinthebox.com/images/170x226/202503/bps/product/inc/iwluyy1741950665905.jpg,https://litb-cgis.rightinthebox.com/images/170x226/202503/bps/product/inc/lmjqgs1741602928406.jpg,https://litb-cgis.rightinthebox.com/images/170x226/202503/bps/product/inc/wedsjf1741950668928.jpg,https://litb-cgis.rightinthebox.com/images/170x226/202503/bps/product/inc/czpucz1741950670858.jpg","['- Eye-catching printed design', '- Stand out with our unique prints', '- Express your personal style with our printed products']"
Mother's Day Women's T Shirt Cotton Shirt Heart Mom Graphic Casual Short Sleeve Round Neck Regular Tops Daily Print Black White Summer,$19.99,White,"https://litb-cgis.rightinthebox.com/images/170x226/202503/bps/product/inc/iwluyy1741950665905.jpg,https://litb-cgis.rightinthebox.com/images/170x226/202503/bps/product/inc/lmjqgs1741602928406.jpg,https://litb-cgis.rightinthebox.com/images/170x226/202503/bps/product/inc/wedsjf1741950668928.jpg,https://litb-cgis.rightinthebox.com/images/170x226/202503/bps/product/inc/czpucz1741950670858.jpg","['- Eye-catching printed design', '- Stand out with our unique prints', '- Express your personal style with our printed products']"
Mother's Day Women's T Shirt Graphic Butterfly Letter Stylish Casual Short Sleeve V Neck Regular Tops Daily Print White Pink Blue Summer,$19.99,,"https://litb-cgis.rightinthebox.com/images/170x226/202503/bps/product/inc/tkbqpk1742298567501.jpg,https://litb-cgis.rightinthebox.com/images/170x226/202503/bps/product/inc/dehfvy1742298555778.jpg,https://litb-cgis.rightinthebox.com/images/170x226/202503/bps/product/inc/rzlpvx1742298569399.jpg,https://litb-cgis.rightinthebox.com/images/170x226/202503/bps/product/inc/fwglxr1742298570280.jpg","['- Sleek and stylish design with a modern print', '- Flattering V-neck neckline for a touch of elegance']"
Mother's Day Women's T Shirt Graphic Butterfly Letter Stylish Casual Short Sleeve V Neck Regular Tops Daily Print White Pink Blue Summer,$19.99,White,"https://litb-cgis.rightinthebox.com/images/170x226/202503/bps/product/inc/tkbqpk1742298567501.jpg,https://litb-cgis.rightinthebox.com/images/170x226/202503/bps/product/inc/dehfvy1742298555778.jpg,https://litb-cgis.rightinthebox.com/images/170x226/202503/bps/product/inc/rzlpvx1742298569399.jpg,https://litb-cgis.rightinthebox.com/images/170x226/202503/bps/product/inc/fwglxr1742298570280.jpg","['- Sleek and stylish design with a modern print', '- Flattering V-neck neckline for a touch of elegance']"
Mother's Day Women's T Shirt Graphic Butterfly Letter Stylish Casual Short Sleeve V Neck Regular Tops Daily Print White Pink Blue Summer,$19.99,Blue,"https://litb-cgis.rightinthebox.com/images/170x226/202503/bps/product/inc/tkbqpk1742298567501.jpg,https://litb-cgis.rightinthebox.com/images/170x226/202503/bps/product/inc/dehfvy1742298555778.jpg,https://litb-cgis.rightinthebox.com/images/170x226/202503/bps/product/inc/rzlpvx1742298569399.jpg,https://litb-cgis.rightinthebox.com/images/170x226/202503/bps/product/inc/fwglxr1742298570280.jpg","['- Sleek and stylish design with a modern print', '- Flattering V-neck neckline for a touch of elegance']"
Mother's Day Women's T Shirt Heart Graphic Letter Casual Short Sleeve V Neck Regular Tops Daily Weekend Print Yellow Pink Purple Green Gray Summer Spring,$19.99,,"https://litb-cgis.rightinthebox.com/images/170x226/202503/bps/product/inc/avgqvw1741950608716.jpg,https://litb-cgis.rightinthebox.com/images/170x226/202503/bps/product/inc/wczbxq1741950610719.jpg,https://litb-cgis.rightinthebox.com/images/170x226/202503/bps/product/inc/gdgvdh1741950612571.jpg,https://litb-cgis.rightinthebox.com/images/170x226/202503/bps/product/inc/jioioy1741950614399.jpg","['- Beautifully designed with a stylish print', '- Flattering V neck neckline for a chic look']"
Mother's Day Women's T Shirt Heart Graphic Letter Casual Short Sleeve V Neck Regular Tops Daily Weekend Print Yellow Pink Purple Green Gray Summer Spring,$19.99,Purple,"https://litb-cgis.rightinthebox.com/images/170x226/202503/bps/product/inc/avgqvw1741950608716.jpg,https://litb-cgis.rightinthebox.com/images/170x226/202503/bps/product/inc/wczbxq1741950610719.jpg,https://litb-cgis.rightinthebox.com/images/170x226/202503/bps/product/inc/gdgvdh1741950612571.jpg,https://litb-cgis.rightinthebox.com/images/170x226/202503/bps/product/inc/jioioy1741950614399.jpg","['- Beautifully designed with a stylish print', '- Flattering V neck neckline for a chic look']"
Mother's Day Women's T Shirt Heart Graphic Letter Casual Short Sleeve V Neck Regular Tops Daily Weekend Print Yellow Pink Purple Green Gray Summer Spring,$19.99,Green,"https://litb-cgis.rightinthebox.com/images/170x226/202503/bps/product/inc/avgqvw1741950608716.jpg,https://litb-cgis.rightinthebox.com/images/170x226/202503/bps/product/inc/wczbxq1741950610719.jpg,https://litb-cgis.rightinthebox.com/images/170x226/202503/bps/product/inc/gdgvdh1741950612571.jpg,https://litb-cgis.rightinthebox.com/images/170x226/202503/bps/product/inc/jioioy1741950614399.jpg","['- Beautifully designed with a stylish print', '- Flattering V neck neckline for a chic look']"
Mother's Day Women's T Shirt Heart Graphic Letter Casual Short Sleeve V Neck Regular Tops Daily Weekend Print Yellow Pink Purple Green Gray Summer Spring,$19.99,Yellow,"https://litb-cgis.rightinthebox.com/images/170x226/202503/bps/product/inc/avgqvw1741950608716.jpg,https://litb-cgis.rightinthebox.com/images/170x226/202503/bps/product/inc/wczbxq1741950610719.jpg,https://litb-cgis.rightinthebox.com/images/170x226/202503/bps/product/inc/gdgvdh1741950612571.jpg,https://litb-cgis.rightinthebox.com/images/170x226/202503/bps/product/inc/jioioy1741950614399.jpg","['- Beautifully designed with a stylish print', '- Flattering V neck neckline for a chic look']"
Mother's Day Women's T Shirt Heart Graphic Letter Casual Short Sleeve V Neck Regular Tops Daily Weekend Print Yellow Pink Purple Green Gray Summer Spring,$19.99,Gray,"https://litb-cgis.rightinthebox.com/images/170x226/202503/bps/product/inc/avgqvw1741950608716.jpg,https://litb-cgis.rightinthebox.com/images/170x226/202503/bps/product/inc/wczbxq1741950610719.jpg,https://litb-cgis.rightinthebox.com/images/170x226/202503/bps/product/inc/gdgvdh1741950612571.jpg,https://litb-cgis.rightinthebox.com/images/170x226/202503/bps/product/inc/jioioy1741950614399.jpg","['- Beautifully designed with a stylish print', '- Flattering V neck neckline for a chic look']"
Mother's Day Women's T Shirt Graphic Letter Casual Short Sleeve V Neck Regular Tops Daily Weekend Print Black Yellow Pink Blue Purple Summer Spring MOM,$19.99,,"https://litb-cgis.rightinthebox.com/images/170x226/202503/bps/product/inc/nlerdz1742204064575.jpg,https://litb-cgis.rightinthebox.com/images/170x226/202503/bps/product/inc/ickglv1742204065932.jpg,https://litb-cgis.rightinthebox.com/images/170x226/202503/bps/product/inc/mqldmx1741950170919.jpg,https://litb-cgis.rightinthebox.com/images/170x226/202503/bps/product/inc/odsmqm1742204068237.jpg","['- Stunning Print Design', '- Flattering V Neckline']"
Mother's Day Women's T Shirt Graphic Letter Casual Short Sleeve V Neck Regular Tops Daily Weekend Print Black Yellow Pink Blue Purple Summer Spring MOM,$19.99,Black,"https://litb-cgis.rightinthebox.com/images/170x226/202503/bps/product/inc/nlerdz1742204064575.jpg,https://litb-cgis.rightinthebox.com/images/170x226/202503/bps/product/inc/ickglv1742204065932.jpg,https://litb-cgis.rightinthebox.com/images/170x226/202503/bps/product/inc/mqldmx1741950170919.jpg,https://litb-cgis.rightinthebox.com/images/170x226/202503/bps/product/inc/odsmqm1742204068237.jpg","['- Stunning Print Design', '- Flattering V Neckline']"
Mother's Day Women's T Shirt Graphic Letter Casual Short Sleeve V Neck Regular Tops Daily Weekend Print Black Yellow Pink Blue Purple Summer Spring MOM,$19.99,Blue,"https://litb-cgis.rightinthebox.com/images/170x226/202503/bps/product/inc/nlerdz1742204064575.jpg,https://litb-cgis.rightinthebox.com/images/170x226/202503/bps/product/inc/ickglv1742204065932.jpg,https://litb-cgis.rightinthebox.com/images/170x226/202503/bps/product/inc/mqldmx1741950170919.jpg,https://litb-cgis.rightinthebox.com/images/170x226/202503/bps/product/inc/odsmqm1742204068237.jpg","['- Stunning Print Design', '- Flattering V Neckline']"
Mother's Day Women's T Shirt Graphic Letter Casual Short Sleeve V Neck Regular Tops Daily Weekend Print Black Yellow Pink Blue Purple Summer Spring MOM,$19.99,Yellow,"https://litb-cgis.rightinthebox.com/images/170x226/202503/bps/product/inc/nlerdz1742204064575.jpg,https://litb-cgis.rightinthebox.com/images/170x226/202503/bps/product/inc/ickglv1742204065932.jpg,https://litb-cgis.rightinthebox.com/images/170x226/202503/bps/product/inc/mqldmx1741950170919.jpg,https://litb-cgis.rightinthebox.com/images/170x226/202503/bps/product/inc/odsmqm1742204068237.jpg","['- Stunning Print Design', '- Flattering V Neckline']"
Mother's Day Women's T Shirt Graphic Letter Casual Short Sleeve V Neck Regular Tops Daily Weekend Print Black Yellow Pink Blue Purple Summer Spring MOM,$19.99,Pink,"https://litb-cgis.rightinthebox.com/images/170x226/202503/bps/product/inc/nlerdz1742204064575.jpg,https://litb-cgis.rightinthebox.com/images/170x226/202503/bps/product/inc/ickglv1742204065932.jpg,https://litb-cgis.rightinthebox.com/images/170x226/202503/bps/product/inc/mqldmx1741950170919.jpg,https://litb-cgis.rightinthebox.com/images/170x226/202503/bps/product/inc/odsmqm1742204068237.jpg","['- Stunning Print Design', '- Flattering V Neckline']"
Mother's Day Women's T Shirt Cotton Shirt Heart Mom Graphic Casual Short Sleeve Round Neck Regular Tops Daily Print Black White Summer,$19.99,,"https://litb-cgis.rightinthebox.com/images/170x226/202503/bps/product/inc/pnhzuv1741950652201.jpg,https://litb-cgis.rightinthebox.com/images/170x226/202503/bps/product/inc/lmjqgs1741602928406.jpg,https://litb-cgis.rightinthebox.com/images/170x226/202503/bps/product/inc/iokwws1741950654958.jpg,https://litb-cgis.rightinthebox.com/images/170x226/202503/bps/product/inc/apppaj1741950656878.jpg","['- Stunning design with vibrant prints', '- Eye-catching and attention-grabbing visuals', '- Unique and stylish print patterns', '- Perfect for adding a pop of color to any outfit', '- High-quality craftsmanship in every detail']"
Mother's Day Women's T Shirt Cotton Shirt Heart Mom Graphic Casual Short Sleeve Round Neck Regular Tops Daily Print Black White Summer,$19.99,White,"https://litb-cgis.rightinthebox.com/images/170x226/202503/bps/product/inc/pnhzuv1741950652201.jpg,https://litb-cgis.rightinthebox.com/images/170x226/202503/bps/product/inc/lmjqgs1741602928406.jpg,https://litb-cgis.rightinthebox.com/images/170x226/202503/bps/product/inc/iokwws1741950654958.jpg,https://litb-cgis.rightinthebox.com/images/170x226/202503/bps/product/inc/apppaj1741950656878.jpg","['- Stunning design with vibrant prints', '- Eye-catching and attention-grabbing visuals', '- Unique and stylish print patterns', '- Perfect for adding a pop of color to any outfit', '- High-quality craftsmanship in every detail']"
Mother's Day Women's T Shirt Cotton Shirt Floral Mom Graphic Casual Short Sleeve Round Neck Regular Tops Daily Print White Summer,$19.99,,"https://litb-cgis.rightinthebox.com/images/170x226/202503/bps/product/inc/fjptod1741950659069.jpg,https://litb-cgis.rightinthebox.com/images/170x226/202503/bps/product/inc/sookmh1741950660880.jpg,https://litb-cgis.rightinthebox.com/images/170x226/202503/bps/product/inc/qoigyp1741950662635.jpg","['- Unique and eye-catching print design', '- Adds style and personality to any product', '- Stand out from the crowd with our trendy prints', '- Ensures a fashionable and modern look']"
Mother's Day Women's Blouse Mom Bear Letter Casual Short Sleeve V Neck Regular Tops Daily Going out Beach Wear Print Black White Summer,$24.99,,"https://litb-cgis.rightinthebox.com/images/170x226/202503/bps/product/inc/dqxfmh1741950640393.jpg,https://litb-cgis.rightinthebox.com/images/170x226/202503/bps/product/inc/njzzva1741694415152.jpg,https://litb-cgis.rightinthebox.com/images/170x226/202503/bps/product/inc/cflncq1741950643475.jpg,https://litb-cgis.rightinthebox.com/images/170x226/202503/bps/product/inc/zboofl1741950645248.jpg","['- Stunning print design that will make you stand out', '- Flattering V neck neckline for a sleek and chic look']"
Mother's Day Women's Blouse Mom Bear Letter Casual Short Sleeve V Neck Regular Tops Daily Going out Beach Wear Print Black White Summer,$24.99,White,"https://litb-cgis.rightinthebox.com/images/170x226/202503/bps/product/inc/dqxfmh1741950640393.jpg,https://litb-cgis.rightinthebox.com/images/170x226/202503/bps/product/inc/njzzva1741694415152.jpg,https://litb-cgis.rightinthebox.com/images/170x226/202503/bps/product/inc/cflncq1741950643475.jpg,https://litb-cgis.rightinthebox.com/images/170x226/202503/bps/product/inc/zboofl1741950645248.jpg","['- Stunning print design that will make you stand out', '- Flattering V neck neckline for a sleek and chic look']"
Mother's Day Women's T Shirt Graphic Letter Stylish Casual Short Sleeve V Neck Regular Tops Daily Print White Pink Gray Summer,$19.99,,"https://litb-cgis.rightinthebox.com/images/170x226/202503/bps/product/inc/vfbsuj1742298573917.jpg,https://litb-cgis.rightinthebox.com/images/170x226/202503/bps/product/inc/rohneq1742298549544.jpg,https://litb-cgis.rightinthebox.com/images/170x226/202503/bps/product/inc/onohjd1742298576007.jpg,https://litb-cgis.rightinthebox.com/images/170x226/202503/bps/product/inc/tvjsqs1742298577669.jpg","['- Stunning print design', '- Flattering V Neck neckline']"
Mother's Day Women's T Shirt Graphic Letter Stylish Casual Short Sleeve V Neck Regular Tops Daily Print White Pink Gray Summer,$19.99,Pink,"https://litb-cgis.rightinthebox.com/images/170x226/202503/bps/product/inc/vfbsuj1742298573917.jpg,https://litb-cgis.rightinthebox.com/images/170x226/202503/bps/product/inc/rohneq1742298549544.jpg,https://litb-cgis.rightinthebox.com/images/170x226/202503/bps/product/inc/onohjd1742298576007.jpg,https://litb-cgis.rightinthebox.com/images/170x226/202503/bps/product/inc/tvjsqs1742298577669.jpg","['- Stunning print design', '- Flattering V Neck neckline']"
Mother's Day Women's T Shirt Graphic Letter Stylish Casual Short Sleeve V Neck Regular Tops Daily Print White Pink Gray Summer,$19.99,Gray,"https://litb-cgis.rightinthebox.com/images/170x226/202503/bps/product/inc/vfbsuj1742298573917.jpg,https://litb-cgis.rightinthebox.com/images/170x226/202503/bps/product/inc/rohneq1742298549544.jpg,https://litb-cgis.rightinthebox.com/images/170x226/202503/bps/product/inc/onohjd1742298576007.jpg,https://litb-cgis.rightinthebox.com/images/170x226/202503/bps/product/inc/tvjsqs1742298577669.jpg","['- Stunning print design', '- Flattering V Neck neckline']"
Mother's Day Women's T Shirt Floral Graphic Letter Casual Short Sleeve Round Neck Regular Tops Daily Print Black White Green Summer,$19.99,,"https://litb-cgis.rightinthebox.com/images/170x226/202503/bps/product/inc/vtacno1742826115569.jpg,https://litb-cgis.rightinthebox.com/images/170x226/202503/bps/product/inc/fgctoz1742825961400.jpg,https://litb-cgis.rightinthebox.com/images/170x226/202503/bps/product/inc/nqdbky1742826117299.jpg,https://litb-cgis.rightinthebox.com/images/170x226/202503/bps/product/inc/ipwhxm1742826118127.jpg","['- Stand out with a trendy and eye-catching design', '- Express your unique style with customizable prints', '- Enhance the appeal of your product with prints that pop', '- Make a statement with a design that speaks volumes', '- Create a lasting impression with a print that stands out']"
Mother's Day Women's T Shirt Floral Graphic Letter Casual Short Sleeve Round Neck Regular Tops Daily Print Black White Green Summer,$19.99,White,"https://litb-cgis.rightinthebox.com/images/170x226/202503/bps/product/inc/vtacno1742826115569.jpg,https://litb-cgis.rightinthebox.com/images/170x226/202503/bps/product/inc/fgctoz1742825961400.jpg,https://litb-cgis.rightinthebox.com/images/170x226/202503/bps/product/inc/nqdbky1742826117299.jpg,https://litb-cgis.rightinthebox.com/images/170x226/202503/bps/product/inc/ipwhxm1742826118127.jpg","['- Stand out with a trendy and eye-catching design', '- Express your unique style with customizable prints', '- Enhance the appeal of your product with prints that pop', '- Make a statement with a design that speaks volumes', '- Create a lasting impression with a print that stands out']"
Mother's Day Women's T Shirt Floral Graphic Letter Casual Short Sleeve Round Neck Regular Tops Daily Print Black White Green Summer,$19.99,Black,"https://litb-cgis.rightinthebox.com/images/170x226/202503/bps/product/inc/vtacno1742826115569.jpg,https://litb-cgis.rightinthebox.com/images/170x226/202503/bps/product/inc/fgctoz1742825961400.jpg,https://litb-cgis.rightinthebox.com/images/170x226/202503/bps/product/inc/nqdbky1742826117299.jpg,https://litb-cgis.rightinthebox.com/images/170x226/202503/bps/product/inc/ipwhxm1742826118127.jpg","['- Stand out with a trendy and eye-catching design', '- Express your unique style with customizable prints', '- Enhance the appeal of your product with prints that pop', '- Make a statement with a design that speaks volumes', '- Create a lasting impression with a print that stands out']"
Mother's Day Women's T Shirt Graphic Letter Casual Short Sleeve Round Neck Regular Tops Daily Weekend Print Black Blue Green Summer Spring,$19.99,,"https://litb-cgis.rightinthebox.com/images/170x226/202503/bps/product/inc/dcqwas1741950679419.jpg,https://litb-cgis.rightinthebox.com/images/170x226/202503/bps/product/inc/zeqbrw1741950680409.jpg,https://litb-cgis.rightinthebox.com/images/170x226/202503/bps/product/inc/cfwtbp1741752272172.jpg,https://litb-cgis.rightinthebox.com/images/170x226/202503/bps/product/inc/jxnycu1741950682026.jpg","['- Stunning printed design', '- Eye-catching print', '- Unique and appealing design', '- Vibrant print that stands out', '- Beautifully printed product']"
Mother's Day Women's T Shirt Graphic Letter Casual Short Sleeve Round Neck Regular Tops Daily Weekend Print Black Blue Green Summer Spring,$19.99,Green,"https://litb-cgis.rightinthebox.com/images/170x226/202503/bps/product/inc/dcqwas1741950679419.jpg,https://litb-cgis.rightinthebox.com/images/170x226/202503/bps/product/inc/zeqbrw1741950680409.jpg,https://litb-cgis.rightinthebox.com/images/170x226/202503/bps/product/inc/cfwtbp1741752272172.jpg,https://litb-cgis.rightinthebox.com/images/170x226/202503/bps/product/inc/jxnycu1741950682026.jpg","['- Stunning printed design', '- Eye-catching print', '- Unique and appealing design', '- Vibrant print that stands out', '- Beautifully printed product']"
Mother's Day Women's T Shirt Graphic Letter Casual Short Sleeve Round Neck Regular Tops Daily Weekend Print Black Blue Green Summer Spring,$19.99,Blue,"https://litb-cgis.rightinthebox.com/images/170x226/202503/bps/product/inc/dcqwas1741950679419.jpg,https://litb-cgis.rightinthebox.com/images/170x226/202503/bps/product/inc/zeqbrw1741950680409.jpg,https://litb-cgis.rightinthebox.com/images/170x226/202503/bps/product/inc/cfwtbp1741752272172.jpg,https://litb-cgis.rightinthebox.com/images/170x226/202503/bps/product/inc/jxnycu1741950682026.jpg","['- Stunning printed design', '- Eye-catching print', '- Unique and appealing design', '- Vibrant print that stands out', '- Beautifully printed product']"
Mother's Day Women's T Shirt Floral Graphic Butterfly Casual Short Sleeve V Neck Regular Tops Daily Weekend Print White Yellow Dusty Rose Dusty Blue Summer Spring,$19.99,,"https://litb-cgis.rightinthebox.com/images/170x226/202503/bps/product/inc/qrfvtm1741950600556.jpg,https://litb-cgis.rightinthebox.com/images/170x226/202503/bps/product/inc/moydlx1741950602794.jpg,https://litb-cgis.rightinthebox.com/images/170x226/202503/bps/product/inc/fsvrlq1741950604989.jpg,https://litb-cgis.rightinthebox.com/images/170x226/202503/bps/product/inc/zgnaqz1741950606981.jpg","['- Stunning Print design', '- Flattering V Neckline']"
Mother's Day Women's T Shirt Floral Graphic Butterfly Casual Short Sleeve V Neck Regular Tops Daily Weekend Print White Yellow Dusty Rose Dusty Blue Summer Spring,$19.99,Dusty Rose,"https://litb-cgis.rightinthebox.com/images/170x226/202503/bps/product/inc/qrfvtm1741950600556.jpg,https://litb-cgis.rightinthebox.com/images/170x226/202503/bps/product/inc/moydlx1741950602794.jpg,https://litb-cgis.rightinthebox.com/images/170x226/202503/bps/product/inc/fsvrlq1741950604989.jpg,https://litb-cgis.rightinthebox.com/images/170x226/202503/bps/product/inc/zgnaqz1741950606981.jpg","['- Stunning Print design', '- Flattering V Neckline']"
Mother's Day Women's T Shirt Floral Graphic Butterfly Casual Short Sleeve V Neck Regular Tops Daily Weekend Print White Yellow Dusty Rose Dusty Blue Summer Spring,$19.99,Yellow,"https://litb-cgis.rightinthebox.com/images/170x226/202503/bps/product/inc/qrfvtm1741950600556.jpg,https://litb-cgis.rightinthebox.com/images/170x226/202503/bps/product/inc/moydlx1741950602794.jpg,https://litb-cgis.rightinthebox.com/images/170x226/202503/bps/product/inc/fsvrlq1741950604989.jpg,https://litb-cgis.rightinthebox.com/images/170x226/202503/bps/product/inc/zgnaqz1741950606981.jpg","['- Stunning Print design', '- Flattering V Neckline']"
Mother's Day Women's T Shirt Floral Graphic Butterfly Casual Short Sleeve V Neck Regular Tops Daily Weekend Print White Yellow Dusty Rose Dusty Blue Summer Spring,$19.99,White,"https://litb-cgis.rightinthebox.com/images/170x226/202503/bps/product/inc/qrfvtm1741950600556.jpg,https://litb-cgis.rightinthebox.com/images/170x226/202503/bps/product/inc/moydlx1741950602794.jpg,https://litb-cgis.rightinthebox.com/images/170x226/202503/bps/product/inc/fsvrlq1741950604989.jpg,https://litb-cgis.rightinthebox.com/images/170x226/202503/bps/product/inc/zgnaqz1741950606981.jpg","['- Stunning Print design', '- Flattering V Neckline']"
Women's T Shirt Cotton Shirt Floral Graphic Casual Short Sleeve Round Neck Regular Tops Daily Print Pink off-white Light Blue Summer,$19.99,,"https://litb-cgis.rightinthebox.com/images/170x226/202503/bps/product/inc/elhljg1742209173060.jpg,https://litb-cgis.rightinthebox.com/images/170x226/202503/bps/product/inc/bjsolv1742209174956.jpg,https://litb-cgis.rightinthebox.com/images/170x226/202503/bps/product/inc/xkdhqo1742209177219.jpg,https://litb-cgis.rightinthebox.com/images/170x226/202503/bps/product/inc/ylckqs1742209179000.jpg","['- Beautiful and eye-catching design', '- High-quality printing', '- Make a statement with our stunning printed products', '- Stand out from the crowd with our unique designs']"
Women's T Shirt Cotton Shirt Floral Graphic Casual Short Sleeve Round Neck Regular Tops Daily Print Pink off-white Light Blue Summer,$19.99,Light Blue,"https://litb-cgis.rightinthebox.com/images/170x226/202503/bps/product/inc/elhljg1742209173060.jpg,https://litb-cgis.rightinthebox.com/images/170x226/202503/bps/product/inc/bjsolv1742209174956.jpg,https://litb-cgis.rightinthebox.com/images/170x226/202503/bps/product/inc/xkdhqo1742209177219.jpg,https://litb-cgis.rightinthebox.com/images/170x226/202503/bps/product/inc/ylckqs1742209179000.jpg","['- Beautiful and eye-catching design', '- High-quality printing', '- Make a statement with our stunning printed products', '- Stand out from the crowd with our unique designs']"
Women's T Shirt Cotton Shirt Floral Graphic Casual Short Sleeve Round Neck Regular Tops Daily Print Pink off-white Light Blue Summer,$19.99,Pink,"https://litb-cgis.rightinthebox.com/images/170x226/202503/bps/product/inc/elhljg1742209173060.jpg,https://litb-cgis.rightinthebox.com/images/170x226/202503/bps/product/inc/bjsolv1742209174956.jpg,https://litb-cgis.rightinthebox.com/images/170x226/202503/bps/product/inc/xkdhqo1742209177219.jpg,https://litb-cgis.rightinthebox.com/images/170x226/202503/bps/product/inc/ylckqs1742209179000.jpg","['- Beautiful and eye-catching design', '- High-quality printing', '- Make a statement with our stunning printed products', '- Stand out from the crowd with our unique designs']"
Mother's Day Women's T Shirt Graphic Letter Casual Short Sleeve Round Neck Regular Tops Daily Print Black Navy Blue Purple Summer,$19.99,,"https://litb-cgis.rightinthebox.com/images/170x226/202503/bps/product/inc/blkvfo1742826007176.jpg,https://litb-cgis.rightinthebox.com/images/170x226/202503/bps/product/inc/mkoduh1742825965853.jpg,https://litb-cgis.rightinthebox.com/images/170x226/202503/bps/product/inc/symfbn1742826008636.jpg,https://litb-cgis.rightinthebox.com/images/170x226/202503/bps/product/inc/gepvjl1742826009658.jpg","['- Featuring a beautiful printed design', '- Eye-catching print adds a stylish touch', '- Stunning print that will make a statement']"
Mother's Day Women's T Shirt Graphic Letter Casual Short Sleeve Round Neck Regular Tops Daily Print Black Navy Blue Purple Summer,$19.99,Navy Blue,"https://litb-cgis.rightinthebox.com/images/170x226/202503/bps/product/inc/blkvfo1742826007176.jpg,https://litb-cgis.rightinthebox.com/images/170x226/202503/bps/product/inc/mkoduh1742825965853.jpg,https://litb-cgis.rightinthebox.com/images/170x226/202503/bps/product/inc/symfbn1742826008636.jpg,https://litb-cgis.rightinthebox.com/images/170x226/202503/bps/product/inc/gepvjl1742826009658.jpg","['- Featuring a beautiful printed design', '- Eye-catching print adds a stylish touch', '- Stunning print that will make a statement']"
Mother's Day Women's T Shirt Graphic Letter Casual Short Sleeve Round Neck Regular Tops Daily Print Black Navy Blue Purple Summer,$19.99,Purple,"https://litb-cgis.rightinthebox.com/images/170x226/202503/bps/product/inc/blkvfo1742826007176.jpg,https://litb-cgis.rightinthebox.com/images/170x226/202503/bps/product/inc/mkoduh1742825965853.jpg,https://litb-cgis.rightinthebox.com/images/170x226/202503/bps/product/inc/symfbn1742826008636.jpg,https://litb-cgis.rightinthebox.com/images/170x226/202503/bps/product/inc/gepvjl1742826009658.jpg","['- Featuring a beautiful printed design', '- Eye-catching print adds a stylish touch', '- Stunning print that will make a statement']"
Mother's Day Women's T Shirt Floral Graphic Letter Casual Short Sleeve Round Neck Regular Tops Daily Print Pink Purple off-white Summer,$19.99,,"https://litb-cgis.rightinthebox.com/images/170x226/202503/bps/product/inc/kzzmze1742826040525.jpg,https://litb-cgis.rightinthebox.com/images/170x226/202503/bps/product/inc/ngtzmf1742826041596.jpg,https://litb-cgis.rightinthebox.com/images/170x226/202503/bps/product/inc/xmgfgt1742826042652.jpg,https://litb-cgis.rightinthebox.com/images/170x226/202503/bps/product/inc/iafcfm1742826043656.jpg","['- Stunning and eye-catching print design', '- Unique and stylish print that will stand out', '- High-quality and detailed print for a beautiful finish', '- Elevate your style with our exclusive print design']"
Mother's Day Women's T Shirt Floral Graphic Letter Casual Short Sleeve Round Neck Regular Tops Daily Print Pink Purple off-white Summer,$19.99,Purple,"https://litb-cgis.rightinthebox.com/images/170x226/202503/bps/product/inc/kzzmze1742826040525.jpg,https://litb-cgis.rightinthebox.com/images/170x226/202503/bps/product/inc/ngtzmf1742826041596.jpg,https://litb-cgis.rightinthebox.com/images/170x226/202503/bps/product/inc/xmgfgt1742826042652.jpg,https://litb-cgis.rightinthebox.com/images/170x226/202503/bps/product/inc/iafcfm1742826043656.jpg","['- Stunning and eye-catching print design', '- Unique and stylish print that will stand out', '- High-quality and detailed print for a beautiful finish', '- Elevate your style with our exclusive print design']"
Mother's Day Women's T Shirt Floral Graphic Letter Casual Short Sleeve Round Neck Regular Tops Daily Print Pink Purple off-white Summer,$19.99,Pink,"https://litb-cgis.rightinthebox.com/images/170x226/202503/bps/product/inc/kzzmze1742826040525.jpg,https://litb-cgis.rightinthebox.com/images/170x226/202503/bps/product/inc/ngtzmf1742826041596.jpg,https://litb-cgis.rightinthebox.com/images/170x226/202503/bps/product/inc/xmgfgt1742826042652.jpg,https://litb-cgis.rightinthebox.com/images/170x226/202503/bps/product/inc/iafcfm1742826043656.jpg","['- Stunning and eye-catching print design', '- Unique and stylish print that will stand out', '- High-quality and detailed print for a beautiful finish', '- Elevate your style with our exclusive print design']"
Mother's Day Women's T Shirt Heart Graphic Letter Casual Short Sleeve V Neck Regular Tops Daily Weekend Print Black White Wine Summer Spring,$19.99,,"https://litb-cgis.rightinthebox.com/images/170x226/202503/bps/product/inc/kokjik1741950613797.jpg,https://litb-cgis.rightinthebox.com/images/170x226/202503/bps/product/inc/mixxia1741950615737.jpg,https://litb-cgis.rightinthebox.com/images/170x226/202503/bps/product/inc/ehpdmb1741950617784.jpg,https://litb-cgis.rightinthebox.com/images/170x226/202503/bps/product/inc/lyacaa1741950619678.jpg","['- Stunning Print Design', '- Elegant V Neckline']"
Mother's Day Women's T Shirt Heart Graphic Letter Casual Short Sleeve V Neck Regular Tops Daily Weekend Print Black White Wine Summer Spring,$19.99,White,"https://litb-cgis.rightinthebox.com/images/170x226/202503/bps/product/inc/kokjik1741950613797.jpg,https://litb-cgis.rightinthebox.com/images/170x226/202503/bps/product/inc/mixxia1741950615737.jpg,https://litb-cgis.rightinthebox.com/images/170x226/202503/bps/product/inc/ehpdmb1741950617784.jpg,https://litb-cgis.rightinthebox.com/images/170x226/202503/bps/product/inc/lyacaa1741950619678.jpg","['- Stunning Print Design', '- Elegant V Neckline']"
Mother's Day Women's T Shirt Heart Graphic Letter Casual Short Sleeve V Neck Regular Tops Daily Weekend Print Black White Wine Summer Spring,$19.99,Black,"https://litb-cgis.rightinthebox.com/images/170x226/202503/bps/product/inc/kokjik1741950613797.jpg,https://litb-cgis.rightinthebox.com/images/170x226/202503/bps/product/inc/mixxia1741950615737.jpg,https://litb-cgis.rightinthebox.com/images/170x226/202503/bps/product/inc/ehpdmb1741950617784.jpg,https://litb-cgis.rightinthebox.com/images/170x226/202503/bps/product/inc/lyacaa1741950619678.jpg","['- Stunning Print Design', '- Elegant V Neckline']"
Mother's Day Women's Camisole Tank Top Graphic Letter Stylish Casual Sleeveless V Neck Regular Tops Daily Print Black Pink Blue Summer,$17.99,,"https://litb-cgis.rightinthebox.com/images/170x226/202503/bps/product/inc/psayqa1742298585558.jpg,https://litb-cgis.rightinthebox.com/images/170x226/202503/bps/product/inc/atmmpy1742298580419.jpg,https://litb-cgis.rightinthebox.com/images/170x226/202503/bps/product/inc/vsiugt1742298587571.jpg,https://litb-cgis.rightinthebox.com/images/170x226/202503/bps/product/inc/cqoqat1742298588582.jpg","['- Stylish printed design', '- Flattering V neckline']"
Mother's Day Women's Camisole Tank Top Graphic Letter Stylish Casual Sleeveless V Neck Regular Tops Daily Print Black Pink Blue Summer,$17.99,Pink,"https://litb-cgis.rightinthebox.com/images/170x226/202503/bps/product/inc/psayqa1742298585558.jpg,https://litb-cgis.rightinthebox.com/images/170x226/202503/bps/product/inc/atmmpy1742298580419.jpg,https://litb-cgis.rightinthebox.com/images/170x226/202503/bps/product/inc/vsiugt1742298587571.jpg,https://litb-cgis.rightinthebox.com/images/170x226/202503/bps/product/inc/cqoqat1742298588582.jpg","['- Stylish printed design', '- Flattering V neckline']"
Mother's Day Women's Camisole Tank Top Graphic Letter Stylish Casual Sleeveless V Neck Regular Tops Daily Print Black Pink Blue Summer,$17.99,Blue,"https://litb-cgis.rightinthebox.com/images/170x226/202503/bps/product/inc/psayqa1742298585558.jpg,https://litb-cgis.rightinthebox.com/images/170x226/202503/bps/product/inc/atmmpy1742298580419.jpg,https://litb-cgis.rightinthebox.com/images/170x226/202503/bps/product/inc/vsiugt1742298587571.jpg,https://litb-cgis.rightinthebox.com/images/170x226/202503/bps/product/inc/cqoqat1742298588582.jpg","['- Stylish printed design', '- Flattering V neckline']"
Mother's Day Women's T Shirt Graphic Letter Casual Short Sleeve V Neck Regular Tops Daily Weekend Print White Light Green Pink Blue Purple Summer Spring MOM,$19.99,,"https://litb-cgis.rightinthebox.com/images/170x226/202503/bps/product/inc/ssthib1742204057958.jpg,https://litb-cgis.rightinthebox.com/images/170x226/202503/bps/product/inc/bjbkjr1742204059056.jpg,https://litb-cgis.rightinthebox.com/images/170x226/202503/bps/product/inc/zrkyos1742204059884.jpg,https://litb-cgis.rightinthebox.com/images/170x226/202503/bps/product/inc/pwgfhx1742204061452.jpg","['- Stunning print design', '- Flattering V neckline for a chic look']"
Mother's Day Women's T Shirt Graphic Letter Casual Short Sleeve V Neck Regular Tops Daily Weekend Print White Light Green Pink Blue Purple Summer Spring MOM,$19.99,Light Green,"https://litb-cgis.rightinthebox.com/images/170x226/202503/bps/product/inc/ssthib1742204057958.jpg,https://litb-cgis.rightinthebox.com/images/170x226/202503/bps/product/inc/bjbkjr1742204059056.jpg,https://litb-cgis.rightinthebox.com/images/170x226/202503/bps/product/inc/zrkyos1742204059884.jpg,https://litb-cgis.rightinthebox.com/images/170x226/202503/bps/product/inc/pwgfhx1742204061452.jpg","['- Stunning print design', '- Flattering V neckline for a chic look']"
Mother's Day Women's T Shirt Graphic Letter Casual Short Sleeve V Neck Regular Tops Daily Weekend Print White Light Green Pink Blue Purple Summer Spring MOM,$19.99,Blue,"https://litb-cgis.rightinthebox.com/images/170x226/202503/bps/product/inc/ssthib1742204057958.jpg,https://litb-cgis.rightinthebox.com/images/170x226/202503/bps/product/inc/bjbkjr1742204059056.jpg,https://litb-cgis.rightinthebox.com/images/170x226/202503/bps/product/inc/zrkyos1742204059884.jpg,https://litb-cgis.rightinthebox.com/images/170x226/202503/bps/product/inc/pwgfhx1742204061452.jpg","['- Stunning print design', '- Flattering V neckline for a chic look']"
Mother's Day Women's T Shirt Graphic Letter Casual Short Sleeve V Neck Regular Tops Daily Weekend Print White Light Green Pink Blue Purple Summer Spring MOM,$19.99,Pink,"https://litb-cgis.rightinthebox.com/images/170x226/202503/bps/product/inc/ssthib1742204057958.jpg,https://litb-cgis.rightinthebox.com/images/170x226/202503/bps/product/inc/bjbkjr1742204059056.jpg,https://litb-cgis.rightinthebox.com/images/170x226/202503/bps/product/inc/zrkyos1742204059884.jpg,https://litb-cgis.rightinthebox.com/images/170x226/202503/bps/product/inc/pwgfhx1742204061452.jpg","['- Stunning print design', '- Flattering V neckline for a chic look']"
Mother's Day Women's T Shirt Graphic Letter Casual Short Sleeve V Neck Regular Tops Daily Weekend Print White Light Green Pink Blue Purple Summer Spring MOM,$19.99,Purple,"https://litb-cgis.rightinthebox.com/images/170x226/202503/bps/product/inc/ssthib1742204057958.jpg,https://litb-cgis.rightinthebox.com/images/170x226/202503/bps/product/inc/bjbkjr1742204059056.jpg,https://litb-cgis.rightinthebox.com/images/170x226/202503/bps/product/inc/zrkyos1742204059884.jpg,https://litb-cgis.rightinthebox.com/images/170x226/202503/bps/product/inc/pwgfhx1742204061452.jpg","['- Stunning print design', '- Flattering V neckline for a chic look']"
Mother's Day Women's T Shirt Graphic Letter Casual Short Sleeve V Neck Regular Tops Daily Weekend Print White Light Green Pink Blue Purple Summer Spring MOM,$19.99,Gray,"https://litb-cgis.rightinthebox.com/images/170x226/202503/bps/product/inc/ssthib1742204057958.jpg,https://litb-cgis.rightinthebox.com/images/170x226/202503/bps/product/inc/bjbkjr1742204059056.jpg,https://litb-cgis.rightinthebox.com/images/170x226/202503/bps/product/inc/zrkyos1742204059884.jpg,https://litb-cgis.rightinthebox.com/images/170x226/202503/bps/product/inc/pwgfhx1742204061452.jpg","['- Stunning print design', '- Flattering V neckline for a chic look']"
Mother's Day Women's T Shirt Graphic Letter Casual Short Sleeve Round Neck Regular Tops Daily Weekend Print White Pink Blue Purple Summer Spring MAMA,$19.99,,"https://litb-cgis.rightinthebox.com/images/170x226/202503/bps/product/inc/kkdfpz1742204045589.jpg,https://litb-cgis.rightinthebox.com/images/170x226/202503/bps/product/inc/syypiq1742204041815.jpg,https://litb-cgis.rightinthebox.com/images/170x226/202503/bps/product/inc/kzbmkw1742204047481.jpg,https://litb-cgis.rightinthebox.com/images/170x226/202503/bps/product/inc/ljxogp1742204048702.jpg","['- Stunning print design to capture attention', '- Eye-catching visuals for a memorable impression', '- Unique and fashionable design to stand out from the crowd', ""- This product's design is sure to make a statement""]"
Mother's Day Women's T Shirt Graphic Letter Casual Short Sleeve Round Neck Regular Tops Daily Weekend Print White Pink Blue Purple Summer Spring MAMA,$19.99,Pink,"https://litb-cgis.rightinthebox.com/images/170x226/202503/bps/product/inc/kkdfpz1742204045589.jpg,https://litb-cgis.rightinthebox.com/images/170x226/202503/bps/product/inc/syypiq1742204041815.jpg,https://litb-cgis.rightinthebox.com/images/170x226/202503/bps/product/inc/kzbmkw1742204047481.jpg,https://litb-cgis.rightinthebox.com/images/170x226/202503/bps/product/inc/ljxogp1742204048702.jpg","['- Stunning print design to capture attention', '- Eye-catching visuals for a memorable impression', '- Unique and fashionable design to stand out from the crowd', ""- This product's design is sure to make a statement""]"
Mother's Day Women's T Shirt Graphic Letter Casual Short Sleeve Round Neck Regular Tops Daily Weekend Print White Pink Blue Purple Summer Spring MAMA,$19.99,Blue,"https://litb-cgis.rightinthebox.com/images/170x226/202503/bps/product/inc/kkdfpz1742204045589.jpg,https://litb-cgis.rightinthebox.com/images/170x226/202503/bps/product/inc/syypiq1742204041815.jpg,https://litb-cgis.rightinthebox.com/images/170x226/202503/bps/product/inc/kzbmkw1742204047481.jpg,https://litb-cgis.rightinthebox.com/images/170x226/202503/bps/product/inc/ljxogp1742204048702.jpg","['- Stunning print design to capture attention', '- Eye-catching visuals for a memorable impression', '- Unique and fashionable design to stand out from the crowd', ""- This product's design is sure to make a statement""]"
Mother's Day Women's T Shirt Graphic Letter Casual Short Sleeve Round Neck Regular Tops Daily Weekend Print White Pink Blue Purple Summer Spring MAMA,$19.99,Purple,"https://litb-cgis.rightinthebox.com/images/170x226/202503/bps/product/inc/kkdfpz1742204045589.jpg,https://litb-cgis.rightinthebox.com/images/170x226/202503/bps/product/inc/syypiq1742204041815.jpg,https://litb-cgis.rightinthebox.com/images/170x226/202503/bps/product/inc/kzbmkw1742204047481.jpg,https://litb-cgis.rightinthebox.com/images/170x226/202503/bps/product/inc/ljxogp1742204048702.jpg","['- Stunning print design to capture attention', '- Eye-catching visuals for a memorable impression', '- Unique and fashionable design to stand out from the crowd', ""- This product's design is sure to make a statement""]"
Mother's Day Women's T Shirt Cotton Shirt Floral Mom Animal Casual Short Sleeve V Neck Regular Tops Daily Going out Beach Wear Print White Summer,$24.99,,"https://litb-cgis.rightinthebox.com/images/170x226/202503/bps/product/inc/twppqz1741950647072.jpg,https://litb-cgis.rightinthebox.com/images/170x226/202503/bps/product/inc/tnuhud1741950623229.jpg,https://litb-cgis.rightinthebox.com/images/170x226/202503/bps/product/inc/luglfz1741950649916.jpg","['- Stunning print design', '- Elegant V-neck neckline']"
Mother's Day Women's T Shirt Graphic Letter Casual Short Sleeve Crew Neck Round Neck Regular Tops Daily Print Black and gray Summer Mom,$19.99,,"https://litb-cgis.rightinthebox.com/images/170x226/202503/bps/product/inc/fwmoge1743158050249.jpg,https://litb-cgis.rightinthebox.com/images/170x226/202503/bps/product/inc/dlacqh1743158051378.jpg,https://litb-cgis.rightinthebox.com/images/170x226/202503/bps/product/inc/zorznv1743158053784.jpg,https://litb-cgis.rightinthebox.com/images/170x226/202503/bps/product/inc/omhhxd1743158054958.jpg","['- Stylish print design', '- Comfortable crew neckline', '- Eye-catching design for a trendy look']"
Mother's Day Women's T Shirt Floral Graphic Letter Casual Short Sleeve Round Neck Regular Tops Daily Print Pink Sky Blue off-white Summer,$19.99,,"https://litb-cgis.rightinthebox.com/images/170x226/202503/bps/product/inc/rhtpek1742825977339.jpg,https://litb-cgis.rightinthebox.com/images/170x226/202503/bps/product/inc/uwuwjj1742825978457.jpg,https://litb-cgis.rightinthebox.com/images/170x226/202503/bps/product/inc/cgagwy1742825979505.jpg,https://litb-cgis.rightinthebox.com/images/170x226/202503/bps/product/inc/nldhqk1742825980854.jpg","['- Unique and eye-catching print design', '- Stylish and trendy print pattern', '- Adds a touch of personality to your look', '- Stand out from the crowd with our print design', '- Elevate your outfit with our fashionable prints']"
Mother's Day Women's T Shirt Floral Graphic Letter Casual Short Sleeve Round Neck Regular Tops Daily Print Pink Sky Blue off-white Summer,$19.99,off-white,"https://litb-cgis.rightinthebox.com/images/170x226/202503/bps/product/inc/rhtpek1742825977339.jpg,https://litb-cgis.rightinthebox.com/images/170x226/202503/bps/product/inc/uwuwjj1742825978457.jpg,https://litb-cgis.rightinthebox.com/images/170x226/202503/bps/product/inc/cgagwy1742825979505.jpg,https://litb-cgis.rightinthebox.com/images/170x226/202503/bps/product/inc/nldhqk1742825980854.jpg","['- Unique and eye-catching print design', '- Stylish and trendy print pattern', '- Adds a touch of personality to your look', '- Stand out from the crowd with our print design', '- Elevate your outfit with our fashionable prints']"
Mother's Day Women's T Shirt Floral Graphic Letter Casual Short Sleeve Round Neck Regular Tops Daily Print Pink Sky Blue off-white Summer,$19.99,Sky Blue,"https://litb-cgis.rightinthebox.com/images/170x226/202503/bps/product/inc/rhtpek1742825977339.jpg,https://litb-cgis.rightinthebox.com/images/170x226/202503/bps/product/inc/uwuwjj1742825978457.jpg,https://litb-cgis.rightinthebox.com/images/170x226/202503/bps/product/inc/cgagwy1742825979505.jpg,https://litb-cgis.rightinthebox.com/images/170x226/202503/bps/product/inc/nldhqk1742825980854.jpg","['- Unique and eye-catching print design', '- Stylish and trendy print pattern', '- Adds a touch of personality to your look', '- Stand out from the crowd with our print design', '- Elevate your outfit with our fashionable prints']"
